[2026-08-27 15:50:17] codecanyon.ERROR: Failed to dispatch LeadAgentAssigned event: View [text] not found. (View: /Users/macbook/Downloads/BrandZo_ERP_Mini_Software 3/resources/views/mail/email.blade.php)  
[2026-08-27 15:50:17] codecanyon.ERROR: Lead deletion error: SQLSTATE[42S22]: Column not found: 1054 Unknown column 'lead_id' in 'SET' (Connection: mysql, SQL: update `deals` set `lead_contact_id` = ?, `lead_id` = ? where `id` = 38)  
[2026-08-27 15:50:51] codecanyon.ERROR: Failed to dispatch LeadAgentAssigned event: View [text] not found. (View: /Users/macbook/Downloads/BrandZo_ERP_Mini_Software 3/resources/views/mail/email.blade.php)  
[2026-08-27 15:50:51] codecanyon.ERROR: Lead deletion error: SQLSTATE[42S22]: Column not found: 1054 Unknown column 'lead_id' in 'SET' (Connection: mysql, SQL: update `deals` set `lead_contact_id` = ?, `lead_id` = ? where `id` = 39)  
[2026-08-27 15:51:10] codecanyon.ERROR: Failed to dispatch LeadAgentAssigned event: View [text] not found. (View: /Users/macbook/Downloads/BrandZo_ERP_Mini_Software 3/resources/views/mail/email.blade.php)  
[2026-08-27 15:51:10] codecanyon.ERROR: Lead deletion error: SQLSTATE[42S22]: Column not found: 1054 Unknown column 'lead_id' in 'SET' (Connection: mysql, SQL: update `deals` set `lead_contact_id` = ?, `lead_id` = ? where `id` = 40)  
[2026-08-27 15:56:28] codecanyon.ERROR: Failed to dispatch LeadAgentAssigned event: View [text] not found. (View: /Users/macbook/Downloads/BrandZo_ERP_Mini_Software 3/resources/views/mail/email.blade.php)  
[2026-08-27 16:37:07] codecanyon.ERROR: PHP Parse error: Syntax error, unexpected '=' on line 2 {"exception":"[object] (Psy\\Exception\\ParseErrorException(code: 0): PHP Parse error: Syntax error, unexpected '=' on line 2 at /Users/macbook/Downloads/BrandZo_ERP_Mini_Software 3/vendor/psy/psysh/src/Exception/ParseErrorException.php:44)
[stacktrace]
#0 /Users/macbook/Downloads/BrandZo_ERP_Mini_Software 3/vendor/psy/psysh/src/CodeCleaner.php(306): Psy\\Exception\\ParseErrorException::fromParseError(Object(PhpParser\\Error))
#1 /Users/macbook/Downloads/BrandZo_ERP_Mini_Software 3/vendor/psy/psysh/src/CodeCleaner.php(240): Psy\\CodeCleaner->parse('<?php \\n = App\\\\M...', false)
#2 /Users/macbook/Downloads/BrandZo_ERP_Mini_Software 3/vendor/psy/psysh/src/Shell.php(852): Psy\\CodeCleaner->clean(Array, false)
#3 /Users/macbook/Downloads/BrandZo_ERP_Mini_Software 3/vendor/psy/psysh/src/Shell.php(881): Psy\\Shell->addCode('\\n = App\\\\Models\\\\...', true)
#4 /Users/macbook/Downloads/BrandZo_ERP_Mini_Software 3/vendor/psy/psysh/src/Shell.php(1390): Psy\\Shell->setCode('\\n = App\\\\Models\\\\...', true)
#5 /Users/macbook/Downloads/BrandZo_ERP_Mini_Software 3/vendor/laravel/tinker/src/Console/TinkerCommand.php(76): Psy\\Shell->execute('\\n = App\\\\Models\\\\...')
#6 /Users/macbook/Downloads/BrandZo_ERP_Mini_Software 3/vendor/laravel/framework/src/Illuminate/Container/BoundMethod.php(36): Laravel\\Tinker\\Console\\TinkerCommand->handle()
#7 /Users/macbook/Downloads/BrandZo_ERP_Mini_Software 3/vendor/laravel/framework/src/Illuminate/Container/Util.php(41): Illuminate\\Container\\BoundMethod::{closure:Illuminate\\Container\\BoundMethod::call():35}()
#8 /Users/macbook/Downloads/BrandZo_ERP_Mini_Software 3/vendor/laravel/framework/src/Illuminate/Container/BoundMethod.php(93): Illuminate\\Container\\Util::unwrapIfClosure(Object(Closure))
#9 /Users/macbook/Downloads/BrandZo_ERP_Mini_Software 3/vendor/laravel/framework/src/Illuminate/Container/BoundMethod.php(35): Illuminate\\Container\\BoundMethod::callBoundMethod(Object(Illuminate\\Foundation\\Application), Array, Object(Closure))
#10 /Users/macbook/Downloads/BrandZo_ERP_Mini_Software 3/vendor/laravel/framework/src/Illuminate/Container/Container.php(662): Illuminate\\Container\\BoundMethod::call(Object(Illuminate\\Foundation\\Application), Array, Array, NULL)
#11 /Users/macbook/Downloads/BrandZo_ERP_Mini_Software 3/vendor/laravel/framework/src/Illuminate/Console/Command.php(211): Illuminate\\Container\\Container->call(Array)
#12 /Users/macbook/Downloads/BrandZo_ERP_Mini_Software 3/vendor/symfony/console/Command/Command.php(326): Illuminate\\Console\\Command->execute(Object(Symfony\\Component\\Console\\Input\\ArgvInput), Object(Illuminate\\Console\\OutputStyle))
#13 /Users/macbook/Downloads/BrandZo_ERP_Mini_Software 3/vendor/laravel/framework/src/Illuminate/Console/Command.php(180): Symfony\\Component\\Console\\Command\\Command->run(Object(Symfony\\Component\\Console\\Input\\ArgvInput), Object(Illuminate\\Console\\OutputStyle))
#14 /Users/macbook/Downloads/BrandZo_ERP_Mini_Software 3/vendor/symfony/console/Application.php(1096): Illuminate\\Console\\Command->run(Object(Symfony\\Component\\Console\\Input\\ArgvInput), Object(Symfony\\Component\\Console\\Output\\ConsoleOutput))
#15 /Users/macbook/Downloads/BrandZo_ERP_Mini_Software 3/vendor/symfony/console/Application.php(324): Symfony\\Component\\Console\\Application->doRunCommand(Object(Laravel\\Tinker\\Console\\TinkerCommand), Object(Symfony\\Component\\Console\\Input\\ArgvInput), Object(Symfony\\Component\\Console\\Output\\ConsoleOutput))
#16 /Users/macbook/Downloads/BrandZo_ERP_Mini_Software 3/vendor/symfony/console/Application.php(175): Symfony\\Component\\Console\\Application->doRun(Object(Symfony\\Component\\Console\\Input\\ArgvInput), Object(Symfony\\Component\\Console\\Output\\ConsoleOutput))
#17 /Users/macbook/Downloads/BrandZo_ERP_Mini_Software 3/vendor/laravel/framework/src/Illuminate/Foundation/Console/Kernel.php(201): Symfony\\Component\\Console\\Application->run(Object(Symfony\\Component\\Console\\Input\\ArgvInput), Object(Symfony\\Component\\Console\\Output\\ConsoleOutput))
#18 /Users/macbook/Downloads/BrandZo_ERP_Mini_Software 3/artisan(35): Illuminate\\Foundation\\Console\\Kernel->handle(Object(Symfony\\Component\\Console\\Input\\ArgvInput), Object(Symfony\\Component\\Console\\Output\\ConsoleOutput))
#19 {main}
"} 
[2026-08-27 16:39:46] codecanyon.DEBUG: Trailing data  
[2026-08-27 16:42:05] codecanyon.DEBUG: View [text] not found. (View: /Users/macbook/Downloads/BrandZo_ERP_Mini_Software 3/resources/views/mail/email.blade.php)  
[2026-08-27 16:42:29] codecanyon.DEBUG: View [text] not found. (View: /Users/macbook/Downloads/BrandZo_ERP_Mini_Software 3/resources/views/mail/email.blade.php)  
[2026-08-27 16:48:41] codecanyon.DEBUG: From: BranZo Techno Solution <company@email.com>
Reply-To: BranZo Techno Solution <company@email.com>
To: mani@gmail.com
Subject: Welcome to BranZo Techno Solution.
MIME-Version: 1.0
Date: Thu, 27 Aug 2026 16:48:41 +0000
Message-ID: <9b588f9ec828824d11e8d194b2350fa6@email.com>
Content-Type: multipart/alternative; boundary=iAq58RHv

--iAq58RHv
Content-Type: text/plain; charset=utf-8
Content-Transfer-Encoding: quoted-printable

BranZo Techno Solution: http://branzo.worksuite-saas.test

# Hello mani!

Congratulations! Your account has been created successfully. You can login now and start using our service.Email: mani@gmail.comPassword: A,B,ert.1

    Login to Dashboard: http://branzo.worksuite-saas.test:8000/login

Regards,
BranZo Techno Solution

© 2026 BranZo Techno Solution. All rights reserved.

--iAq58RHv
Content-Type: text/html; charset=utf-8
Content-Transfer-Encoding: quoted-printable

<!DOCTYPE html PUBLIC "-//W3C//DTD XHTML 1.0 Transitional//EN" "http://www.w3.org/TR/xhtml1/DTD/xhtml1-transitional.dtd">
<html xmlns="http://www.w3.org/1999/xhtml">
<head>
<title>BranZo Techno Solution</title>
<meta name="viewport" content="width=device-width, initial-scale=1.0">
<meta http-equiv="Content-Type" content="text/html; charset=UTF-8">
<meta name="color-scheme" content="light">
<meta name="supported-color-schemes" content="light">
<style>
@media only screen and (max-width: 600px) {
.inner-body {
width: 100% !important;
}

.footer {
width: 100% !important;
}
}

@media only screen and (max-width: 500px) {
.button {
width: 100% !important;
}
}
</style>
</head>
<body style="box-sizing: border-box; font-family: -apple-system, BlinkMacSystemFont, 'Segoe UI', Roboto, Helvetica, Arial, sans-serif, 'Apple Color Emoji', 'Segoe UI Emoji', 'Segoe UI Symbol'; position: relative; -webkit-text-size-adjust: none; background-color: #ffffff; color: #718096; height: 100%; line-height: 1.4; margin: 0; padding: 0; width: 100% !important;">

<table class="wrapper" width="100%" cellpadding="0" cellspacing="0" role="presentation" style="box-sizing: border-box; font-family: -apple-system, BlinkMacSystemFont, 'Segoe UI', Roboto, Helvetica, Arial, sans-serif, 'Apple Color Emoji', 'Segoe UI Emoji', 'Segoe UI Symbol'; position: relative; -premailer-cellpadding: 0; -premailer-cellspacing: 0; -premailer-width: 100%; background-color: #edf2f7; margin: 0; padding: 0; width: 100%;">
<tr>
<td align="center" style="box-sizing: border-box; font-family: -apple-system, BlinkMacSystemFont, 'Segoe UI', Roboto, Helvetica, Arial, sans-serif, 'Apple Color Emoji', 'Segoe UI Emoji', 'Segoe UI Symbol'; position: relative;">
<table class="content" width="100%" cellpadding="0" cellspacing="0" role="presentation" style="box-sizing: border-box; font-family: -apple-system, BlinkMacSystemFont, 'Segoe UI', Roboto, Helvetica, Arial, sans-serif, 'Apple Color Emoji', 'Segoe UI Emoji', 'Segoe UI Symbol'; position: relative; -premailer-cellpadding: 0; -premailer-cellspacing: 0; -premailer-width: 100%; margin: 0; padding: 0; width: 100%;">
<tr>
<td class="header" style="box-sizing: border-box; font-family: -apple-system, BlinkMacSystemFont, 'Segoe UI', Roboto, Helvetica, Arial, sans-serif, 'Apple Color Emoji', 'Segoe UI Emoji', 'Segoe UI Symbol'; position: relative; padding: 25px 0; text-align: center;">
<a href="http://branzo.worksuite-saas.test" style="box-sizing: border-box; font-family: -apple-system, BlinkMacSystemFont, 'Segoe UI', Roboto, Helvetica, Arial, sans-serif, 'Apple Color Emoji', 'Segoe UI Emoji', 'Segoe UI Symbol'; position: relative; color: #3d4852; font-size: 19px; font-weight: bold; text-decoration: none; display: inline-block;">
BranZo Techno Solution
</a>
</td>
</tr>

<!-- Email Body -->
<tr>
<td class="body" width="100%" cellpadding="0" cellspacing="0" style="box-sizing: border-box; font-family: -apple-system, BlinkMacSystemFont, 'Segoe UI', Roboto, Helvetica, Arial, sans-serif, 'Apple Color Emoji', 'Segoe UI Emoji', 'Segoe UI Symbol'; position: relative; -premailer-cellpadding: 0; -premailer-cellspacing: 0; -premailer-width: 100%; background-color: #edf2f7; border-bottom: 1px solid #edf2f7; border-top: 1px solid #edf2f7; margin: 0; padding: 0; width: 100%; border: hidden !important;">
<table class="inner-body" align="center" width="570" cellpadding="0" cellspacing="0" role="presentation" style="box-sizing: border-box; font-family: -apple-system, BlinkMacSystemFont, 'Segoe UI', Roboto, Helvetica, Arial, sans-serif, 'Apple Color Emoji', 'Segoe UI Emoji', 'Segoe UI Symbol'; position: relative; -premailer-cellpadding: 0; -premailer-cellspacing: 0; -premailer-width: 570px; background-color: #ffffff; border-color: #e8e5ef; border-radius: 2px; border-width: 1px; box-shadow: 0 2px 0 rgba(0, 0, 150, 0.025), 2px 4px 0 rgba(0, 0, 150, 0.015); margin: 0 auto; padding: 0; width: 570px;">
<!-- Body content -->
<tr>
<td class="content-cell" style="box-sizing: border-box; font-family: -apple-system, BlinkMacSystemFont, 'Segoe UI', Roboto, Helvetica, Arial, sans-serif, 'Apple Color Emoji', 'Segoe UI Emoji', 'Segoe UI Symbol'; position: relative; max-width: 100vw; padding: 32px;">
<h1 style="box-sizing: border-box; font-family: -apple-system, BlinkMacSystemFont, 'Segoe UI', Roboto, Helvetica, Arial, sans-serif, 'Apple Color Emoji', 'Segoe UI Emoji', 'Segoe UI Symbol'; position: relative; color: #3d4852; font-size: 18px; font-weight: bold; margin-top: 0; text-align: left;">Hello mani!</h1>
<p style="box-sizing: border-box; font-family: -apple-system, BlinkMacSystemFont, 'Segoe UI', Roboto, Helvetica, Arial, sans-serif, 'Apple Color Emoji', 'Segoe UI Emoji', 'Segoe UI Symbol'; position: relative; font-size: 16px; line-height: 1.5em; margin-top: 0; text-align: left;">Congratulations! Your account has been created successfully. You can login now and start using our service.<br><br>Email: <b style="box-sizing: border-box; font-family: -apple-system, BlinkMacSystemFont, 'Segoe UI', Roboto, Helvetica, Arial, sans-serif, 'Apple Color Emoji', 'Segoe UI Emoji', 'Segoe UI Symbol'; position: relative;">mani@gmail.com</b><br>Password: <b style="box-sizing: border-box; font-family: -apple-system, BlinkMacSystemFont, 'Segoe UI', Roboto, Helvetica, Arial, sans-serif, 'Apple Color Emoji', 'Segoe UI Emoji', 'Segoe UI Symbol'; position: relative;">A,B,ert.1</b></p>
<pre style="box-sizing: border-box; font-family: -apple-system, BlinkMacSystemFont, 'Segoe UI', Roboto, Helvetica, Arial, sans-serif, 'Apple Color Emoji', 'Segoe UI Emoji', 'Segoe UI Symbol'; position: relative;"><code>&lt;table class="action" align="center" width="100%" cellpadding="0" cellspacing="0" role="presentation"&gt;
</code></pre>
</td>
</tr>
<tr>
<td align="center" style="box-sizing: border-box; font-family: -apple-system, BlinkMacSystemFont, 'Segoe UI', Roboto, Helvetica, Arial, sans-serif, 'Apple Color Emoji', 'Segoe UI Emoji', 'Segoe UI Symbol'; position: relative;">
<table width="100%" border="0" cellpadding="0" cellspacing="0" role="presentation" style="box-sizing: border-box; font-family: -apple-system, BlinkMacSystemFont, 'Segoe UI', Roboto, Helvetica, Arial, sans-serif, 'Apple Color Emoji', 'Segoe UI Emoji', 'Segoe UI Symbol'; position: relative;">
<tr>
<td align="center" style="box-sizing: border-box; font-family: -apple-system, BlinkMacSystemFont, 'Segoe UI', Roboto, Helvetica, Arial, sans-serif, 'Apple Color Emoji', 'Segoe UI Emoji', 'Segoe UI Symbol'; position: relative;">
<table border="0" cellpadding="0" cellspacing="0" role="presentation" style="box-sizing: border-box; font-family: -apple-system, BlinkMacSystemFont, 'Segoe UI', Roboto, Helvetica, Arial, sans-serif, 'Apple Color Emoji', 'Segoe UI Emoji', 'Segoe UI Symbol'; position: relative;">
<tr>
<td style="box-sizing: border-box; font-family: -apple-system, BlinkMacSystemFont, 'Segoe UI', Roboto, Helvetica, Arial, sans-serif, 'Apple Color Emoji', 'Segoe UI Emoji', 'Segoe UI Symbol'; position: relative;">
<a href="http://branzo.worksuite-saas.test:8000/login" class="button button-primary" target="_blank" rel="noopener" style="box-sizing: border-box; font-family: -apple-system, BlinkMacSystemFont, 'Segoe UI', Roboto, Helvetica, Arial, sans-serif, 'Apple Color Emoji', 'Segoe UI Emoji', 'Segoe UI Symbol'; position: relative; -webkit-text-size-adjust: none; border-radius: 4px; color: #fff; display: inline-block; overflow: hidden; text-decoration: none; background-color: #2d3748; border-bottom: 8px solid #2d3748; border-left: 18px solid #2d3748; border-right: 18px solid #2d3748; border-top: 8px solid #2d3748;">Login to Dashboard</a>
</td>
</tr>
</table>
</td>
</tr>
</table>
</td>
</tr>
</table>
<p style="box-sizing: border-box; font-family: -apple-system, BlinkMacSystemFont, 'Segoe UI', Roboto, Helvetica, Arial, sans-serif, 'Apple Color Emoji', 'Segoe UI Emoji', 'Segoe UI Symbol'; position: relative; font-size: 16px; line-height: 1.5em; margin-top: 0; text-align: left;">Regards,<br>
BranZo Techno Solution</p>



</td>
</tr>
</table>
</td>
</tr>

<tr>
<td style="box-sizing: border-box; font-family: -apple-system, BlinkMacSystemFont, 'Segoe UI', Roboto, Helvetica, Arial, sans-serif, 'Apple Color Emoji', 'Segoe UI Emoji', 'Segoe UI Symbol'; position: relative;">
<table class="footer" align="center" width="570" cellpadding="0" cellspacing="0" role="presentation" style="box-sizing: border-box; font-family: -apple-system, BlinkMacSystemFont, 'Segoe UI', Roboto, Helvetica, Arial, sans-serif, 'Apple Color Emoji', 'Segoe UI Emoji', 'Segoe UI Symbol'; position: relative; -premailer-cellpadding: 0; -premailer-cellspacing: 0; -premailer-width: 570px; margin: 0 auto; padding: 0; text-align: center; width: 570px;">
<tr>
<td class="content-cell" align="center" style="box-sizing: border-box; font-family: -apple-system, BlinkMacSystemFont, 'Segoe UI', Roboto, Helvetica, Arial, sans-serif, 'Apple Color Emoji', 'Segoe UI Emoji', 'Segoe UI Symbol'; position: relative; max-width: 100vw; padding: 32px;">
<p style="box-sizing: border-box; font-family: -apple-system, BlinkMacSystemFont, 'Segoe UI', Roboto, Helvetica, Arial, sans-serif, 'Apple Color Emoji', 'Segoe UI Emoji', 'Segoe UI Symbol'; position: relative; line-height: 1.5em; margin-top: 0; color: #b0adc5; font-size: 12px; text-align: center;">© 2026 BranZo Techno Solution. All rights reserved.</p>

</td>
</tr>
</table>
</td>
</tr>
</table>



</body>
</html>
--iAq58RHv--
  
[2026-08-27 17:04:34] codecanyon.ERROR: SQLSTATE[HY000]: General error: 1005 Can't create temporary table for ALTER TABLE `u579956562_branzo`.`offer_letters` (errno: 150 "Foreign key constraint is incorrectly formed") (Connection: mysql, SQL: alter table `offer_letters` add constraint `offer_letters_company_id_foreign` foreign key (`company_id`) references `companies` (`id`) on delete cascade on update cascade) {"exception":"[object] (Illuminate\\Database\\QueryException(code: HY000): SQLSTATE[HY000]: General error: 1005 Can't create temporary table for ALTER TABLE `u579956562_branzo`.`offer_letters` (errno: 150 \"Foreign key constraint is incorrectly formed\") (Connection: mysql, SQL: alter table `offer_letters` add constraint `offer_letters_company_id_foreign` foreign key (`company_id`) references `companies` (`id`) on delete cascade on update cascade) at /Users/macbook/Downloads/BrandZo_ERP_Mini_Software 3/vendor/laravel/framework/src/Illuminate/Database/Connection.php:829)
[stacktrace]
#0 /Users/macbook/Downloads/BrandZo_ERP_Mini_Software 3/vendor/laravel/framework/src/Illuminate/Database/Connection.php(783): Illuminate\\Database\\Connection->runQueryCallback('alter table `of...', Array, Object(Closure))
#1 /Users/macbook/Downloads/BrandZo_ERP_Mini_Software 3/vendor/laravel/framework/src/Illuminate/Database/Connection.php(576): Illuminate\\Database\\Connection->run('alter table `of...', Array, Object(Closure))
#2 /Users/macbook/Downloads/BrandZo_ERP_Mini_Software 3/vendor/laravel/framework/src/Illuminate/Database/Schema/Blueprint.php(110): Illuminate\\Database\\Connection->statement('alter table `of...')
#3 /Users/macbook/Downloads/BrandZo_ERP_Mini_Software 3/vendor/laravel/framework/src/Illuminate/Database/Schema/Builder.php(602): Illuminate\\Database\\Schema\\Blueprint->build(Object(Illuminate\\Database\\MySqlConnection), Object(Illuminate\\Database\\Schema\\Grammars\\MySqlGrammar))
#4 /Users/macbook/Downloads/BrandZo_ERP_Mini_Software 3/vendor/laravel/framework/src/Illuminate/Database/Schema/Builder.php(456): Illuminate\\Database\\Schema\\Builder->build(Object(Illuminate\\Database\\Schema\\Blueprint))
#5 /Users/macbook/Downloads/BrandZo_ERP_Mini_Software 3/vendor/laravel/framework/src/Illuminate/Support/Facades/Facade.php(355): Illuminate\\Database\\Schema\\Builder->create('offer_letters', Object(Closure))
#6 /Users/macbook/Downloads/BrandZo_ERP_Mini_Software 3/database/migrations/2026_08_27_000000_create_offer_letters_table.php(12): Illuminate\\Support\\Facades\\Facade::__callStatic('create', Array)
#7 /Users/macbook/Downloads/BrandZo_ERP_Mini_Software 3/vendor/laravel/framework/src/Illuminate/Database/Migrations/Migrator.php(501): Illuminate\\Database\\Migrations\\Migration@anonymous->up()
#8 /Users/macbook/Downloads/BrandZo_ERP_Mini_Software 3/vendor/laravel/framework/src/Illuminate/Database/Migrations/Migrator.php(418): Illuminate\\Database\\Migrations\\Migrator->runMethod(Object(Illuminate\\Database\\MySqlConnection), Object(Illuminate\\Database\\Migrations\\Migration@anonymous), 'up')
#9 /Users/macbook/Downloads/BrandZo_ERP_Mini_Software 3/vendor/laravel/framework/src/Illuminate/Database/Migrations/Migrator.php(427): Illuminate\\Database\\Migrations\\Migrator->{closure:Illuminate\\Database\\Migrations\\Migrator::runMigration():414}()
#10 /Users/macbook/Downloads/BrandZo_ERP_Mini_Software 3/vendor/laravel/framework/src/Illuminate/Database/Migrations/Migrator.php(224): Illuminate\\Database\\Migrations\\Migrator->runMigration(Object(Illuminate\\Database\\Migrations\\Migration@anonymous), 'up')
#11 /Users/macbook/Downloads/BrandZo_ERP_Mini_Software 3/vendor/laravel/framework/src/Illuminate/Console/View/Components/Task.php(37): Illuminate\\Database\\Migrations\\Migrator->{closure:Illuminate\\Database\\Migrations\\Migrator::runUp():224}()
#12 /Users/macbook/Downloads/BrandZo_ERP_Mini_Software 3/vendor/laravel/framework/src/Illuminate/Database/Migrations/Migrator.php(783): Illuminate\\Console\\View\\Components\\Task->render('2026_08_27_0000...', Object(Closure))
#13 /Users/macbook/Downloads/BrandZo_ERP_Mini_Software 3/vendor/laravel/framework/src/Illuminate/Database/Migrations/Migrator.php(224): Illuminate\\Database\\Migrations\\Migrator->write('Illuminate\\\\Cons...', '2026_08_27_0000...', Object(Closure))
#14 /Users/macbook/Downloads/BrandZo_ERP_Mini_Software 3/vendor/laravel/framework/src/Illuminate/Database/Migrations/Migrator.php(189): Illuminate\\Database\\Migrations\\Migrator->runUp('/Users/macbook/...', 170, false)
#15 /Users/macbook/Downloads/BrandZo_ERP_Mini_Software 3/vendor/laravel/framework/src/Illuminate/Database/Migrations/Migrator.php(132): Illuminate\\Database\\Migrations\\Migrator->runPending(Array, Array)
#16 /Users/macbook/Downloads/BrandZo_ERP_Mini_Software 3/vendor/laravel/framework/src/Illuminate/Database/Console/Migrations/MigrateCommand.php(90): Illuminate\\Database\\Migrations\\Migrator->run(Array, Array)
#17 /Users/macbook/Downloads/BrandZo_ERP_Mini_Software 3/vendor/laravel/framework/src/Illuminate/Database/Migrations/Migrator.php(641): Illuminate\\Database\\Console\\Migrations\\MigrateCommand->{closure:Illuminate\\Database\\Console\\Migrations\\MigrateCommand::handle():83}()
#18 /Users/macbook/Downloads/BrandZo_ERP_Mini_Software 3/vendor/laravel/framework/src/Illuminate/Database/Console/Migrations/MigrateCommand.php(83): Illuminate\\Database\\Migrations\\Migrator->usingConnection(NULL, Object(Closure))
#19 /Users/macbook/Downloads/BrandZo_ERP_Mini_Software 3/vendor/laravel/framework/src/Illuminate/Container/BoundMethod.php(36): Illuminate\\Database\\Console\\Migrations\\MigrateCommand->handle()
#20 /Users/macbook/Downloads/BrandZo_ERP_Mini_Software 3/vendor/laravel/framework/src/Illuminate/Container/Util.php(41): Illuminate\\Container\\BoundMethod::{closure:Illuminate\\Container\\BoundMethod::call():35}()
#21 /Users/macbook/Downloads/BrandZo_ERP_Mini_Software 3/vendor/laravel/framework/src/Illuminate/Container/BoundMethod.php(93): Illuminate\\Container\\Util::unwrapIfClosure(Object(Closure))
#22 /Users/macbook/Downloads/BrandZo_ERP_Mini_Software 3/vendor/laravel/framework/src/Illuminate/Container/BoundMethod.php(35): Illuminate\\Container\\BoundMethod::callBoundMethod(Object(Illuminate\\Foundation\\Application), Array, Object(Closure))
#23 /Users/macbook/Downloads/BrandZo_ERP_Mini_Software 3/vendor/laravel/framework/src/Illuminate/Container/Container.php(662): Illuminate\\Container\\BoundMethod::call(Object(Illuminate\\Foundation\\Application), Array, Array, NULL)
#24 /Users/macbook/Downloads/BrandZo_ERP_Mini_Software 3/vendor/laravel/framework/src/Illuminate/Console/Command.php(211): Illuminate\\Container\\Container->call(Array)
#25 /Users/macbook/Downloads/BrandZo_ERP_Mini_Software 3/vendor/symfony/console/Command/Command.php(326): Illuminate\\Console\\Command->execute(Object(Symfony\\Component\\Console\\Input\\ArgvInput), Object(Illuminate\\Console\\OutputStyle))
#26 /Users/macbook/Downloads/BrandZo_ERP_Mini_Software 3/vendor/laravel/framework/src/Illuminate/Console/Command.php(180): Symfony\\Component\\Console\\Command\\Command->run(Object(Symfony\\Component\\Console\\Input\\ArgvInput), Object(Illuminate\\Console\\OutputStyle))
#27 /Users/macbook/Downloads/BrandZo_ERP_Mini_Software 3/vendor/symfony/console/Application.php(1096): Illuminate\\Console\\Command->run(Object(Symfony\\Component\\Console\\Input\\ArgvInput), Object(Symfony\\Component\\Console\\Output\\ConsoleOutput))
#28 /Users/macbook/Downloads/BrandZo_ERP_Mini_Software 3/vendor/symfony/console/Application.php(324): Symfony\\Component\\Console\\Application->doRunCommand(Object(Illuminate\\Database\\Console\\Migrations\\MigrateCommand), Object(Symfony\\Component\\Console\\Input\\ArgvInput), Object(Symfony\\Component\\Console\\Output\\ConsoleOutput))
#29 /Users/macbook/Downloads/BrandZo_ERP_Mini_Software 3/vendor/symfony/console/Application.php(175): Symfony\\Component\\Console\\Application->doRun(Object(Symfony\\Component\\Console\\Input\\ArgvInput), Object(Symfony\\Component\\Console\\Output\\ConsoleOutput))
#30 /Users/macbook/Downloads/BrandZo_ERP_Mini_Software 3/vendor/laravel/framework/src/Illuminate/Foundation/Console/Kernel.php(201): Symfony\\Component\\Console\\Application->run(Object(Symfony\\Component\\Console\\Input\\ArgvInput), Object(Symfony\\Component\\Console\\Output\\ConsoleOutput))
#31 /Users/macbook/Downloads/BrandZo_ERP_Mini_Software 3/artisan(35): Illuminate\\Foundation\\Console\\Kernel->handle(Object(Symfony\\Component\\Console\\Input\\ArgvInput), Object(Symfony\\Component\\Console\\Output\\ConsoleOutput))
#32 {main}

[previous exception] [object] (PDOException(code: HY000): SQLSTATE[HY000]: General error: 1005 Can't create temporary table for ALTER TABLE `u579956562_branzo`.`offer_letters` (errno: 150 \"Foreign key constraint is incorrectly formed\") at /Users/macbook/Downloads/BrandZo_ERP_Mini_Software 3/vendor/laravel/framework/src/Illuminate/Database/Connection.php:587)
[stacktrace]
#0 /Users/macbook/Downloads/BrandZo_ERP_Mini_Software 3/vendor/laravel/framework/src/Illuminate/Database/Connection.php(587): PDOStatement->execute()
#1 /Users/macbook/Downloads/BrandZo_ERP_Mini_Software 3/vendor/laravel/framework/src/Illuminate/Database/Connection.php(816): Illuminate\\Database\\Connection->{closure:Illuminate\\Database\\Connection::statement():576}('alter table `of...', Array)
#2 /Users/macbook/Downloads/BrandZo_ERP_Mini_Software 3/vendor/laravel/framework/src/Illuminate/Database/Connection.php(783): Illuminate\\Database\\Connection->runQueryCallback('alter table `of...', Array, Object(Closure))
#3 /Users/macbook/Downloads/BrandZo_ERP_Mini_Software 3/vendor/laravel/framework/src/Illuminate/Database/Connection.php(576): Illuminate\\Database\\Connection->run('alter table `of...', Array, Object(Closure))
#4 /Users/macbook/Downloads/BrandZo_ERP_Mini_Software 3/vendor/laravel/framework/src/Illuminate/Database/Schema/Blueprint.php(110): Illuminate\\Database\\Connection->statement('alter table `of...')
#5 /Users/macbook/Downloads/BrandZo_ERP_Mini_Software 3/vendor/laravel/framework/src/Illuminate/Database/Schema/Builder.php(602): Illuminate\\Database\\Schema\\Blueprint->build(Object(Illuminate\\Database\\MySqlConnection), Object(Illuminate\\Database\\Schema\\Grammars\\MySqlGrammar))
#6 /Users/macbook/Downloads/BrandZo_ERP_Mini_Software 3/vendor/laravel/framework/src/Illuminate/Database/Schema/Builder.php(456): Illuminate\\Database\\Schema\\Builder->build(Object(Illuminate\\Database\\Schema\\Blueprint))
#7 /Users/macbook/Downloads/BrandZo_ERP_Mini_Software 3/vendor/laravel/framework/src/Illuminate/Support/Facades/Facade.php(355): Illuminate\\Database\\Schema\\Builder->create('offer_letters', Object(Closure))
#8 /Users/macbook/Downloads/BrandZo_ERP_Mini_Software 3/database/migrations/2026_08_27_000000_create_offer_letters_table.php(12): Illuminate\\Support\\Facades\\Facade::__callStatic('create', Array)
#9 /Users/macbook/Downloads/BrandZo_ERP_Mini_Software 3/vendor/laravel/framework/src/Illuminate/Database/Migrations/Migrator.php(501): Illuminate\\Database\\Migrations\\Migration@anonymous->up()
#10 /Users/macbook/Downloads/BrandZo_ERP_Mini_Software 3/vendor/laravel/framework/src/Illuminate/Database/Migrations/Migrator.php(418): Illuminate\\Database\\Migrations\\Migrator->runMethod(Object(Illuminate\\Database\\MySqlConnection), Object(Illuminate\\Database\\Migrations\\Migration@anonymous), 'up')
#11 /Users/macbook/Downloads/BrandZo_ERP_Mini_Software 3/vendor/laravel/framework/src/Illuminate/Database/Migrations/Migrator.php(427): Illuminate\\Database\\Migrations\\Migrator->{closure:Illuminate\\Database\\Migrations\\Migrator::runMigration():414}()
#12 /Users/macbook/Downloads/BrandZo_ERP_Mini_Software 3/vendor/laravel/framework/src/Illuminate/Database/Migrations/Migrator.php(224): Illuminate\\Database\\Migrations\\Migrator->runMigration(Object(Illuminate\\Database\\Migrations\\Migration@anonymous), 'up')
#13 /Users/macbook/Downloads/BrandZo_ERP_Mini_Software 3/vendor/laravel/framework/src/Illuminate/Console/View/Components/Task.php(37): Illuminate\\Database\\Migrations\\Migrator->{closure:Illuminate\\Database\\Migrations\\Migrator::runUp():224}()
#14 /Users/macbook/Downloads/BrandZo_ERP_Mini_Software 3/vendor/laravel/framework/src/Illuminate/Database/Migrations/Migrator.php(783): Illuminate\\Console\\View\\Components\\Task->render('2026_08_27_0000...', Object(Closure))
#15 /Users/macbook/Downloads/BrandZo_ERP_Mini_Software 3/vendor/laravel/framework/src/Illuminate/Database/Migrations/Migrator.php(224): Illuminate\\Database\\Migrations\\Migrator->write('Illuminate\\\\Cons...', '2026_08_27_0000...', Object(Closure))
#16 /Users/macbook/Downloads/BrandZo_ERP_Mini_Software 3/vendor/laravel/framework/src/Illuminate/Database/Migrations/Migrator.php(189): Illuminate\\Database\\Migrations\\Migrator->runUp('/Users/macbook/...', 170, false)
#17 /Users/macbook/Downloads/BrandZo_ERP_Mini_Software 3/vendor/laravel/framework/src/Illuminate/Database/Migrations/Migrator.php(132): Illuminate\\Database\\Migrations\\Migrator->runPending(Array, Array)
#18 /Users/macbook/Downloads/BrandZo_ERP_Mini_Software 3/vendor/laravel/framework/src/Illuminate/Database/Console/Migrations/MigrateCommand.php(90): Illuminate\\Database\\Migrations\\Migrator->run(Array, Array)
#19 /Users/macbook/Downloads/BrandZo_ERP_Mini_Software 3/vendor/laravel/framework/src/Illuminate/Database/Migrations/Migrator.php(641): Illuminate\\Database\\Console\\Migrations\\MigrateCommand->{closure:Illuminate\\Database\\Console\\Migrations\\MigrateCommand::handle():83}()
#20 /Users/macbook/Downloads/BrandZo_ERP_Mini_Software 3/vendor/laravel/framework/src/Illuminate/Database/Console/Migrations/MigrateCommand.php(83): Illuminate\\Database\\Migrations\\Migrator->usingConnection(NULL, Object(Closure))
#21 /Users/macbook/Downloads/BrandZo_ERP_Mini_Software 3/vendor/laravel/framework/src/Illuminate/Container/BoundMethod.php(36): Illuminate\\Database\\Console\\Migrations\\MigrateCommand->handle()
#22 /Users/macbook/Downloads/BrandZo_ERP_Mini_Software 3/vendor/laravel/framework/src/Illuminate/Container/Util.php(41): Illuminate\\Container\\BoundMethod::{closure:Illuminate\\Container\\BoundMethod::call():35}()
#23 /Users/macbook/Downloads/BrandZo_ERP_Mini_Software 3/vendor/laravel/framework/src/Illuminate/Container/BoundMethod.php(93): Illuminate\\Container\\Util::unwrapIfClosure(Object(Closure))
#24 /Users/macbook/Downloads/BrandZo_ERP_Mini_Software 3/vendor/laravel/framework/src/Illuminate/Container/BoundMethod.php(35): Illuminate\\Container\\BoundMethod::callBoundMethod(Object(Illuminate\\Foundation\\Application), Array, Object(Closure))
#25 /Users/macbook/Downloads/BrandZo_ERP_Mini_Software 3/vendor/laravel/framework/src/Illuminate/Container/Container.php(662): Illuminate\\Container\\BoundMethod::call(Object(Illuminate\\Foundation\\Application), Array, Array, NULL)
#26 /Users/macbook/Downloads/BrandZo_ERP_Mini_Software 3/vendor/laravel/framework/src/Illuminate/Console/Command.php(211): Illuminate\\Container\\Container->call(Array)
#27 /Users/macbook/Downloads/BrandZo_ERP_Mini_Software 3/vendor/symfony/console/Command/Command.php(326): Illuminate\\Console\\Command->execute(Object(Symfony\\Component\\Console\\Input\\ArgvInput), Object(Illuminate\\Console\\OutputStyle))
#28 /Users/macbook/Downloads/BrandZo_ERP_Mini_Software 3/vendor/laravel/framework/src/Illuminate/Console/Command.php(180): Symfony\\Component\\Console\\Command\\Command->run(Object(Symfony\\Component\\Console\\Input\\ArgvInput), Object(Illuminate\\Console\\OutputStyle))
#29 /Users/macbook/Downloads/BrandZo_ERP_Mini_Software 3/vendor/symfony/console/Application.php(1096): Illuminate\\Console\\Command->run(Object(Symfony\\Component\\Console\\Input\\ArgvInput), Object(Symfony\\Component\\Console\\Output\\ConsoleOutput))
#30 /Users/macbook/Downloads/BrandZo_ERP_Mini_Software 3/vendor/symfony/console/Application.php(324): Symfony\\Component\\Console\\Application->doRunCommand(Object(Illuminate\\Database\\Console\\Migrations\\MigrateCommand), Object(Symfony\\Component\\Console\\Input\\ArgvInput), Object(Symfony\\Component\\Console\\Output\\ConsoleOutput))
#31 /Users/macbook/Downloads/BrandZo_ERP_Mini_Software 3/vendor/symfony/console/Application.php(175): Symfony\\Component\\Console\\Application->doRun(Object(Symfony\\Component\\Console\\Input\\ArgvInput), Object(Symfony\\Component\\Console\\Output\\ConsoleOutput))
#32 /Users/macbook/Downloads/BrandZo_ERP_Mini_Software 3/vendor/laravel/framework/src/Illuminate/Foundation/Console/Kernel.php(201): Symfony\\Component\\Console\\Application->run(Object(Symfony\\Component\\Console\\Input\\ArgvInput), Object(Symfony\\Component\\Console\\Output\\ConsoleOutput))
#33 /Users/macbook/Downloads/BrandZo_ERP_Mini_Software 3/artisan(35): Illuminate\\Foundation\\Console\\Kernel->handle(Object(Symfony\\Component\\Console\\Input\\ArgvInput), Object(Symfony\\Component\\Console\\Output\\ConsoleOutput))
#34 {main}
"} 
[2026-08-27 17:29:56] codecanyon.ERROR: Undefined array key "/Users/macbook/Downloads/BrandZo_ERP_Mini_Software 3/vendor/dompdf/dompdf/lib/fonts/Helvetica-Oblique" {"userId":1,"exception":"[object] (ErrorException(code: 0): Undefined array key \"/Users/macbook/Downloads/BrandZo_ERP_Mini_Software 3/vendor/dompdf/dompdf/lib/fonts/Helvetica-Oblique\" at /Users/macbook/Downloads/BrandZo_ERP_Mini_Software 3/vendor/dompdf/dompdf/src/Renderer/Text.php:96)
[stacktrace]
#0 /Users/macbook/Downloads/BrandZo_ERP_Mini_Software 3/vendor/laravel/framework/src/Illuminate/Foundation/Bootstrap/HandleExceptions.php(255): Illuminate\\Foundation\\Bootstrap\\HandleExceptions->handleError(2, 'Undefined array...', '/Users/macbook/...', 96)
#1 /Users/macbook/Downloads/BrandZo_ERP_Mini_Software 3/vendor/dompdf/dompdf/src/Renderer/Text.php(96): Illuminate\\Foundation\\Bootstrap\\HandleExceptions->{closure:Illuminate\\Foundation\\Bootstrap\\HandleExceptions::forwardsTo():254}(2, 'Undefined array...', '/Users/macbook/...', 96)
#2 /Users/macbook/Downloads/BrandZo_ERP_Mini_Software 3/vendor/dompdf/dompdf/src/Renderer.php(305): Dompdf\\Renderer\\Text->render(Object(Dompdf\\FrameDecorator\\Text))
#3 /Users/macbook/Downloads/BrandZo_ERP_Mini_Software 3/vendor/dompdf/dompdf/src/Renderer.php(115): Dompdf\\Renderer->_render_frame('text', Object(Dompdf\\FrameDecorator\\Text))
#4 /Users/macbook/Downloads/BrandZo_ERP_Mini_Software 3/vendor/dompdf/dompdf/src/Renderer.php(207): Dompdf\\Renderer->render(Object(Dompdf\\FrameDecorator\\Text))
#5 /Users/macbook/Downloads/BrandZo_ERP_Mini_Software 3/vendor/dompdf/dompdf/src/Renderer.php(207): Dompdf\\Renderer->render(Object(Dompdf\\FrameDecorator\\Block))
#6 /Users/macbook/Downloads/BrandZo_ERP_Mini_Software 3/vendor/dompdf/dompdf/src/Renderer.php(207): Dompdf\\Renderer->render(Object(Dompdf\\FrameDecorator\\Block))
#7 /Users/macbook/Downloads/BrandZo_ERP_Mini_Software 3/vendor/dompdf/dompdf/src/FrameReflower/Page.php(149): Dompdf\\Renderer->render(Object(Dompdf\\FrameDecorator\\Block))
#8 /Users/macbook/Downloads/BrandZo_ERP_Mini_Software 3/vendor/dompdf/dompdf/src/FrameDecorator/AbstractFrameDecorator.php(905): Dompdf\\FrameReflower\\Page->reflow(NULL)
#9 /Users/macbook/Downloads/BrandZo_ERP_Mini_Software 3/vendor/dompdf/dompdf/src/Dompdf.php(808): Dompdf\\FrameDecorator\\AbstractFrameDecorator->reflow()
#10 /Users/macbook/Downloads/BrandZo_ERP_Mini_Software 3/vendor/barryvdh/laravel-dompdf/src/PDF.php(221): Dompdf\\Dompdf->render()
#11 /Users/macbook/Downloads/BrandZo_ERP_Mini_Software 3/vendor/barryvdh/laravel-dompdf/src/PDF.php(170): Barryvdh\\DomPDF\\PDF->render()
#12 /Users/macbook/Downloads/BrandZo_ERP_Mini_Software 3/vendor/barryvdh/laravel-dompdf/src/PDF.php(196): Barryvdh\\DomPDF\\PDF->output()
#13 /Users/macbook/Downloads/BrandZo_ERP_Mini_Software 3/Modules/Letter/Http/Controllers/LetterController.php(215): Barryvdh\\DomPDF\\PDF->download('Offer Letter - ...')
#14 /Users/macbook/Downloads/BrandZo_ERP_Mini_Software 3/vendor/laravel/framework/src/Illuminate/Routing/Controller.php(54): Modules\\Letter\\Http\\Controllers\\LetterController->downloadOfferPdf('2')
#15 /Users/macbook/Downloads/BrandZo_ERP_Mini_Software 3/vendor/laravel/framework/src/Illuminate/Routing/ControllerDispatcher.php(43): Illuminate\\Routing\\Controller->callAction('downloadOfferPd...', Array)
#16 /Users/macbook/Downloads/BrandZo_ERP_Mini_Software 3/vendor/laravel/framework/src/Illuminate/Routing/Route.php(259): Illuminate\\Routing\\ControllerDispatcher->dispatch(Object(Illuminate\\Routing\\Route), Object(Modules\\Letter\\Http\\Controllers\\LetterController), 'downloadOfferPd...')
#17 /Users/macbook/Downloads/BrandZo_ERP_Mini_Software 3/vendor/laravel/framework/src/Illuminate/Routing/Route.php(205): Illuminate\\Routing\\Route->runController()
#18 /Users/macbook/Downloads/BrandZo_ERP_Mini_Software 3/vendor/laravel/framework/src/Illuminate/Routing/Router.php(806): Illuminate\\Routing\\Route->run()
#19 /Users/macbook/Downloads/BrandZo_ERP_Mini_Software 3/vendor/laravel/framework/src/Illuminate/Pipeline/Pipeline.php(144): Illuminate\\Routing\\Router->{closure:Illuminate\\Routing\\Router::runRouteWithinStack():805}(Object(Illuminate\\Http\\Request))
#20 /Users/macbook/Downloads/BrandZo_ERP_Mini_Software 3/Modules/Letter/Http/Controllers/LetterController.php(30): Illuminate\\Pipeline\\Pipeline->{closure:Illuminate\\Pipeline\\Pipeline::prepareDestination():142}(Object(Illuminate\\Http\\Request))
#21 /Users/macbook/Downloads/BrandZo_ERP_Mini_Software 3/vendor/laravel/framework/src/Illuminate/Pipeline/Pipeline.php(165): Modules\\Letter\\Http\\Controllers\\LetterController->{closure:Modules\\Letter\\Http\\Controllers\\LetterController::__construct():27}(Object(Illuminate\\Http\\Request), Object(Closure))
#22 /Users/macbook/Downloads/BrandZo_ERP_Mini_Software 3/app/Http/Controllers/AccountBaseController.php(40): Illuminate\\Pipeline\\Pipeline->{closure:{closure:Illuminate\\Pipeline\\Pipeline::carry():158}:159}(Object(Illuminate\\Http\\Request))
#23 /Users/macbook/Downloads/BrandZo_ERP_Mini_Software 3/vendor/laravel/framework/src/Illuminate/Pipeline/Pipeline.php(165): App\\Http\\Controllers\\AccountBaseController->{closure:App\\Http\\Controllers\\AccountBaseController::__construct():32}(Object(Illuminate\\Http\\Request), Object(Closure))
#24 /Users/macbook/Downloads/BrandZo_ERP_Mini_Software 3/app/Http/Controllers/Controller.php(90): Illuminate\\Pipeline\\Pipeline->{closure:{closure:Illuminate\\Pipeline\\Pipeline::carry():158}:159}(Object(Illuminate\\Http\\Request))
#25 /Users/macbook/Downloads/BrandZo_ERP_Mini_Software 3/vendor/laravel/framework/src/Illuminate/Pipeline/Pipeline.php(165): App\\Http\\Controllers\\Controller->{closure:App\\Http\\Controllers\\Controller::__construct():54}(Object(Illuminate\\Http\\Request), Object(Closure))
#26 /Users/macbook/Downloads/BrandZo_ERP_Mini_Software 3/Modules/CyberSecurity/Http/Middleware/LoginExpiryMiddleware.php(27): Illuminate\\Pipeline\\Pipeline->{closure:{closure:Illuminate\\Pipeline\\Pipeline::carry():158}:159}(Object(Illuminate\\Http\\Request))
#27 /Users/macbook/Downloads/BrandZo_ERP_Mini_Software 3/vendor/laravel/framework/src/Illuminate/Pipeline/Pipeline.php(183): Modules\\CyberSecurity\\Http\\Middleware\\LoginExpiryMiddleware->handle(Object(Illuminate\\Http\\Request), Object(Closure))
#28 /Users/macbook/Downloads/BrandZo_ERP_Mini_Software 3/Modules/CyberSecurity/Http/Middleware/BlackListEmailMiddleware.php(28): Illuminate\\Pipeline\\Pipeline->{closure:{closure:Illuminate\\Pipeline\\Pipeline::carry():158}:159}(Object(Illuminate\\Http\\Request))
#29 /Users/macbook/Downloads/BrandZo_ERP_Mini_Software 3/vendor/laravel/framework/src/Illuminate/Pipeline/Pipeline.php(183): Modules\\CyberSecurity\\Http\\Middleware\\BlackListEmailMiddleware->handle(Object(Illuminate\\Http\\Request), Object(Closure))
#30 /Users/macbook/Downloads/BrandZo_ERP_Mini_Software 3/Modules/CyberSecurity/Http/Middleware/BlackListIpMiddleware.php(22): Illuminate\\Pipeline\\Pipeline->{closure:{closure:Illuminate\\Pipeline\\Pipeline::carry():158}:159}(Object(Illuminate\\Http\\Request))
#31 /Users/macbook/Downloads/BrandZo_ERP_Mini_Software 3/vendor/laravel/framework/src/Illuminate/Pipeline/Pipeline.php(183): Modules\\CyberSecurity\\Http\\Middleware\\BlackListIpMiddleware->handle(Object(Illuminate\\Http\\Request), Object(Closure))
#32 /Users/macbook/Downloads/BrandZo_ERP_Mini_Software 3/Modules/CyberSecurity/Http/Middleware/CyberSecurityMiddleware.php(94): Illuminate\\Pipeline\\Pipeline->{closure:{closure:Illuminate\\Pipeline\\Pipeline::carry():158}:159}(Object(Illuminate\\Http\\Request))
#33 /Users/macbook/Downloads/BrandZo_ERP_Mini_Software 3/vendor/laravel/framework/src/Illuminate/Pipeline/Pipeline.php(183): Modules\\CyberSecurity\\Http\\Middleware\\CyberSecurityMiddleware->handle(Object(Illuminate\\Http\\Request), Object(Closure))
#34 /Users/macbook/Downloads/BrandZo_ERP_Mini_Software 3/vendor/barryvdh/laravel-debugbar/src/Middleware/InjectDebugbar.php(59): Illuminate\\Pipeline\\Pipeline->{closure:{closure:Illuminate\\Pipeline\\Pipeline::carry():158}:159}(Object(Illuminate\\Http\\Request))
#35 /Users/macbook/Downloads/BrandZo_ERP_Mini_Software 3/vendor/laravel/framework/src/Illuminate/Pipeline/Pipeline.php(183): Barryvdh\\Debugbar\\Middleware\\InjectDebugbar->handle(Object(Illuminate\\Http\\Request), Object(Closure))
#36 /Users/macbook/Downloads/BrandZo_ERP_Mini_Software 3/vendor/laravel/framework/src/Illuminate/Routing/Middleware/SubstituteBindings.php(50): Illuminate\\Pipeline\\Pipeline->{closure:{closure:Illuminate\\Pipeline\\Pipeline::carry():158}:159}(Object(Illuminate\\Http\\Request))
#37 /Users/macbook/Downloads/BrandZo_ERP_Mini_Software 3/vendor/laravel/framework/src/Illuminate/Pipeline/Pipeline.php(183): Illuminate\\Routing\\Middleware\\SubstituteBindings->handle(Object(Illuminate\\Http\\Request), Object(Closure))
#38 /Users/macbook/Downloads/BrandZo_ERP_Mini_Software 3/app/Http/Middleware/Authenticate.php(79): Illuminate\\Pipeline\\Pipeline->{closure:{closure:Illuminate\\Pipeline\\Pipeline::carry():158}:159}(Object(Illuminate\\Http\\Request))
#39 /Users/macbook/Downloads/BrandZo_ERP_Mini_Software 3/vendor/laravel/framework/src/Illuminate/Pipeline/Pipeline.php(183): App\\Http\\Middleware\\Authenticate->handle(Object(Illuminate\\Http\\Request), Object(Closure))
#40 /Users/macbook/Downloads/BrandZo_ERP_Mini_Software 3/vendor/laravel/framework/src/Illuminate/Foundation/Http/Middleware/VerifyCsrfToken.php(78): Illuminate\\Pipeline\\Pipeline->{closure:{closure:Illuminate\\Pipeline\\Pipeline::carry():158}:159}(Object(Illuminate\\Http\\Request))
#41 /Users/macbook/Downloads/BrandZo_ERP_Mini_Software 3/vendor/laravel/framework/src/Illuminate/Pipeline/Pipeline.php(183): Illuminate\\Foundation\\Http\\Middleware\\VerifyCsrfToken->handle(Object(Illuminate\\Http\\Request), Object(Closure))
#42 /Users/macbook/Downloads/BrandZo_ERP_Mini_Software 3/vendor/laravel/framework/src/Illuminate/View/Middleware/ShareErrorsFromSession.php(49): Illuminate\\Pipeline\\Pipeline->{closure:{closure:Illuminate\\Pipeline\\Pipeline::carry():158}:159}(Object(Illuminate\\Http\\Request))
#43 /Users/macbook/Downloads/BrandZo_ERP_Mini_Software 3/vendor/laravel/framework/src/Illuminate/Pipeline/Pipeline.php(183): Illuminate\\View\\Middleware\\ShareErrorsFromSession->handle(Object(Illuminate\\Http\\Request), Object(Closure))
#44 /Users/macbook/Downloads/BrandZo_ERP_Mini_Software 3/vendor/laravel/framework/src/Illuminate/Session/Middleware/StartSession.php(121): Illuminate\\Pipeline\\Pipeline->{closure:{closure:Illuminate\\Pipeline\\Pipeline::carry():158}:159}(Object(Illuminate\\Http\\Request))
#45 /Users/macbook/Downloads/BrandZo_ERP_Mini_Software 3/vendor/laravel/framework/src/Illuminate/Session/Middleware/StartSession.php(64): Illuminate\\Session\\Middleware\\StartSession->handleStatefulRequest(Object(Illuminate\\Http\\Request), Object(Illuminate\\Session\\Store), Object(Closure))
#46 /Users/macbook/Downloads/BrandZo_ERP_Mini_Software 3/vendor/laravel/framework/src/Illuminate/Pipeline/Pipeline.php(183): Illuminate\\Session\\Middleware\\StartSession->handle(Object(Illuminate\\Http\\Request), Object(Closure))
#47 /Users/macbook/Downloads/BrandZo_ERP_Mini_Software 3/vendor/laravel/framework/src/Illuminate/Cookie/Middleware/AddQueuedCookiesToResponse.php(37): Illuminate\\Pipeline\\Pipeline->{closure:{closure:Illuminate\\Pipeline\\Pipeline::carry():158}:159}(Object(Illuminate\\Http\\Request))
#48 /Users/macbook/Downloads/BrandZo_ERP_Mini_Software 3/vendor/laravel/framework/src/Illuminate/Pipeline/Pipeline.php(183): Illuminate\\Cookie\\Middleware\\AddQueuedCookiesToResponse->handle(Object(Illuminate\\Http\\Request), Object(Closure))
#49 /Users/macbook/Downloads/BrandZo_ERP_Mini_Software 3/vendor/laravel/framework/src/Illuminate/Cookie/Middleware/EncryptCookies.php(67): Illuminate\\Pipeline\\Pipeline->{closure:{closure:Illuminate\\Pipeline\\Pipeline::carry():158}:159}(Object(Illuminate\\Http\\Request))
#50 /Users/macbook/Downloads/BrandZo_ERP_Mini_Software 3/vendor/laravel/framework/src/Illuminate/Pipeline/Pipeline.php(183): Illuminate\\Cookie\\Middleware\\EncryptCookies->handle(Object(Illuminate\\Http\\Request), Object(Closure))
#51 /Users/macbook/Downloads/BrandZo_ERP_Mini_Software 3/vendor/laravel/framework/src/Illuminate/Pipeline/Pipeline.php(119): Illuminate\\Pipeline\\Pipeline->{closure:{closure:Illuminate\\Pipeline\\Pipeline::carry():158}:159}(Object(Illuminate\\Http\\Request))
#52 /Users/macbook/Downloads/BrandZo_ERP_Mini_Software 3/vendor/laravel/framework/src/Illuminate/Routing/Router.php(805): Illuminate\\Pipeline\\Pipeline->then(Object(Closure))
#53 /Users/macbook/Downloads/BrandZo_ERP_Mini_Software 3/vendor/laravel/framework/src/Illuminate/Routing/Router.php(784): Illuminate\\Routing\\Router->runRouteWithinStack(Object(Illuminate\\Routing\\Route), Object(Illuminate\\Http\\Request))
#54 /Users/macbook/Downloads/BrandZo_ERP_Mini_Software 3/vendor/laravel/framework/src/Illuminate/Routing/Router.php(748): Illuminate\\Routing\\Router->runRoute(Object(Illuminate\\Http\\Request), Object(Illuminate\\Routing\\Route))
#55 /Users/macbook/Downloads/BrandZo_ERP_Mini_Software 3/vendor/laravel/framework/src/Illuminate/Routing/Router.php(737): Illuminate\\Routing\\Router->dispatchToRoute(Object(Illuminate\\Http\\Request))
#56 /Users/macbook/Downloads/BrandZo_ERP_Mini_Software 3/vendor/laravel/framework/src/Illuminate/Foundation/Http/Kernel.php(200): Illuminate\\Routing\\Router->dispatch(Object(Illuminate\\Http\\Request))
#57 /Users/macbook/Downloads/BrandZo_ERP_Mini_Software 3/vendor/laravel/framework/src/Illuminate/Pipeline/Pipeline.php(144): Illuminate\\Foundation\\Http\\Kernel->{closure:Illuminate\\Foundation\\Http\\Kernel::dispatchToRouter():197}(Object(Illuminate\\Http\\Request))
#58 /Users/macbook/Downloads/BrandZo_ERP_Mini_Software 3/vendor/barryvdh/laravel-debugbar/src/Middleware/InjectDebugbar.php(59): Illuminate\\Pipeline\\Pipeline->{closure:Illuminate\\Pipeline\\Pipeline::prepareDestination():142}(Object(Illuminate\\Http\\Request))
#59 /Users/macbook/Downloads/BrandZo_ERP_Mini_Software 3/vendor/laravel/framework/src/Illuminate/Pipeline/Pipeline.php(183): Barryvdh\\Debugbar\\Middleware\\InjectDebugbar->handle(Object(Illuminate\\Http\\Request), Object(Closure))
#60 /Users/macbook/Downloads/BrandZo_ERP_Mini_Software 3/vendor/laravel/framework/src/Illuminate/Http/Middleware/HandleCors.php(49): Illuminate\\Pipeline\\Pipeline->{closure:{closure:Illuminate\\Pipeline\\Pipeline::carry():158}:159}(Object(Illuminate\\Http\\Request))
#61 /Users/macbook/Downloads/BrandZo_ERP_Mini_Software 3/vendor/laravel/framework/src/Illuminate/Pipeline/Pipeline.php(183): Illuminate\\Http\\Middleware\\HandleCors->handle(Object(Illuminate\\Http\\Request), Object(Closure))
#62 /Users/macbook/Downloads/BrandZo_ERP_Mini_Software 3/vendor/froiden/envato/src/Middleware/XSS.php(21): Illuminate\\Pipeline\\Pipeline->{closure:{closure:Illuminate\\Pipeline\\Pipeline::carry():158}:159}(Object(Illuminate\\Http\\Request))
#63 /Users/macbook/Downloads/BrandZo_ERP_Mini_Software 3/vendor/laravel/framework/src/Illuminate/Pipeline/Pipeline.php(183): Froiden\\Envato\\Middleware\\XSS->handle(Object(Illuminate\\Http\\Request), Object(Closure))
#64 /Users/macbook/Downloads/BrandZo_ERP_Mini_Software 3/vendor/laravel/framework/src/Illuminate/Foundation/Http/Middleware/TransformsRequest.php(21): Illuminate\\Pipeline\\Pipeline->{closure:{closure:Illuminate\\Pipeline\\Pipeline::carry():158}:159}(Object(Illuminate\\Http\\Request))
#65 /Users/macbook/Downloads/BrandZo_ERP_Mini_Software 3/vendor/laravel/framework/src/Illuminate/Foundation/Http/Middleware/ConvertEmptyStringsToNull.php(31): Illuminate\\Foundation\\Http\\Middleware\\TransformsRequest->handle(Object(Illuminate\\Http\\Request), Object(Closure))
#66 /Users/macbook/Downloads/BrandZo_ERP_Mini_Software 3/vendor/laravel/framework/src/Illuminate/Pipeline/Pipeline.php(183): Illuminate\\Foundation\\Http\\Middleware\\ConvertEmptyStringsToNull->handle(Object(Illuminate\\Http\\Request), Object(Closure))
#67 /Users/macbook/Downloads/BrandZo_ERP_Mini_Software 3/vendor/laravel/framework/src/Illuminate/Foundation/Http/Middleware/TransformsRequest.php(21): Illuminate\\Pipeline\\Pipeline->{closure:{closure:Illuminate\\Pipeline\\Pipeline::carry():158}:159}(Object(Illuminate\\Http\\Request))
#68 /Users/macbook/Downloads/BrandZo_ERP_Mini_Software 3/vendor/laravel/framework/src/Illuminate/Foundation/Http/Middleware/TrimStrings.php(40): Illuminate\\Foundation\\Http\\Middleware\\TransformsRequest->handle(Object(Illuminate\\Http\\Request), Object(Closure))
#69 /Users/macbook/Downloads/BrandZo_ERP_Mini_Software 3/vendor/laravel/framework/src/Illuminate/Pipeline/Pipeline.php(183): Illuminate\\Foundation\\Http\\Middleware\\TrimStrings->handle(Object(Illuminate\\Http\\Request), Object(Closure))
#70 /Users/macbook/Downloads/BrandZo_ERP_Mini_Software 3/vendor/laravel/framework/src/Illuminate/Foundation/Http/Middleware/ValidatePostSize.php(27): Illuminate\\Pipeline\\Pipeline->{closure:{closure:Illuminate\\Pipeline\\Pipeline::carry():158}:159}(Object(Illuminate\\Http\\Request))
#71 /Users/macbook/Downloads/BrandZo_ERP_Mini_Software 3/vendor/laravel/framework/src/Illuminate/Pipeline/Pipeline.php(183): Illuminate\\Foundation\\Http\\Middleware\\ValidatePostSize->handle(Object(Illuminate\\Http\\Request), Object(Closure))
#72 /Users/macbook/Downloads/BrandZo_ERP_Mini_Software 3/vendor/laravel/framework/src/Illuminate/Foundation/Http/Middleware/PreventRequestsDuringMaintenance.php(99): Illuminate\\Pipeline\\Pipeline->{closure:{closure:Illuminate\\Pipeline\\Pipeline::carry():158}:159}(Object(Illuminate\\Http\\Request))
#73 /Users/macbook/Downloads/BrandZo_ERP_Mini_Software 3/vendor/laravel/framework/src/Illuminate/Pipeline/Pipeline.php(183): Illuminate\\Foundation\\Http\\Middleware\\PreventRequestsDuringMaintenance->handle(Object(Illuminate\\Http\\Request), Object(Closure))
#74 /Users/macbook/Downloads/BrandZo_ERP_Mini_Software 3/vendor/laravel/framework/src/Illuminate/Http/Middleware/TrustProxies.php(39): Illuminate\\Pipeline\\Pipeline->{closure:{closure:Illuminate\\Pipeline\\Pipeline::carry():158}:159}(Object(Illuminate\\Http\\Request))
#75 /Users/macbook/Downloads/BrandZo_ERP_Mini_Software 3/vendor/laravel/framework/src/Illuminate/Pipeline/Pipeline.php(183): Illuminate\\Http\\Middleware\\TrustProxies->handle(Object(Illuminate\\Http\\Request), Object(Closure))
#76 /Users/macbook/Downloads/BrandZo_ERP_Mini_Software 3/vendor/laravel/framework/src/Illuminate/Pipeline/Pipeline.php(119): Illuminate\\Pipeline\\Pipeline->{closure:{closure:Illuminate\\Pipeline\\Pipeline::carry():158}:159}(Object(Illuminate\\Http\\Request))
#77 /Users/macbook/Downloads/BrandZo_ERP_Mini_Software 3/vendor/laravel/framework/src/Illuminate/Foundation/Http/Kernel.php(175): Illuminate\\Pipeline\\Pipeline->then(Object(Closure))
#78 /Users/macbook/Downloads/BrandZo_ERP_Mini_Software 3/vendor/laravel/framework/src/Illuminate/Foundation/Http/Kernel.php(144): Illuminate\\Foundation\\Http\\Kernel->sendRequestThroughRouter(Object(Illuminate\\Http\\Request))
#79 /Users/macbook/Downloads/BrandZo_ERP_Mini_Software 3/public/index.php(63): Illuminate\\Foundation\\Http\\Kernel->handle(Object(Illuminate\\Http\\Request))
#80 /Users/macbook/Downloads/BrandZo_ERP_Mini_Software 3/server.php(21): require_once('/Users/macbook/...')
#81 {main}
"} 
[2026-08-27 18:07:27] codecanyon.DEBUG: From: BranZo Techno Solution <company@email.com>
Reply-To: BranZo Techno Solution <company@email.com>
To: mani@gmail.com
Subject: Schedule Update: Your Shifts have been Assigned
MIME-Version: 1.0
Date: Thu, 27 Aug 2026 18:07:27 +0000
Message-ID: <b95e5134b0b17e0ea6dc2816e8a68ffb@email.com>
Content-Type: multipart/alternative; boundary=86HOxGeM

--86HOxGeM
Content-Type: text/plain; charset=utf-8
Content-Transfer-Encoding: quoted-printable

BranZo Techno Solution: http://127.0.0.1:8000

# Schedule Update: Your Shifts have been Assigned
| Date         | Employee Shift  |
|:------------- | --------:|
| 27-08-2026 (Thursday)      | Night Shift      |
| 28-08-2026 (Friday)      | Night Shift      |
| 29-08-2026 (Saturday)      | Night Shift      |
| 30-08-2026 (Sunday)      | Night Shift      |
| 31-08-2026 (Monday)      | Night Shift      |
| 01-09-2026 (Tuesday)      | Night Shift      |
| 02-09-2026 (Wednesday)      | Night Shift      |
| 03-09-2026 (Thursday)      | Night Shift      |
| 04-09-2026 (Friday)      | Night Shift      |
| 05-09-2026 (Saturday)      | Night Shift      |
| 06-09-2026 (Sunday)      | Night Shift      |
| 07-09-2026 (Monday)      | Night Shift      |
| 08-09-2026 (Tuesday)      | Night Shift      |
| 09-09-2026 (Wednesday)      | Night Shift      |
| 10-09-2026 (Thursday)      | Night Shift      |
| 11-09-2026 (Friday)      | Night Shift      |
| 12-09-2026 (Saturday)      | Night Shift      |
| 13-09-2026 (Sunday)      | Night Shift      |
| 14-09-2026 (Monday)      | Night Shift      |
| 15-09-2026 (Tuesday)      | Night Shift      |
| 16-09-2026 (Wednesday)      | Night Shift      |
| 17-09-2026 (Thursday)      | Night Shift      |
| 18-09-2026 (Friday)      | Night Shift      |
| 19-09-2026 (Saturday)      | Night Shift      |
| 20-09-2026 (Sunday)      | Night Shift      |
| 21-09-2026 (Monday)      | Night Shift      |
| 22-09-2026 (Tuesday)      | Night Shift      |
| 23-09-2026 (Wednesday)      | Night Shift      |
| 24-09-2026 (Thursday)      | Night Shift      |
| 25-09-2026 (Friday)      | Night Shift      |
| 26-09-2026 (Saturday)      | Night Shift      |
| 27-09-2026 (Sunday)      | Night Shift      |
| 28-09-2026 (Monday)      | Night Shift      |
| 29-09-2026 (Tuesday)      | Night Shift      |
| 30-09-2026 (Wednesday)      | Night Shift      |
| 01-10-2026 (Thursday)      | Night Shift      |
| 02-10-2026 (Friday)      | Night Shift      |
| 03-10-2026 (Saturday)      | Night Shift      |
| 04-10-2026 (Sunday)      | Night Shift      |
| 05-10-2026 (Monday)      | Night Shift      |
| 06-10-2026 (Tuesday)      | Night Shift      |
| 07-10-2026 (Wednesday)      | Night Shift      |
| 08-10-2026 (Thursday)      | Night Shift      |
| 09-10-2026 (Friday)      | Night Shift      |
| 10-10-2026 (Saturday)      | Night Shift      |
| 11-10-2026 (Sunday)      | Night Shift      |
| 12-10-2026 (Monday)      | Night Shift      |
| 13-10-2026 (Tuesday)      | Night Shift      |
| 14-10-2026 (Wednesday)      | Night Shift      |
| 15-10-2026 (Thursday)      | Night Shift      |
| 16-10-2026 (Friday)      | Night Shift      |
| 17-10-2026 (Saturday)      | Night Shift      |
| 18-10-2026 (Sunday)      | Night Shift      |
| 19-10-2026 (Monday)      | Night Shift      |
| 20-10-2026 (Tuesday)      | Night Shift      |
| 21-10-2026 (Wednesday)      | Night Shift      |
| 22-10-2026 (Thursday)      | Night Shift      |
| 23-10-2026 (Friday)      | Night Shift      |
| 24-10-2026 (Saturday)      | Night Shift      |
| 25-10-2026 (Sunday)      | Night Shift      |
| 26-10-2026 (Monday)      | Night Shift      |
| 27-10-2026 (Tuesday)      | Night Shift      |
| 28-10-2026 (Wednesday)      | Night Shift      |
| 29-10-2026 (Thursday)      | Night Shift      |
| 30-10-2026 (Friday)      | Night Shift      |
| 31-10-2026 (Saturday)      | Night Shift      |
| 01-11-2026 (Sunday)      | Night Shift      |
| 02-11-2026 (Monday)      | Night Shift      |
| 03-11-2026 (Tuesday)      | Night Shift      |
| 04-11-2026 (Wednesday)      | Night Shift      |
| 05-11-2026 (Thursday)      | Night Shift      |
| 06-11-2026 (Friday)      | Night Shift      |
| 07-11-2026 (Saturday)      | Night Shift      |
| 08-11-2026 (Sunday)      | Night Shift      |
| 09-11-2026 (Monday)      | Night Shift      |
| 10-11-2026 (Tuesday)      | Night Shift      |
| 11-11-2026 (Wednesday)      | Night Shift      |
| 12-11-2026 (Thursday)      | Night Shift      |
| 13-11-2026 (Friday)      | Night Shift      |
| 14-11-2026 (Saturday)      | Night Shift      |
| 15-11-2026 (Sunday)      | Night Shift      |
| 16-11-2026 (Monday)      | Night Shift      |
| 17-11-2026 (Tuesday)      | Night Shift      |
| 18-11-2026 (Wednesday)      | Night Shift      |
| 19-11-2026 (Thursday)      | Night Shift      |
| 20-11-2026 (Friday)      | Night Shift      |
| 21-11-2026 (Saturday)      | Night Shift      |
| 22-11-2026 (Sunday)      | Night Shift      |
| 23-11-2026 (Monday)      | Night Shift      |
| 24-11-2026 (Tuesday)      | Night Shift      |
| 25-11-2026 (Wednesday)      | Night Shift      |
| 26-11-2026 (Thursday)      | Night Shift      |
| 27-11-2026 (Friday)      | Night Shift      |
| 28-11-2026 (Saturday)      | Night Shift      |
| 29-11-2026 (Sunday)      | Night Shift      |
| 30-11-2026 (Monday)      | Night Shift      |
| 01-12-2026 (Tuesday)      | Night Shift      |
| 02-12-2026 (Wednesday)      | Night Shift      |
| 03-12-2026 (Thursday)      | Night Shift      |
| 04-12-2026 (Friday)      | Night Shift      |
| 05-12-2026 (Saturday)      | Night Shift      |
| 06-12-2026 (Sunday)      | Night Shift      |
| 07-12-2026 (Monday)      | Night Shift      |
| 08-12-2026 (Tuesday)      | Night Shift      |
| 09-12-2026 (Wednesday)      | Night Shift      |
| 10-12-2026 (Thursday)      | Night Shift      |
| 11-12-2026 (Friday)      | Night Shift      |
| 12-12-2026 (Saturday)      | Night Shift      |
| 13-12-2026 (Sunday)      | Night Shift      |
| 14-12-2026 (Monday)      | Night Shift      |
| 15-12-2026 (Tuesday)      | Night Shift      |
| 16-12-2026 (Wednesday)      | Night Shift      |
| 17-12-2026 (Thursday)      | Night Shift      |
| 18-12-2026 (Friday)      | Night Shift      |
| 19-12-2026 (Saturday)      | Night Shift      |
| 20-12-2026 (Sunday)      | Night Shift      |
| 21-12-2026 (Monday)      | Night Shift      |
| 22-12-2026 (Tuesday)      | Night Shift      |
| 23-12-2026 (Wednesday)      | Night Shift      |
| 24-12-2026 (Thursday)      | Night Shift      |
| 25-12-2026 (Friday)      | Night Shift      |
| 26-12-2026 (Saturday)      | Night Shift      |
| 27-12-2026 (Sunday)      | Night Shift      |
| 28-12-2026 (Monday)      | Night Shift      |
| 29-12-2026 (Tuesday)      | Night Shift      |
| 30-12-2026 (Wednesday)      | Night Shift      |
| 31-12-2026 (Thursday)      | Night Shift      |
| 01-01-2027 (Friday)      | Night Shift      |
| 02-01-2027 (Saturday)      | Night Shift      |
| 03-01-2027 (Sunday)      | Night Shift      |
| 04-01-2027 (Monday)      | Night Shift      |
| 05-01-2027 (Tuesday)      | Night Shift      |
| 06-01-2027 (Wednesday)      | Night Shift      |
| 07-01-2027 (Thursday)      | Night Shift      |
| 08-01-2027 (Friday)      | Night Shift      |
| 09-01-2027 (Saturday)      | Night Shift      |
| 10-01-2027 (Sunday)      | Night Shift      |
| 11-01-2027 (Monday)      | Night Shift      |
| 12-01-2027 (Tuesday)      | Night Shift      |
| 13-01-2027 (Wednesday)      | Night Shift      |
| 14-01-2027 (Thursday)      | Night Shift      |
| 15-01-2027 (Friday)      | Night Shift      |
| 16-01-2027 (Saturday)      | Night Shift      |
| 17-01-2027 (Sunday)      | Night Shift      |
| 18-01-2027 (Monday)      | Night Shift      |
| 19-01-2027 (Tuesday)      | Night Shift      |
| 20-01-2027 (Wednesday)      | Night Shift      |
| 21-01-2027 (Thursday)      | Night Shift      |
| 22-01-2027 (Friday)      | Night Shift      |
| 23-01-2027 (Saturday)      | Night Shift      |
| 24-01-2027 (Sunday)      | Night Shift      |
| 25-01-2027 (Monday)      | Night Shift      |
| 26-01-2027 (Tuesday)      | Night Shift      |
| 27-01-2027 (Wednesday)      | Night Shift      |
| 28-01-2027 (Thursday)      | Night Shift      |
| 29-01-2027 (Friday)      | Night Shift      |
| 30-01-2027 (Saturday)      | Night Shift      |
| 31-01-2027 (Sunday)      | Night Shift      |
| 01-02-2027 (Monday)      | Night Shift      |
| 02-02-2027 (Tuesday)      | Night Shift      |
| 03-02-2027 (Wednesday)      | Night Shift      |
| 04-02-2027 (Thursday)      | Night Shift      |
| 05-02-2027 (Friday)      | Night Shift      |
| 06-02-2027 (Saturday)      | Night Shift      |
| 07-02-2027 (Sunday)      | Night Shift      |
| 08-02-2027 (Monday)      | Night Shift      |
| 09-02-2027 (Tuesday)      | Night Shift      |
| 10-02-2027 (Wednesday)      | Night Shift      |
| 11-02-2027 (Thursday)      | Night Shift      |
| 12-02-2027 (Friday)      | Night Shift      |
| 13-02-2027 (Saturday)      | Night Shift      |
| 14-02-2027 (Sunday)      | Night Shift      |
| 15-02-2027 (Monday)      | Night Shift      |
| 16-02-2027 (Tuesday)      | Night Shift      |
| 17-02-2027 (Wednesday)      | Night Shift      |
| 18-02-2027 (Thursday)      | Night Shift      |
| 19-02-2027 (Friday)      | Night Shift      |
| 20-02-2027 (Saturday)      | Night Shift      |
| 21-02-2027 (Sunday)      | Night Shift      |
| 22-02-2027 (Monday)      | Night Shift      |
| 23-02-2027 (Tuesday)      | Night Shift      |
| 24-02-2027 (Wednesday)      | Night Shift      |
| 25-02-2027 (Thursday)      | Night Shift      |
| 26-02-2027 (Friday)      | Night Shift      |
| 27-02-2027 (Saturday)      | Night Shift      |
| 28-02-2027 (Sunday)      | Night Shift      |
| 01-03-2027 (Monday)      | Night Shift      |
| 02-03-2027 (Tuesday)      | Night Shift      |
| 03-03-2027 (Wednesday)      | Night Shift      |
| 04-03-2027 (Thursday)      | Night Shift      |
| 05-03-2027 (Friday)      | Night Shift      |
| 06-03-2027 (Saturday)      | Night Shift      |
| 07-03-2027 (Sunday)      | Night Shift      |
| 08-03-2027 (Monday)      | Night Shift      |
| 09-03-2027 (Tuesday)      | Night Shift      |
| 10-03-2027 (Wednesday)      | Night Shift      |
| 11-03-2027 (Thursday)      | Night Shift      |
| 12-03-2027 (Friday)      | Night Shift      |
| 13-03-2027 (Saturday)      | Night Shift      |
| 14-03-2027 (Sunday)      | Night Shift      |
| 15-03-2027 (Monday)      | Night Shift      |
| 16-03-2027 (Tuesday)      | Night Shift      |
| 17-03-2027 (Wednesday)      | Night Shift      |
| 18-03-2027 (Thursday)      | Night Shift      |
| 19-03-2027 (Friday)      | Night Shift      |
| 20-03-2027 (Saturday)      | Night Shift      |
| 21-03-2027 (Sunday)      | Night Shift      |
| 22-03-2027 (Monday)      | Night Shift      |
| 23-03-2027 (Tuesday)      | Night Shift      |
| 24-03-2027 (Wednesday)      | Night Shift      |
| 25-03-2027 (Thursday)      | Night Shift      |
| 26-03-2027 (Friday)      | Night Shift      |
| 27-03-2027 (Saturday)      | Night Shift      |
| 28-03-2027 (Sunday)      | Night Shift      |
| 29-03-2027 (Monday)      | Night Shift      |
| 30-03-2027 (Tuesday)      | Night Shift      |
| 31-03-2027 (Wednesday)      | Night Shift      |
| 01-04-2027 (Thursday)      | Night Shift      |
| 02-04-2027 (Friday)      | Night Shift      |
| 03-04-2027 (Saturday)      | Night Shift      |
| 04-04-2027 (Sunday)      | Night Shift      |
| 05-04-2027 (Monday)      | Night Shift      |
| 06-04-2027 (Tuesday)      | Night Shift      |
| 07-04-2027 (Wednesday)      | Night Shift      |
| 08-04-2027 (Thursday)      | Night Shift      |
| 09-04-2027 (Friday)      | Night Shift      |
| 10-04-2027 (Saturday)      | Night Shift      |
| 11-04-2027 (Sunday)      | Night Shift      |
| 12-04-2027 (Monday)      | Night Shift      |
| 13-04-2027 (Tuesday)      | Night Shift      |
| 14-04-2027 (Wednesday)      | Night Shift      |
| 15-04-2027 (Thursday)      | Night Shift      |
| 16-04-2027 (Friday)      | Night Shift      |
| 17-04-2027 (Saturday)      | Night Shift      |
| 18-04-2027 (Sunday)      | Night Shift      |
| 19-04-2027 (Monday)      | Night Shift      |
| 20-04-2027 (Tuesday)      | Night Shift      |
| 21-04-2027 (Wednesday)      | Night Shift      |
| 22-04-2027 (Thursday)      | Night Shift      |
| 23-04-2027 (Friday)      | Night Shift      |
| 24-04-2027 (Saturday)      | Night Shift      |
| 25-04-2027 (Sunday)      | Night Shift      |
| 26-04-2027 (Monday)      | Night Shift      |
| 27-04-2027 (Tuesday)      | Night Shift      |
| 28-04-2027 (Wednesday)      | Night Shift      |
| 29-04-2027 (Thursday)      | Night Shift      |
| 30-04-2027 (Friday)      | Night Shift      |
| 01-05-2027 (Saturday)      | Night Shift      |
| 02-05-2027 (Sunday)      | Night Shift      |
| 03-05-2027 (Monday)      | Night Shift      |
| 04-05-2027 (Tuesday)      | Night Shift      |
| 05-05-2027 (Wednesday)      | Night Shift      |
| 06-05-2027 (Thursday)      | Night Shift      |
| 07-05-2027 (Friday)      | Night Shift      |
| 08-05-2027 (Saturday)      | Night Shift      |
| 09-05-2027 (Sunday)      | Night Shift      |
| 10-05-2027 (Monday)      | Night Shift      |
| 11-05-2027 (Tuesday)      | Night Shift      |
| 12-05-2027 (Wednesday)      | Night Shift      |
| 13-05-2027 (Thursday)      | Night Shift      |
| 14-05-2027 (Friday)      | Night Shift      |
| 15-05-2027 (Saturday)      | Night Shift      |
| 16-05-2027 (Sunday)      | Night Shift      |
| 17-05-2027 (Monday)      | Night Shift      |
| 18-05-2027 (Tuesday)      | Night Shift      |
| 19-05-2027 (Wednesday)      | Night Shift      |
| 20-05-2027 (Thursday)      | Night Shift      |
| 21-05-2027 (Friday)      | Night Shift      |
| 22-05-2027 (Saturday)      | Night Shift      |
| 23-05-2027 (Sunday)      | Night Shift      |
| 24-05-2027 (Monday)      | Night Shift      |
| 25-05-2027 (Tuesday)      | Night Shift      |
| 26-05-2027 (Wednesday)      | Night Shift      |
| 27-05-2027 (Thursday)      | Night Shift      |
| 28-05-2027 (Friday)      | Night Shift      |
| 29-05-2027 (Saturday)      | Night Shift      |
| 30-05-2027 (Sunday)      | Night Shift      |
| 31-05-2027 (Monday)      | Night Shift      |
| 01-06-2027 (Tuesday)      | Night Shift      |
| 02-06-2027 (Wednesday)      | Night Shift      |
| 03-06-2027 (Thursday)      | Night Shift      |
| 04-06-2027 (Friday)      | Night Shift      |
| 05-06-2027 (Saturday)      | Night Shift      |
| 06-06-2027 (Sunday)      | Night Shift      |
| 07-06-2027 (Monday)      | Night Shift      |
| 08-06-2027 (Tuesday)      | Night Shift      |
| 09-06-2027 (Wednesday)      | Night Shift      |
| 10-06-2027 (Thursday)      | Night Shift      |
| 11-06-2027 (Friday)      | Night Shift      |
| 12-06-2027 (Saturday)      | Night Shift      |
| 13-06-2027 (Sunday)      | Night Shift      |
| 14-06-2027 (Monday)      | Night Shift      |
| 15-06-2027 (Tuesday)      | Night Shift      |
| 16-06-2027 (Wednesday)      | Night Shift      |
| 17-06-2027 (Thursday)      | Night Shift      |
| 18-06-2027 (Friday)      | Night Shift      |
| 19-06-2027 (Saturday)      | Night Shift      |
| 20-06-2027 (Sunday)      | Night Shift      |
| 21-06-2027 (Monday)      | Night Shift      |
| 22-06-2027 (Tuesday)      | Night Shift      |
| 23-06-2027 (Wednesday)      | Night Shift      |
| 24-06-2027 (Thursday)      | Night Shift      |
| 25-06-2027 (Friday)      | Night Shift      |
| 26-06-2027 (Saturday)      | Night Shift      |
| 27-06-2027 (Sunday)      | Night Shift      |
| 28-06-2027 (Monday)      | Night Shift      |
| 29-06-2027 (Tuesday)      | Night Shift      |
| 30-06-2027 (Wednesday)      | Night Shift      |
| 01-07-2027 (Thursday)      | Night Shift      |
| 02-07-2027 (Friday)      | Night Shift      |
| 03-07-2027 (Saturday)      | Night Shift      |
| 04-07-2027 (Sunday)      | Night Shift      |
| 05-07-2027 (Monday)      | Night Shift      |
| 06-07-2027 (Tuesday)      | Night Shift      |
| 07-07-2027 (Wednesday)      | Night Shift      |
| 08-07-2027 (Thursday)      | Night Shift      |
| 09-07-2027 (Friday)      | Night Shift      |
| 10-07-2027 (Saturday)      | Night Shift      |
| 11-07-2027 (Sunday)      | Night Shift      |
| 12-07-2027 (Monday)      | Night Shift      |
| 13-07-2027 (Tuesday)      | Night Shift      |
| 14-07-2027 (Wednesday)      | Night Shift      |
| 15-07-2027 (Thursday)      | Night Shift      |
| 16-07-2027 (Friday)      | Night Shift      |
| 17-07-2027 (Saturday)      | Night Shift      |
| 18-07-2027 (Sunday)      | Night Shift      |
| 19-07-2027 (Monday)      | Night Shift      |
| 20-07-2027 (Tuesday)      | Night Shift      |
| 21-07-2027 (Wednesday)      | Night Shift      |
| 22-07-2027 (Thursday)      | Night Shift      |
| 23-07-2027 (Friday)      | Night Shift      |
| 24-07-2027 (Saturday)      | Night Shift      |
| 25-07-2027 (Sunday)      | Night Shift      |
| 26-07-2027 (Monday)      | Night Shift      |
| 27-07-2027 (Tuesday)      | Night Shift      |
| 28-07-2027 (Wednesday)      | Night Shift      |
| 29-07-2027 (Thursday)      | Night Shift      |
| 30-07-2027 (Friday)      | Night Shift      |
| 31-07-2027 (Saturday)      | Night Shift      |
| 01-08-2027 (Sunday)      | Night Shift      |
| 02-08-2027 (Monday)      | Night Shift      |
| 03-08-2027 (Tuesday)      | Night Shift      |
| 04-08-2027 (Wednesday)      | Night Shift      |
| 05-08-2027 (Thursday)      | Night Shift      |
| 06-08-2027 (Friday)      | Night Shift      |
| 07-08-2027 (Saturday)      | Night Shift      |
| 08-08-2027 (Sunday)      | Night Shift      |
| 09-08-2027 (Monday)      | Night Shift      |
| 10-08-2027 (Tuesday)      | Night Shift      |
| 11-08-2027 (Wednesday)      | Night Shift      |
| 12-08-2027 (Thursday)      | Night Shift      |
| 13-08-2027 (Friday)      | Night Shift      |
| 14-08-2027 (Saturday)      | Night Shift      |
| 15-08-2027 (Sunday)      | Night Shift      |
| 16-08-2027 (Monday)      | Night Shift      |
| 17-08-2027 (Tuesday)      | Night Shift      |
| 18-08-2027 (Wednesday)      | Night Shift      |
| 19-08-2027 (Thursday)      | Night Shift      |
| 20-08-2027 (Friday)      | Night Shift      |
| 21-08-2027 (Saturday)      | Night Shift      |
| 22-08-2027 (Sunday)      | Night Shift      |
| 23-08-2027 (Monday)      | Night Shift      |
| 24-08-2027 (Tuesday)      | Night Shift      |
| 25-08-2027 (Wednesday)      | Night Shift      |
| 26-08-2027 (Thursday)      | Night Shift      |
| 27-08-2027 (Friday)      | Night Shift      |
| 28-08-2027 (Saturday)      | Night Shift      |
| 29-08-2027 (Sunday)      | Night Shift      |
| 30-08-2027 (Monday)      | Night Shift      |
| 31-08-2027 (Tuesday)      | Night Shift      |

Regards,
BranZo Techno Solution

© 2026 BranZo Techno Solution. All rights reserved.

--86HOxGeM
Content-Type: text/html; charset=utf-8
Content-Transfer-Encoding: quoted-printable

<!DOCTYPE html PUBLIC "-//W3C//DTD XHTML 1.0 Transitional//EN" "http://www.w3.org/TR/xhtml1/DTD/xhtml1-transitional.dtd">
<html xmlns="http://www.w3.org/1999/xhtml">
<head>
<title>BranZo Techno Solution</title>
<meta name="viewport" content="width=device-width, initial-scale=1.0">
<meta http-equiv="Content-Type" content="text/html; charset=UTF-8">
<meta name="color-scheme" content="light">
<meta name="supported-color-schemes" content="light">
<style>
@media only screen and (max-width: 600px) {
.inner-body {
width: 100% !important;
}

.footer {
width: 100% !important;
}
}

@media only screen and (max-width: 500px) {
.button {
width: 100% !important;
}
}
</style>
</head>
<body style="box-sizing: border-box; font-family: -apple-system, BlinkMacSystemFont, 'Segoe UI', Roboto, Helvetica, Arial, sans-serif, 'Apple Color Emoji', 'Segoe UI Emoji', 'Segoe UI Symbol'; position: relative; -webkit-text-size-adjust: none; background-color: #ffffff; color: #718096; height: 100%; line-height: 1.4; margin: 0; padding: 0; width: 100% !important;">

<table class="wrapper" width="100%" cellpadding="0" cellspacing="0" role="presentation" style="box-sizing: border-box; font-family: -apple-system, BlinkMacSystemFont, 'Segoe UI', Roboto, Helvetica, Arial, sans-serif, 'Apple Color Emoji', 'Segoe UI Emoji', 'Segoe UI Symbol'; position: relative; -premailer-cellpadding: 0; -premailer-cellspacing: 0; -premailer-width: 100%; background-color: #edf2f7; margin: 0; padding: 0; width: 100%;">
<tr>
<td align="center" style="box-sizing: border-box; font-family: -apple-system, BlinkMacSystemFont, 'Segoe UI', Roboto, Helvetica, Arial, sans-serif, 'Apple Color Emoji', 'Segoe UI Emoji', 'Segoe UI Symbol'; position: relative;">
<table class="content" width="100%" cellpadding="0" cellspacing="0" role="presentation" style="box-sizing: border-box; font-family: -apple-system, BlinkMacSystemFont, 'Segoe UI', Roboto, Helvetica, Arial, sans-serif, 'Apple Color Emoji', 'Segoe UI Emoji', 'Segoe UI Symbol'; position: relative; -premailer-cellpadding: 0; -premailer-cellspacing: 0; -premailer-width: 100%; margin: 0; padding: 0; width: 100%;">
<tr>
<td class="header" style="box-sizing: border-box; font-family: -apple-system, BlinkMacSystemFont, 'Segoe UI', Roboto, Helvetica, Arial, sans-serif, 'Apple Color Emoji', 'Segoe UI Emoji', 'Segoe UI Symbol'; position: relative; padding: 25px 0; text-align: center;">
<a href="http://127.0.0.1:8000" style="box-sizing: border-box; font-family: -apple-system, BlinkMacSystemFont, 'Segoe UI', Roboto, Helvetica, Arial, sans-serif, 'Apple Color Emoji', 'Segoe UI Emoji', 'Segoe UI Symbol'; position: relative; color: #3d4852; font-size: 19px; font-weight: bold; text-decoration: none; display: inline-block;">
BranZo Techno Solution
</a>
</td>
</tr>

<!-- Email Body -->
<tr>
<td class="body" width="100%" cellpadding="0" cellspacing="0" style="box-sizing: border-box; font-family: -apple-system, BlinkMacSystemFont, 'Segoe UI', Roboto, Helvetica, Arial, sans-serif, 'Apple Color Emoji', 'Segoe UI Emoji', 'Segoe UI Symbol'; position: relative; -premailer-cellpadding: 0; -premailer-cellspacing: 0; -premailer-width: 100%; background-color: #edf2f7; border-bottom: 1px solid #edf2f7; border-top: 1px solid #edf2f7; margin: 0; padding: 0; width: 100%; border: hidden !important;">
<table class="inner-body" align="center" width="570" cellpadding="0" cellspacing="0" role="presentation" style="box-sizing: border-box; font-family: -apple-system, BlinkMacSystemFont, 'Segoe UI', Roboto, Helvetica, Arial, sans-serif, 'Apple Color Emoji', 'Segoe UI Emoji', 'Segoe UI Symbol'; position: relative; -premailer-cellpadding: 0; -premailer-cellspacing: 0; -premailer-width: 570px; background-color: #ffffff; border-color: #e8e5ef; border-radius: 2px; border-width: 1px; box-shadow: 0 2px 0 rgba(0, 0, 150, 0.025), 2px 4px 0 rgba(0, 0, 150, 0.015); margin: 0 auto; padding: 0; width: 570px;">
<!-- Body content -->
<tr>
<td class="content-cell" style="box-sizing: border-box; font-family: -apple-system, BlinkMacSystemFont, 'Segoe UI', Roboto, Helvetica, Arial, sans-serif, 'Apple Color Emoji', 'Segoe UI Emoji', 'Segoe UI Symbol'; position: relative; max-width: 100vw; padding: 32px;">
<h1 style="box-sizing: border-box; font-family: -apple-system, BlinkMacSystemFont, 'Segoe UI', Roboto, Helvetica, Arial, sans-serif, 'Apple Color Emoji', 'Segoe UI Emoji', 'Segoe UI Symbol'; position: relative; color: #3d4852; font-size: 18px; font-weight: bold; margin-top: 0; text-align: left;">Schedule Update: Your Shifts have been Assigned</h1>
<div class="table" style="box-sizing: border-box; font-family: -apple-system, BlinkMacSystemFont, 'Segoe UI', Roboto, Helvetica, Arial, sans-serif, 'Apple Color Emoji', 'Segoe UI Emoji', 'Segoe UI Symbol'; position: relative;">
<table style="box-sizing: border-box; font-family: -apple-system, BlinkMacSystemFont, 'Segoe UI', Roboto, Helvetica, Arial, sans-serif, 'Apple Color Emoji', 'Segoe UI Emoji', 'Segoe UI Symbol'; position: relative; -premailer-cellpadding: 0; -premailer-cellspacing: 0; -premailer-width: 100%; margin: 30px auto; width: 100%;">
<thead style="box-sizing: border-box; font-family: -apple-system, BlinkMacSystemFont, 'Segoe UI', Roboto, Helvetica, Arial, sans-serif, 'Apple Color Emoji', 'Segoe UI Emoji', 'Segoe UI Symbol'; position: relative;">
<tr>
<th align="left" style="box-sizing: border-box; font-family: -apple-system, BlinkMacSystemFont, 'Segoe UI', Roboto, Helvetica, Arial, sans-serif, 'Apple Color Emoji', 'Segoe UI Emoji', 'Segoe UI Symbol'; position: relative; border-bottom: 1px solid #edeff2; margin: 0; padding-bottom: 8px;">Date</th>
<th align="right" style="box-sizing: border-box; font-family: -apple-system, BlinkMacSystemFont, 'Segoe UI', Roboto, Helvetica, Arial, sans-serif, 'Apple Color Emoji', 'Segoe UI Emoji', 'Segoe UI Symbol'; position: relative; border-bottom: 1px solid #edeff2; margin: 0; padding-bottom: 8px;">Employee Shift</th>
</tr>
</thead>
<tbody style="box-sizing: border-box; font-family: -apple-system, BlinkMacSystemFont, 'Segoe UI', Roboto, Helvetica, Arial, sans-serif, 'Apple Color Emoji', 'Segoe UI Emoji', 'Segoe UI Symbol'; position: relative;">
<tr>
<td align="left" style="box-sizing: border-box; font-family: -apple-system, BlinkMacSystemFont, 'Segoe UI', Roboto, Helvetica, Arial, sans-serif, 'Apple Color Emoji', 'Segoe UI Emoji', 'Segoe UI Symbol'; position: relative; color: #74787e; font-size: 15px; line-height: 18px; margin: 0; padding: 10px 0;">27-08-2026 (Thursday)</td>
<td align="right" style="box-sizing: border-box; font-family: -apple-system, BlinkMacSystemFont, 'Segoe UI', Roboto, Helvetica, Arial, sans-serif, 'Apple Color Emoji', 'Segoe UI Emoji', 'Segoe UI Symbol'; position: relative; color: #74787e; font-size: 15px; line-height: 18px; margin: 0; padding: 10px 0;">Night Shift</td>
</tr>
<tr>
<td align="left" style="box-sizing: border-box; font-family: -apple-system, BlinkMacSystemFont, 'Segoe UI', Roboto, Helvetica, Arial, sans-serif, 'Apple Color Emoji', 'Segoe UI Emoji', 'Segoe UI Symbol'; position: relative; color: #74787e; font-size: 15px; line-height: 18px; margin: 0; padding: 10px 0;">28-08-2026 (Friday)</td>
<td align="right" style="box-sizing: border-box; font-family: -apple-system, BlinkMacSystemFont, 'Segoe UI', Roboto, Helvetica, Arial, sans-serif, 'Apple Color Emoji', 'Segoe UI Emoji', 'Segoe UI Symbol'; position: relative; color: #74787e; font-size: 15px; line-height: 18px; margin: 0; padding: 10px 0;">Night Shift</td>
</tr>
<tr>
<td align="left" style="box-sizing: border-box; font-family: -apple-system, BlinkMacSystemFont, 'Segoe UI', Roboto, Helvetica, Arial, sans-serif, 'Apple Color Emoji', 'Segoe UI Emoji', 'Segoe UI Symbol'; position: relative; color: #74787e; font-size: 15px; line-height: 18px; margin: 0; padding: 10px 0;">29-08-2026 (Saturday)</td>
<td align="right" style="box-sizing: border-box; font-family: -apple-system, BlinkMacSystemFont, 'Segoe UI', Roboto, Helvetica, Arial, sans-serif, 'Apple Color Emoji', 'Segoe UI Emoji', 'Segoe UI Symbol'; position: relative; color: #74787e; font-size: 15px; line-height: 18px; margin: 0; padding: 10px 0;">Night Shift</td>
</tr>
<tr>
<td align="left" style="box-sizing: border-box; font-family: -apple-system, BlinkMacSystemFont, 'Segoe UI', Roboto, Helvetica, Arial, sans-serif, 'Apple Color Emoji', 'Segoe UI Emoji', 'Segoe UI Symbol'; position: relative; color: #74787e; font-size: 15px; line-height: 18px; margin: 0; padding: 10px 0;">30-08-2026 (Sunday)</td>
<td align="right" style="box-sizing: border-box; font-family: -apple-system, BlinkMacSystemFont, 'Segoe UI', Roboto, Helvetica, Arial, sans-serif, 'Apple Color Emoji', 'Segoe UI Emoji', 'Segoe UI Symbol'; position: relative; color: #74787e; font-size: 15px; line-height: 18px; margin: 0; padding: 10px 0;">Night Shift</td>
</tr>
<tr>
<td align="left" style="box-sizing: border-box; font-family: -apple-system, BlinkMacSystemFont, 'Segoe UI', Roboto, Helvetica, Arial, sans-serif, 'Apple Color Emoji', 'Segoe UI Emoji', 'Segoe UI Symbol'; position: relative; color: #74787e; font-size: 15px; line-height: 18px; margin: 0; padding: 10px 0;">31-08-2026 (Monday)</td>
<td align="right" style="box-sizing: border-box; font-family: -apple-system, BlinkMacSystemFont, 'Segoe UI', Roboto, Helvetica, Arial, sans-serif, 'Apple Color Emoji', 'Segoe UI Emoji', 'Segoe UI Symbol'; position: relative; color: #74787e; font-size: 15px; line-height: 18px; margin: 0; padding: 10px 0;">Night Shift</td>
</tr>
<tr>
<td align="left" style="box-sizing: border-box; font-family: -apple-system, BlinkMacSystemFont, 'Segoe UI', Roboto, Helvetica, Arial, sans-serif, 'Apple Color Emoji', 'Segoe UI Emoji', 'Segoe UI Symbol'; position: relative; color: #74787e; font-size: 15px; line-height: 18px; margin: 0; padding: 10px 0;">01-09-2026 (Tuesday)</td>
<td align="right" style="box-sizing: border-box; font-family: -apple-system, BlinkMacSystemFont, 'Segoe UI', Roboto, Helvetica, Arial, sans-serif, 'Apple Color Emoji', 'Segoe UI Emoji', 'Segoe UI Symbol'; position: relative; color: #74787e; font-size: 15px; line-height: 18px; margin: 0; padding: 10px 0;">Night Shift</td>
</tr>
<tr>
<td align="left" style="box-sizing: border-box; font-family: -apple-system, BlinkMacSystemFont, 'Segoe UI', Roboto, Helvetica, Arial, sans-serif, 'Apple Color Emoji', 'Segoe UI Emoji', 'Segoe UI Symbol'; position: relative; color: #74787e; font-size: 15px; line-height: 18px; margin: 0; padding: 10px 0;">02-09-2026 (Wednesday)</td>
<td align="right" style="box-sizing: border-box; font-family: -apple-system, BlinkMacSystemFont, 'Segoe UI', Roboto, Helvetica, Arial, sans-serif, 'Apple Color Emoji', 'Segoe UI Emoji', 'Segoe UI Symbol'; position: relative; color: #74787e; font-size: 15px; line-height: 18px; margin: 0; padding: 10px 0;">Night Shift</td>
</tr>
<tr>
<td align="left" style="box-sizing: border-box; font-family: -apple-system, BlinkMacSystemFont, 'Segoe UI', Roboto, Helvetica, Arial, sans-serif, 'Apple Color Emoji', 'Segoe UI Emoji', 'Segoe UI Symbol'; position: relative; color: #74787e; font-size: 15px; line-height: 18px; margin: 0; padding: 10px 0;">03-09-2026 (Thursday)</td>
<td align="right" style="box-sizing: border-box; font-family: -apple-system, BlinkMacSystemFont, 'Segoe UI', Roboto, Helvetica, Arial, sans-serif, 'Apple Color Emoji', 'Segoe UI Emoji', 'Segoe UI Symbol'; position: relative; color: #74787e; font-size: 15px; line-height: 18px; margin: 0; padding: 10px 0;">Night Shift</td>
</tr>
<tr>
<td align="left" style="box-sizing: border-box; font-family: -apple-system, BlinkMacSystemFont, 'Segoe UI', Roboto, Helvetica, Arial, sans-serif, 'Apple Color Emoji', 'Segoe UI Emoji', 'Segoe UI Symbol'; position: relative; color: #74787e; font-size: 15px; line-height: 18px; margin: 0; padding: 10px 0;">04-09-2026 (Friday)</td>
<td align="right" style="box-sizing: border-box; font-family: -apple-system, BlinkMacSystemFont, 'Segoe UI', Roboto, Helvetica, Arial, sans-serif, 'Apple Color Emoji', 'Segoe UI Emoji', 'Segoe UI Symbol'; position: relative; color: #74787e; font-size: 15px; line-height: 18px; margin: 0; padding: 10px 0;">Night Shift</td>
</tr>
<tr>
<td align="left" style="box-sizing: border-box; font-family: -apple-system, BlinkMacSystemFont, 'Segoe UI', Roboto, Helvetica, Arial, sans-serif, 'Apple Color Emoji', 'Segoe UI Emoji', 'Segoe UI Symbol'; position: relative; color: #74787e; font-size: 15px; line-height: 18px; margin: 0; padding: 10px 0;">05-09-2026 (Saturday)</td>
<td align="right" style="box-sizing: border-box; font-family: -apple-system, BlinkMacSystemFont, 'Segoe UI', Roboto, Helvetica, Arial, sans-serif, 'Apple Color Emoji', 'Segoe UI Emoji', 'Segoe UI Symbol'; position: relative; color: #74787e; font-size: 15px; line-height: 18px; margin: 0; padding: 10px 0;">Night Shift</td>
</tr>
<tr>
<td align="left" style="box-sizing: border-box; font-family: -apple-system, BlinkMacSystemFont, 'Segoe UI', Roboto, Helvetica, Arial, sans-serif, 'Apple Color Emoji', 'Segoe UI Emoji', 'Segoe UI Symbol'; position: relative; color: #74787e; font-size: 15px; line-height: 18px; margin: 0; padding: 10px 0;">06-09-2026 (Sunday)</td>
<td align="right" style="box-sizing: border-box; font-family: -apple-system, BlinkMacSystemFont, 'Segoe UI', Roboto, Helvetica, Arial, sans-serif, 'Apple Color Emoji', 'Segoe UI Emoji', 'Segoe UI Symbol'; position: relative; color: #74787e; font-size: 15px; line-height: 18px; margin: 0; padding: 10px 0;">Night Shift</td>
</tr>
<tr>
<td align="left" style="box-sizing: border-box; font-family: -apple-system, BlinkMacSystemFont, 'Segoe UI', Roboto, Helvetica, Arial, sans-serif, 'Apple Color Emoji', 'Segoe UI Emoji', 'Segoe UI Symbol'; position: relative; color: #74787e; font-size: 15px; line-height: 18px; margin: 0; padding: 10px 0;">07-09-2026 (Monday)</td>
<td align="right" style="box-sizing: border-box; font-family: -apple-system, BlinkMacSystemFont, 'Segoe UI', Roboto, Helvetica, Arial, sans-serif, 'Apple Color Emoji', 'Segoe UI Emoji', 'Segoe UI Symbol'; position: relative; color: #74787e; font-size: 15px; line-height: 18px; margin: 0; padding: 10px 0;">Night Shift</td>
</tr>
<tr>
<td align="left" style="box-sizing: border-box; font-family: -apple-system, BlinkMacSystemFont, 'Segoe UI', Roboto, Helvetica, Arial, sans-serif, 'Apple Color Emoji', 'Segoe UI Emoji', 'Segoe UI Symbol'; position: relative; color: #74787e; font-size: 15px; line-height: 18px; margin: 0; padding: 10px 0;">08-09-2026 (Tuesday)</td>
<td align="right" style="box-sizing: border-box; font-family: -apple-system, BlinkMacSystemFont, 'Segoe UI', Roboto, Helvetica, Arial, sans-serif, 'Apple Color Emoji', 'Segoe UI Emoji', 'Segoe UI Symbol'; position: relative; color: #74787e; font-size: 15px; line-height: 18px; margin: 0; padding: 10px 0;">Night Shift</td>
</tr>
<tr>
<td align="left" style="box-sizing: border-box; font-family: -apple-system, BlinkMacSystemFont, 'Segoe UI', Roboto, Helvetica, Arial, sans-serif, 'Apple Color Emoji', 'Segoe UI Emoji', 'Segoe UI Symbol'; position: relative; color: #74787e; font-size: 15px; line-height: 18px; margin: 0; padding: 10px 0;">09-09-2026 (Wednesday)</td>
<td align="right" style="box-sizing: border-box; font-family: -apple-system, BlinkMacSystemFont, 'Segoe UI', Roboto, Helvetica, Arial, sans-serif, 'Apple Color Emoji', 'Segoe UI Emoji', 'Segoe UI Symbol'; position: relative; color: #74787e; font-size: 15px; line-height: 18px; margin: 0; padding: 10px 0;">Night Shift</td>
</tr>
<tr>
<td align="left" style="box-sizing: border-box; font-family: -apple-system, BlinkMacSystemFont, 'Segoe UI', Roboto, Helvetica, Arial, sans-serif, 'Apple Color Emoji', 'Segoe UI Emoji', 'Segoe UI Symbol'; position: relative; color: #74787e; font-size: 15px; line-height: 18px; margin: 0; padding: 10px 0;">10-09-2026 (Thursday)</td>
<td align="right" style="box-sizing: border-box; font-family: -apple-system, BlinkMacSystemFont, 'Segoe UI', Roboto, Helvetica, Arial, sans-serif, 'Apple Color Emoji', 'Segoe UI Emoji', 'Segoe UI Symbol'; position: relative; color: #74787e; font-size: 15px; line-height: 18px; margin: 0; padding: 10px 0;">Night Shift</td>
</tr>
<tr>
<td align="left" style="box-sizing: border-box; font-family: -apple-system, BlinkMacSystemFont, 'Segoe UI', Roboto, Helvetica, Arial, sans-serif, 'Apple Color Emoji', 'Segoe UI Emoji', 'Segoe UI Symbol'; position: relative; color: #74787e; font-size: 15px; line-height: 18px; margin: 0; padding: 10px 0;">11-09-2026 (Friday)</td>
<td align="right" style="box-sizing: border-box; font-family: -apple-system, BlinkMacSystemFont, 'Segoe UI', Roboto, Helvetica, Arial, sans-serif, 'Apple Color Emoji', 'Segoe UI Emoji', 'Segoe UI Symbol'; position: relative; color: #74787e; font-size: 15px; line-height: 18px; margin: 0; padding: 10px 0;">Night Shift</td>
</tr>
<tr>
<td align="left" style="box-sizing: border-box; font-family: -apple-system, BlinkMacSystemFont, 'Segoe UI', Roboto, Helvetica, Arial, sans-serif, 'Apple Color Emoji', 'Segoe UI Emoji', 'Segoe UI Symbol'; position: relative; color: #74787e; font-size: 15px; line-height: 18px; margin: 0; padding: 10px 0;">12-09-2026 (Saturday)</td>
<td align="right" style="box-sizing: border-box; font-family: -apple-system, BlinkMacSystemFont, 'Segoe UI', Roboto, Helvetica, Arial, sans-serif, 'Apple Color Emoji', 'Segoe UI Emoji', 'Segoe UI Symbol'; position: relative; color: #74787e; font-size: 15px; line-height: 18px; margin: 0; padding: 10px 0;">Night Shift</td>
</tr>
<tr>
<td align="left" style="box-sizing: border-box; font-family: -apple-system, BlinkMacSystemFont, 'Segoe UI', Roboto, Helvetica, Arial, sans-serif, 'Apple Color Emoji', 'Segoe UI Emoji', 'Segoe UI Symbol'; position: relative; color: #74787e; font-size: 15px; line-height: 18px; margin: 0; padding: 10px 0;">13-09-2026 (Sunday)</td>
<td align="right" style="box-sizing: border-box; font-family: -apple-system, BlinkMacSystemFont, 'Segoe UI', Roboto, Helvetica, Arial, sans-serif, 'Apple Color Emoji', 'Segoe UI Emoji', 'Segoe UI Symbol'; position: relative; color: #74787e; font-size: 15px; line-height: 18px; margin: 0; padding: 10px 0;">Night Shift</td>
</tr>
<tr>
<td align="left" style="box-sizing: border-box; font-family: -apple-system, BlinkMacSystemFont, 'Segoe UI', Roboto, Helvetica, Arial, sans-serif, 'Apple Color Emoji', 'Segoe UI Emoji', 'Segoe UI Symbol'; position: relative; color: #74787e; font-size: 15px; line-height: 18px; margin: 0; padding: 10px 0;">14-09-2026 (Monday)</td>
<td align="right" style="box-sizing: border-box; font-family: -apple-system, BlinkMacSystemFont, 'Segoe UI', Roboto, Helvetica, Arial, sans-serif, 'Apple Color Emoji', 'Segoe UI Emoji', 'Segoe UI Symbol'; position: relative; color: #74787e; font-size: 15px; line-height: 18px; margin: 0; padding: 10px 0;">Night Shift</td>
</tr>
<tr>
<td align="left" style="box-sizing: border-box; font-family: -apple-system, BlinkMacSystemFont, 'Segoe UI', Roboto, Helvetica, Arial, sans-serif, 'Apple Color Emoji', 'Segoe UI Emoji', 'Segoe UI Symbol'; position: relative; color: #74787e; font-size: 15px; line-height: 18px; margin: 0; padding: 10px 0;">15-09-2026 (Tuesday)</td>
<td align="right" style="box-sizing: border-box; font-family: -apple-system, BlinkMacSystemFont, 'Segoe UI', Roboto, Helvetica, Arial, sans-serif, 'Apple Color Emoji', 'Segoe UI Emoji', 'Segoe UI Symbol'; position: relative; color: #74787e; font-size: 15px; line-height: 18px; margin: 0; padding: 10px 0;">Night Shift</td>
</tr>
<tr>
<td align="left" style="box-sizing: border-box; font-family: -apple-system, BlinkMacSystemFont, 'Segoe UI', Roboto, Helvetica, Arial, sans-serif, 'Apple Color Emoji', 'Segoe UI Emoji', 'Segoe UI Symbol'; position: relative; color: #74787e; font-size: 15px; line-height: 18px; margin: 0; padding: 10px 0;">16-09-2026 (Wednesday)</td>
<td align="right" style="box-sizing: border-box; font-family: -apple-system, BlinkMacSystemFont, 'Segoe UI', Roboto, Helvetica, Arial, sans-serif, 'Apple Color Emoji', 'Segoe UI Emoji', 'Segoe UI Symbol'; position: relative; color: #74787e; font-size: 15px; line-height: 18px; margin: 0; padding: 10px 0;">Night Shift</td>
</tr>
<tr>
<td align="left" style="box-sizing: border-box; font-family: -apple-system, BlinkMacSystemFont, 'Segoe UI', Roboto, Helvetica, Arial, sans-serif, 'Apple Color Emoji', 'Segoe UI Emoji', 'Segoe UI Symbol'; position: relative; color: #74787e; font-size: 15px; line-height: 18px; margin: 0; padding: 10px 0;">17-09-2026 (Thursday)</td>
<td align="right" style="box-sizing: border-box; font-family: -apple-system, BlinkMacSystemFont, 'Segoe UI', Roboto, Helvetica, Arial, sans-serif, 'Apple Color Emoji', 'Segoe UI Emoji', 'Segoe UI Symbol'; position: relative; color: #74787e; font-size: 15px; line-height: 18px; margin: 0; padding: 10px 0;">Night Shift</td>
</tr>
<tr>
<td align="left" style="box-sizing: border-box; font-family: -apple-system, BlinkMacSystemFont, 'Segoe UI', Roboto, Helvetica, Arial, sans-serif, 'Apple Color Emoji', 'Segoe UI Emoji', 'Segoe UI Symbol'; position: relative; color: #74787e; font-size: 15px; line-height: 18px; margin: 0; padding: 10px 0;">18-09-2026 (Friday)</td>
<td align="right" style="box-sizing: border-box; font-family: -apple-system, BlinkMacSystemFont, 'Segoe UI', Roboto, Helvetica, Arial, sans-serif, 'Apple Color Emoji', 'Segoe UI Emoji', 'Segoe UI Symbol'; position: relative; color: #74787e; font-size: 15px; line-height: 18px; margin: 0; padding: 10px 0;">Night Shift</td>
</tr>
<tr>
<td align="left" style="box-sizing: border-box; font-family: -apple-system, BlinkMacSystemFont, 'Segoe UI', Roboto, Helvetica, Arial, sans-serif, 'Apple Color Emoji', 'Segoe UI Emoji', 'Segoe UI Symbol'; position: relative; color: #74787e; font-size: 15px; line-height: 18px; margin: 0; padding: 10px 0;">19-09-2026 (Saturday)</td>
<td align="right" style="box-sizing: border-box; font-family: -apple-system, BlinkMacSystemFont, 'Segoe UI', Roboto, Helvetica, Arial, sans-serif, 'Apple Color Emoji', 'Segoe UI Emoji', 'Segoe UI Symbol'; position: relative; color: #74787e; font-size: 15px; line-height: 18px; margin: 0; padding: 10px 0;">Night Shift</td>
</tr>
<tr>
<td align="left" style="box-sizing: border-box; font-family: -apple-system, BlinkMacSystemFont, 'Segoe UI', Roboto, Helvetica, Arial, sans-serif, 'Apple Color Emoji', 'Segoe UI Emoji', 'Segoe UI Symbol'; position: relative; color: #74787e; font-size: 15px; line-height: 18px; margin: 0; padding: 10px 0;">20-09-2026 (Sunday)</td>
<td align="right" style="box-sizing: border-box; font-family: -apple-system, BlinkMacSystemFont, 'Segoe UI', Roboto, Helvetica, Arial, sans-serif, 'Apple Color Emoji', 'Segoe UI Emoji', 'Segoe UI Symbol'; position: relative; color: #74787e; font-size: 15px; line-height: 18px; margin: 0; padding: 10px 0;">Night Shift</td>
</tr>
<tr>
<td align="left" style="box-sizing: border-box; font-family: -apple-system, BlinkMacSystemFont, 'Segoe UI', Roboto, Helvetica, Arial, sans-serif, 'Apple Color Emoji', 'Segoe UI Emoji', 'Segoe UI Symbol'; position: relative; color: #74787e; font-size: 15px; line-height: 18px; margin: 0; padding: 10px 0;">21-09-2026 (Monday)</td>
<td align="right" style="box-sizing: border-box; font-family: -apple-system, BlinkMacSystemFont, 'Segoe UI', Roboto, Helvetica, Arial, sans-serif, 'Apple Color Emoji', 'Segoe UI Emoji', 'Segoe UI Symbol'; position: relative; color: #74787e; font-size: 15px; line-height: 18px; margin: 0; padding: 10px 0;">Night Shift</td>
</tr>
<tr>
<td align="left" style="box-sizing: border-box; font-family: -apple-system, BlinkMacSystemFont, 'Segoe UI', Roboto, Helvetica, Arial, sans-serif, 'Apple Color Emoji', 'Segoe UI Emoji', 'Segoe UI Symbol'; position: relative; color: #74787e; font-size: 15px; line-height: 18px; margin: 0; padding: 10px 0;">22-09-2026 (Tuesday)</td>
<td align="right" style="box-sizing: border-box; font-family: -apple-system, BlinkMacSystemFont, 'Segoe UI', Roboto, Helvetica, Arial, sans-serif, 'Apple Color Emoji', 'Segoe UI Emoji', 'Segoe UI Symbol'; position: relative; color: #74787e; font-size: 15px; line-height: 18px; margin: 0; padding: 10px 0;">Night Shift</td>
</tr>
<tr>
<td align="left" style="box-sizing: border-box; font-family: -apple-system, BlinkMacSystemFont, 'Segoe UI', Roboto, Helvetica, Arial, sans-serif, 'Apple Color Emoji', 'Segoe UI Emoji', 'Segoe UI Symbol'; position: relative; color: #74787e; font-size: 15px; line-height: 18px; margin: 0; padding: 10px 0;">23-09-2026 (Wednesday)</td>
<td align="right" style="box-sizing: border-box; font-family: -apple-system, BlinkMacSystemFont, 'Segoe UI', Roboto, Helvetica, Arial, sans-serif, 'Apple Color Emoji', 'Segoe UI Emoji', 'Segoe UI Symbol'; position: relative; color: #74787e; font-size: 15px; line-height: 18px; margin: 0; padding: 10px 0;">Night Shift</td>
</tr>
<tr>
<td align="left" style="box-sizing: border-box; font-family: -apple-system, BlinkMacSystemFont, 'Segoe UI', Roboto, Helvetica, Arial, sans-serif, 'Apple Color Emoji', 'Segoe UI Emoji', 'Segoe UI Symbol'; position: relative; color: #74787e; font-size: 15px; line-height: 18px; margin: 0; padding: 10px 0;">24-09-2026 (Thursday)</td>
<td align="right" style="box-sizing: border-box; font-family: -apple-system, BlinkMacSystemFont, 'Segoe UI', Roboto, Helvetica, Arial, sans-serif, 'Apple Color Emoji', 'Segoe UI Emoji', 'Segoe UI Symbol'; position: relative; color: #74787e; font-size: 15px; line-height: 18px; margin: 0; padding: 10px 0;">Night Shift</td>
</tr>
<tr>
<td align="left" style="box-sizing: border-box; font-family: -apple-system, BlinkMacSystemFont, 'Segoe UI', Roboto, Helvetica, Arial, sans-serif, 'Apple Color Emoji', 'Segoe UI Emoji', 'Segoe UI Symbol'; position: relative; color: #74787e; font-size: 15px; line-height: 18px; margin: 0; padding: 10px 0;">25-09-2026 (Friday)</td>
<td align="right" style="box-sizing: border-box; font-family: -apple-system, BlinkMacSystemFont, 'Segoe UI', Roboto, Helvetica, Arial, sans-serif, 'Apple Color Emoji', 'Segoe UI Emoji', 'Segoe UI Symbol'; position: relative; color: #74787e; font-size: 15px; line-height: 18px; margin: 0; padding: 10px 0;">Night Shift</td>
</tr>
<tr>
<td align="left" style="box-sizing: border-box; font-family: -apple-system, BlinkMacSystemFont, 'Segoe UI', Roboto, Helvetica, Arial, sans-serif, 'Apple Color Emoji', 'Segoe UI Emoji', 'Segoe UI Symbol'; position: relative; color: #74787e; font-size: 15px; line-height: 18px; margin: 0; padding: 10px 0;">26-09-2026 (Saturday)</td>
<td align="right" style="box-sizing: border-box; font-family: -apple-system, BlinkMacSystemFont, 'Segoe UI', Roboto, Helvetica, Arial, sans-serif, 'Apple Color Emoji', 'Segoe UI Emoji', 'Segoe UI Symbol'; position: relative; color: #74787e; font-size: 15px; line-height: 18px; margin: 0; padding: 10px 0;">Night Shift</td>
</tr>
<tr>
<td align="left" style="box-sizing: border-box; font-family: -apple-system, BlinkMacSystemFont, 'Segoe UI', Roboto, Helvetica, Arial, sans-serif, 'Apple Color Emoji', 'Segoe UI Emoji', 'Segoe UI Symbol'; position: relative; color: #74787e; font-size: 15px; line-height: 18px; margin: 0; padding: 10px 0;">27-09-2026 (Sunday)</td>
<td align="right" style="box-sizing: border-box; font-family: -apple-system, BlinkMacSystemFont, 'Segoe UI', Roboto, Helvetica, Arial, sans-serif, 'Apple Color Emoji', 'Segoe UI Emoji', 'Segoe UI Symbol'; position: relative; color: #74787e; font-size: 15px; line-height: 18px; margin: 0; padding: 10px 0;">Night Shift</td>
</tr>
<tr>
<td align="left" style="box-sizing: border-box; font-family: -apple-system, BlinkMacSystemFont, 'Segoe UI', Roboto, Helvetica, Arial, sans-serif, 'Apple Color Emoji', 'Segoe UI Emoji', 'Segoe UI Symbol'; position: relative; color: #74787e; font-size: 15px; line-height: 18px; margin: 0; padding: 10px 0;">28-09-2026 (Monday)</td>
<td align="right" style="box-sizing: border-box; font-family: -apple-system, BlinkMacSystemFont, 'Segoe UI', Roboto, Helvetica, Arial, sans-serif, 'Apple Color Emoji', 'Segoe UI Emoji', 'Segoe UI Symbol'; position: relative; color: #74787e; font-size: 15px; line-height: 18px; margin: 0; padding: 10px 0;">Night Shift</td>
</tr>
<tr>
<td align="left" style="box-sizing: border-box; font-family: -apple-system, BlinkMacSystemFont, 'Segoe UI', Roboto, Helvetica, Arial, sans-serif, 'Apple Color Emoji', 'Segoe UI Emoji', 'Segoe UI Symbol'; position: relative; color: #74787e; font-size: 15px; line-height: 18px; margin: 0; padding: 10px 0;">29-09-2026 (Tuesday)</td>
<td align="right" style="box-sizing: border-box; font-family: -apple-system, BlinkMacSystemFont, 'Segoe UI', Roboto, Helvetica, Arial, sans-serif, 'Apple Color Emoji', 'Segoe UI Emoji', 'Segoe UI Symbol'; position: relative; color: #74787e; font-size: 15px; line-height: 18px; margin: 0; padding: 10px 0;">Night Shift</td>
</tr>
<tr>
<td align="left" style="box-sizing: border-box; font-family: -apple-system, BlinkMacSystemFont, 'Segoe UI', Roboto, Helvetica, Arial, sans-serif, 'Apple Color Emoji', 'Segoe UI Emoji', 'Segoe UI Symbol'; position: relative; color: #74787e; font-size: 15px; line-height: 18px; margin: 0; padding: 10px 0;">30-09-2026 (Wednesday)</td>
<td align="right" style="box-sizing: border-box; font-family: -apple-system, BlinkMacSystemFont, 'Segoe UI', Roboto, Helvetica, Arial, sans-serif, 'Apple Color Emoji', 'Segoe UI Emoji', 'Segoe UI Symbol'; position: relative; color: #74787e; font-size: 15px; line-height: 18px; margin: 0; padding: 10px 0;">Night Shift</td>
</tr>
<tr>
<td align="left" style="box-sizing: border-box; font-family: -apple-system, BlinkMacSystemFont, 'Segoe UI', Roboto, Helvetica, Arial, sans-serif, 'Apple Color Emoji', 'Segoe UI Emoji', 'Segoe UI Symbol'; position: relative; color: #74787e; font-size: 15px; line-height: 18px; margin: 0; padding: 10px 0;">01-10-2026 (Thursday)</td>
<td align="right" style="box-sizing: border-box; font-family: -apple-system, BlinkMacSystemFont, 'Segoe UI', Roboto, Helvetica, Arial, sans-serif, 'Apple Color Emoji', 'Segoe UI Emoji', 'Segoe UI Symbol'; position: relative; color: #74787e; font-size: 15px; line-height: 18px; margin: 0; padding: 10px 0;">Night Shift</td>
</tr>
<tr>
<td align="left" style="box-sizing: border-box; font-family: -apple-system, BlinkMacSystemFont, 'Segoe UI', Roboto, Helvetica, Arial, sans-serif, 'Apple Color Emoji', 'Segoe UI Emoji', 'Segoe UI Symbol'; position: relative; color: #74787e; font-size: 15px; line-height: 18px; margin: 0; padding: 10px 0;">02-10-2026 (Friday)</td>
<td align="right" style="box-sizing: border-box; font-family: -apple-system, BlinkMacSystemFont, 'Segoe UI', Roboto, Helvetica, Arial, sans-serif, 'Apple Color Emoji', 'Segoe UI Emoji', 'Segoe UI Symbol'; position: relative; color: #74787e; font-size: 15px; line-height: 18px; margin: 0; padding: 10px 0;">Night Shift</td>
</tr>
<tr>
<td align="left" style="box-sizing: border-box; font-family: -apple-system, BlinkMacSystemFont, 'Segoe UI', Roboto, Helvetica, Arial, sans-serif, 'Apple Color Emoji', 'Segoe UI Emoji', 'Segoe UI Symbol'; position: relative; color: #74787e; font-size: 15px; line-height: 18px; margin: 0; padding: 10px 0;">03-10-2026 (Saturday)</td>
<td align="right" style="box-sizing: border-box; font-family: -apple-system, BlinkMacSystemFont, 'Segoe UI', Roboto, Helvetica, Arial, sans-serif, 'Apple Color Emoji', 'Segoe UI Emoji', 'Segoe UI Symbol'; position: relative; color: #74787e; font-size: 15px; line-height: 18px; margin: 0; padding: 10px 0;">Night Shift</td>
</tr>
<tr>
<td align="left" style="box-sizing: border-box; font-family: -apple-system, BlinkMacSystemFont, 'Segoe UI', Roboto, Helvetica, Arial, sans-serif, 'Apple Color Emoji', 'Segoe UI Emoji', 'Segoe UI Symbol'; position: relative; color: #74787e; font-size: 15px; line-height: 18px; margin: 0; padding: 10px 0;">04-10-2026 (Sunday)</td>
<td align="right" style="box-sizing: border-box; font-family: -apple-system, BlinkMacSystemFont, 'Segoe UI', Roboto, Helvetica, Arial, sans-serif, 'Apple Color Emoji', 'Segoe UI Emoji', 'Segoe UI Symbol'; position: relative; color: #74787e; font-size: 15px; line-height: 18px; margin: 0; padding: 10px 0;">Night Shift</td>
</tr>
<tr>
<td align="left" style="box-sizing: border-box; font-family: -apple-system, BlinkMacSystemFont, 'Segoe UI', Roboto, Helvetica, Arial, sans-serif, 'Apple Color Emoji', 'Segoe UI Emoji', 'Segoe UI Symbol'; position: relative; color: #74787e; font-size: 15px; line-height: 18px; margin: 0; padding: 10px 0;">05-10-2026 (Monday)</td>
<td align="right" style="box-sizing: border-box; font-family: -apple-system, BlinkMacSystemFont, 'Segoe UI', Roboto, Helvetica, Arial, sans-serif, 'Apple Color Emoji', 'Segoe UI Emoji', 'Segoe UI Symbol'; position: relative; color: #74787e; font-size: 15px; line-height: 18px; margin: 0; padding: 10px 0;">Night Shift</td>
</tr>
<tr>
<td align="left" style="box-sizing: border-box; font-family: -apple-system, BlinkMacSystemFont, 'Segoe UI', Roboto, Helvetica, Arial, sans-serif, 'Apple Color Emoji', 'Segoe UI Emoji', 'Segoe UI Symbol'; position: relative; color: #74787e; font-size: 15px; line-height: 18px; margin: 0; padding: 10px 0;">06-10-2026 (Tuesday)</td>
<td align="right" style="box-sizing: border-box; font-family: -apple-system, BlinkMacSystemFont, 'Segoe UI', Roboto, Helvetica, Arial, sans-serif, 'Apple Color Emoji', 'Segoe UI Emoji', 'Segoe UI Symbol'; position: relative; color: #74787e; font-size: 15px; line-height: 18px; margin: 0; padding: 10px 0;">Night Shift</td>
</tr>
<tr>
<td align="left" style="box-sizing: border-box; font-family: -apple-system, BlinkMacSystemFont, 'Segoe UI', Roboto, Helvetica, Arial, sans-serif, 'Apple Color Emoji', 'Segoe UI Emoji', 'Segoe UI Symbol'; position: relative; color: #74787e; font-size: 15px; line-height: 18px; margin: 0; padding: 10px 0;">07-10-2026 (Wednesday)</td>
<td align="right" style="box-sizing: border-box; font-family: -apple-system, BlinkMacSystemFont, 'Segoe UI', Roboto, Helvetica, Arial, sans-serif, 'Apple Color Emoji', 'Segoe UI Emoji', 'Segoe UI Symbol'; position: relative; color: #74787e; font-size: 15px; line-height: 18px; margin: 0; padding: 10px 0;">Night Shift</td>
</tr>
<tr>
<td align="left" style="box-sizing: border-box; font-family: -apple-system, BlinkMacSystemFont, 'Segoe UI', Roboto, Helvetica, Arial, sans-serif, 'Apple Color Emoji', 'Segoe UI Emoji', 'Segoe UI Symbol'; position: relative; color: #74787e; font-size: 15px; line-height: 18px; margin: 0; padding: 10px 0;">08-10-2026 (Thursday)</td>
<td align="right" style="box-sizing: border-box; font-family: -apple-system, BlinkMacSystemFont, 'Segoe UI', Roboto, Helvetica, Arial, sans-serif, 'Apple Color Emoji', 'Segoe UI Emoji', 'Segoe UI Symbol'; position: relative; color: #74787e; font-size: 15px; line-height: 18px; margin: 0; padding: 10px 0;">Night Shift</td>
</tr>
<tr>
<td align="left" style="box-sizing: border-box; font-family: -apple-system, BlinkMacSystemFont, 'Segoe UI', Roboto, Helvetica, Arial, sans-serif, 'Apple Color Emoji', 'Segoe UI Emoji', 'Segoe UI Symbol'; position: relative; color: #74787e; font-size: 15px; line-height: 18px; margin: 0; padding: 10px 0;">09-10-2026 (Friday)</td>
<td align="right" style="box-sizing: border-box; font-family: -apple-system, BlinkMacSystemFont, 'Segoe UI', Roboto, Helvetica, Arial, sans-serif, 'Apple Color Emoji', 'Segoe UI Emoji', 'Segoe UI Symbol'; position: relative; color: #74787e; font-size: 15px; line-height: 18px; margin: 0; padding: 10px 0;">Night Shift</td>
</tr>
<tr>
<td align="left" style="box-sizing: border-box; font-family: -apple-system, BlinkMacSystemFont, 'Segoe UI', Roboto, Helvetica, Arial, sans-serif, 'Apple Color Emoji', 'Segoe UI Emoji', 'Segoe UI Symbol'; position: relative; color: #74787e; font-size: 15px; line-height: 18px; margin: 0; padding: 10px 0;">10-10-2026 (Saturday)</td>
<td align="right" style="box-sizing: border-box; font-family: -apple-system, BlinkMacSystemFont, 'Segoe UI', Roboto, Helvetica, Arial, sans-serif, 'Apple Color Emoji', 'Segoe UI Emoji', 'Segoe UI Symbol'; position: relative; color: #74787e; font-size: 15px; line-height: 18px; margin: 0; padding: 10px 0;">Night Shift</td>
</tr>
<tr>
<td align="left" style="box-sizing: border-box; font-family: -apple-system, BlinkMacSystemFont, 'Segoe UI', Roboto, Helvetica, Arial, sans-serif, 'Apple Color Emoji', 'Segoe UI Emoji', 'Segoe UI Symbol'; position: relative; color: #74787e; font-size: 15px; line-height: 18px; margin: 0; padding: 10px 0;">11-10-2026 (Sunday)</td>
<td align="right" style="box-sizing: border-box; font-family: -apple-system, BlinkMacSystemFont, 'Segoe UI', Roboto, Helvetica, Arial, sans-serif, 'Apple Color Emoji', 'Segoe UI Emoji', 'Segoe UI Symbol'; position: relative; color: #74787e; font-size: 15px; line-height: 18px; margin: 0; padding: 10px 0;">Night Shift</td>
</tr>
<tr>
<td align="left" style="box-sizing: border-box; font-family: -apple-system, BlinkMacSystemFont, 'Segoe UI', Roboto, Helvetica, Arial, sans-serif, 'Apple Color Emoji', 'Segoe UI Emoji', 'Segoe UI Symbol'; position: relative; color: #74787e; font-size: 15px; line-height: 18px; margin: 0; padding: 10px 0;">12-10-2026 (Monday)</td>
<td align="right" style="box-sizing: border-box; font-family: -apple-system, BlinkMacSystemFont, 'Segoe UI', Roboto, Helvetica, Arial, sans-serif, 'Apple Color Emoji', 'Segoe UI Emoji', 'Segoe UI Symbol'; position: relative; color: #74787e; font-size: 15px; line-height: 18px; margin: 0; padding: 10px 0;">Night Shift</td>
</tr>
<tr>
<td align="left" style="box-sizing: border-box; font-family: -apple-system, BlinkMacSystemFont, 'Segoe UI', Roboto, Helvetica, Arial, sans-serif, 'Apple Color Emoji', 'Segoe UI Emoji', 'Segoe UI Symbol'; position: relative; color: #74787e; font-size: 15px; line-height: 18px; margin: 0; padding: 10px 0;">13-10-2026 (Tuesday)</td>
<td align="right" style="box-sizing: border-box; font-family: -apple-system, BlinkMacSystemFont, 'Segoe UI', Roboto, Helvetica, Arial, sans-serif, 'Apple Color Emoji', 'Segoe UI Emoji', 'Segoe UI Symbol'; position: relative; color: #74787e; font-size: 15px; line-height: 18px; margin: 0; padding: 10px 0;">Night Shift</td>
</tr>
<tr>
<td align="left" style="box-sizing: border-box; font-family: -apple-system, BlinkMacSystemFont, 'Segoe UI', Roboto, Helvetica, Arial, sans-serif, 'Apple Color Emoji', 'Segoe UI Emoji', 'Segoe UI Symbol'; position: relative; color: #74787e; font-size: 15px; line-height: 18px; margin: 0; padding: 10px 0;">14-10-2026 (Wednesday)</td>
<td align="right" style="box-sizing: border-box; font-family: -apple-system, BlinkMacSystemFont, 'Segoe UI', Roboto, Helvetica, Arial, sans-serif, 'Apple Color Emoji', 'Segoe UI Emoji', 'Segoe UI Symbol'; position: relative; color: #74787e; font-size: 15px; line-height: 18px; margin: 0; padding: 10px 0;">Night Shift</td>
</tr>
<tr>
<td align="left" style="box-sizing: border-box; font-family: -apple-system, BlinkMacSystemFont, 'Segoe UI', Roboto, Helvetica, Arial, sans-serif, 'Apple Color Emoji', 'Segoe UI Emoji', 'Segoe UI Symbol'; position: relative; color: #74787e; font-size: 15px; line-height: 18px; margin: 0; padding: 10px 0;">15-10-2026 (Thursday)</td>
<td align="right" style="box-sizing: border-box; font-family: -apple-system, BlinkMacSystemFont, 'Segoe UI', Roboto, Helvetica, Arial, sans-serif, 'Apple Color Emoji', 'Segoe UI Emoji', 'Segoe UI Symbol'; position: relative; color: #74787e; font-size: 15px; line-height: 18px; margin: 0; padding: 10px 0;">Night Shift</td>
</tr>
<tr>
<td align="left" style="box-sizing: border-box; font-family: -apple-system, BlinkMacSystemFont, 'Segoe UI', Roboto, Helvetica, Arial, sans-serif, 'Apple Color Emoji', 'Segoe UI Emoji', 'Segoe UI Symbol'; position: relative; color: #74787e; font-size: 15px; line-height: 18px; margin: 0; padding: 10px 0;">16-10-2026 (Friday)</td>
<td align="right" style="box-sizing: border-box; font-family: -apple-system, BlinkMacSystemFont, 'Segoe UI', Roboto, Helvetica, Arial, sans-serif, 'Apple Color Emoji', 'Segoe UI Emoji', 'Segoe UI Symbol'; position: relative; color: #74787e; font-size: 15px; line-height: 18px; margin: 0; padding: 10px 0;">Night Shift</td>
</tr>
<tr>
<td align="left" style="box-sizing: border-box; font-family: -apple-system, BlinkMacSystemFont, 'Segoe UI', Roboto, Helvetica, Arial, sans-serif, 'Apple Color Emoji', 'Segoe UI Emoji', 'Segoe UI Symbol'; position: relative; color: #74787e; font-size: 15px; line-height: 18px; margin: 0; padding: 10px 0;">17-10-2026 (Saturday)</td>
<td align="right" style="box-sizing: border-box; font-family: -apple-system, BlinkMacSystemFont, 'Segoe UI', Roboto, Helvetica, Arial, sans-serif, 'Apple Color Emoji', 'Segoe UI Emoji', 'Segoe UI Symbol'; position: relative; color: #74787e; font-size: 15px; line-height: 18px; margin: 0; padding: 10px 0;">Night Shift</td>
</tr>
<tr>
<td align="left" style="box-sizing: border-box; font-family: -apple-system, BlinkMacSystemFont, 'Segoe UI', Roboto, Helvetica, Arial, sans-serif, 'Apple Color Emoji', 'Segoe UI Emoji', 'Segoe UI Symbol'; position: relative; color: #74787e; font-size: 15px; line-height: 18px; margin: 0; padding: 10px 0;">18-10-2026 (Sunday)</td>
<td align="right" style="box-sizing: border-box; font-family: -apple-system, BlinkMacSystemFont, 'Segoe UI', Roboto, Helvetica, Arial, sans-serif, 'Apple Color Emoji', 'Segoe UI Emoji', 'Segoe UI Symbol'; position: relative; color: #74787e; font-size: 15px; line-height: 18px; margin: 0; padding: 10px 0;">Night Shift</td>
</tr>
<tr>
<td align="left" style="box-sizing: border-box; font-family: -apple-system, BlinkMacSystemFont, 'Segoe UI', Roboto, Helvetica, Arial, sans-serif, 'Apple Color Emoji', 'Segoe UI Emoji', 'Segoe UI Symbol'; position: relative; color: #74787e; font-size: 15px; line-height: 18px; margin: 0; padding: 10px 0;">19-10-2026 (Monday)</td>
<td align="right" style="box-sizing: border-box; font-family: -apple-system, BlinkMacSystemFont, 'Segoe UI', Roboto, Helvetica, Arial, sans-serif, 'Apple Color Emoji', 'Segoe UI Emoji', 'Segoe UI Symbol'; position: relative; color: #74787e; font-size: 15px; line-height: 18px; margin: 0; padding: 10px 0;">Night Shift</td>
</tr>
<tr>
<td align="left" style="box-sizing: border-box; font-family: -apple-system, BlinkMacSystemFont, 'Segoe UI', Roboto, Helvetica, Arial, sans-serif, 'Apple Color Emoji', 'Segoe UI Emoji', 'Segoe UI Symbol'; position: relative; color: #74787e; font-size: 15px; line-height: 18px; margin: 0; padding: 10px 0;">20-10-2026 (Tuesday)</td>
<td align="right" style="box-sizing: border-box; font-family: -apple-system, BlinkMacSystemFont, 'Segoe UI', Roboto, Helvetica, Arial, sans-serif, 'Apple Color Emoji', 'Segoe UI Emoji', 'Segoe UI Symbol'; position: relative; color: #74787e; font-size: 15px; line-height: 18px; margin: 0; padding: 10px 0;">Night Shift</td>
</tr>
<tr>
<td align="left" style="box-sizing: border-box; font-family: -apple-system, BlinkMacSystemFont, 'Segoe UI', Roboto, Helvetica, Arial, sans-serif, 'Apple Color Emoji', 'Segoe UI Emoji', 'Segoe UI Symbol'; position: relative; color: #74787e; font-size: 15px; line-height: 18px; margin: 0; padding: 10px 0;">21-10-2026 (Wednesday)</td>
<td align="right" style="box-sizing: border-box; font-family: -apple-system, BlinkMacSystemFont, 'Segoe UI', Roboto, Helvetica, Arial, sans-serif, 'Apple Color Emoji', 'Segoe UI Emoji', 'Segoe UI Symbol'; position: relative; color: #74787e; font-size: 15px; line-height: 18px; margin: 0; padding: 10px 0;">Night Shift</td>
</tr>
<tr>
<td align="left" style="box-sizing: border-box; font-family: -apple-system, BlinkMacSystemFont, 'Segoe UI', Roboto, Helvetica, Arial, sans-serif, 'Apple Color Emoji', 'Segoe UI Emoji', 'Segoe UI Symbol'; position: relative; color: #74787e; font-size: 15px; line-height: 18px; margin: 0; padding: 10px 0;">22-10-2026 (Thursday)</td>
<td align="right" style="box-sizing: border-box; font-family: -apple-system, BlinkMacSystemFont, 'Segoe UI', Roboto, Helvetica, Arial, sans-serif, 'Apple Color Emoji', 'Segoe UI Emoji', 'Segoe UI Symbol'; position: relative; color: #74787e; font-size: 15px; line-height: 18px; margin: 0; padding: 10px 0;">Night Shift</td>
</tr>
<tr>
<td align="left" style="box-sizing: border-box; font-family: -apple-system, BlinkMacSystemFont, 'Segoe UI', Roboto, Helvetica, Arial, sans-serif, 'Apple Color Emoji', 'Segoe UI Emoji', 'Segoe UI Symbol'; position: relative; color: #74787e; font-size: 15px; line-height: 18px; margin: 0; padding: 10px 0;">23-10-2026 (Friday)</td>
<td align="right" style="box-sizing: border-box; font-family: -apple-system, BlinkMacSystemFont, 'Segoe UI', Roboto, Helvetica, Arial, sans-serif, 'Apple Color Emoji', 'Segoe UI Emoji', 'Segoe UI Symbol'; position: relative; color: #74787e; font-size: 15px; line-height: 18px; margin: 0; padding: 10px 0;">Night Shift</td>
</tr>
<tr>
<td align="left" style="box-sizing: border-box; font-family: -apple-system, BlinkMacSystemFont, 'Segoe UI', Roboto, Helvetica, Arial, sans-serif, 'Apple Color Emoji', 'Segoe UI Emoji', 'Segoe UI Symbol'; position: relative; color: #74787e; font-size: 15px; line-height: 18px; margin: 0; padding: 10px 0;">24-10-2026 (Saturday)</td>
<td align="right" style="box-sizing: border-box; font-family: -apple-system, BlinkMacSystemFont, 'Segoe UI', Roboto, Helvetica, Arial, sans-serif, 'Apple Color Emoji', 'Segoe UI Emoji', 'Segoe UI Symbol'; position: relative; color: #74787e; font-size: 15px; line-height: 18px; margin: 0; padding: 10px 0;">Night Shift</td>
</tr>
<tr>
<td align="left" style="box-sizing: border-box; font-family: -apple-system, BlinkMacSystemFont, 'Segoe UI', Roboto, Helvetica, Arial, sans-serif, 'Apple Color Emoji', 'Segoe UI Emoji', 'Segoe UI Symbol'; position: relative; color: #74787e; font-size: 15px; line-height: 18px; margin: 0; padding: 10px 0;">25-10-2026 (Sunday)</td>
<td align="right" style="box-sizing: border-box; font-family: -apple-system, BlinkMacSystemFont, 'Segoe UI', Roboto, Helvetica, Arial, sans-serif, 'Apple Color Emoji', 'Segoe UI Emoji', 'Segoe UI Symbol'; position: relative; color: #74787e; font-size: 15px; line-height: 18px; margin: 0; padding: 10px 0;">Night Shift</td>
</tr>
<tr>
<td align="left" style="box-sizing: border-box; font-family: -apple-system, BlinkMacSystemFont, 'Segoe UI', Roboto, Helvetica, Arial, sans-serif, 'Apple Color Emoji', 'Segoe UI Emoji', 'Segoe UI Symbol'; position: relative; color: #74787e; font-size: 15px; line-height: 18px; margin: 0; padding: 10px 0;">26-10-2026 (Monday)</td>
<td align="right" style="box-sizing: border-box; font-family: -apple-system, BlinkMacSystemFont, 'Segoe UI', Roboto, Helvetica, Arial, sans-serif, 'Apple Color Emoji', 'Segoe UI Emoji', 'Segoe UI Symbol'; position: relative; color: #74787e; font-size: 15px; line-height: 18px; margin: 0; padding: 10px 0;">Night Shift</td>
</tr>
<tr>
<td align="left" style="box-sizing: border-box; font-family: -apple-system, BlinkMacSystemFont, 'Segoe UI', Roboto, Helvetica, Arial, sans-serif, 'Apple Color Emoji', 'Segoe UI Emoji', 'Segoe UI Symbol'; position: relative; color: #74787e; font-size: 15px; line-height: 18px; margin: 0; padding: 10px 0;">27-10-2026 (Tuesday)</td>
<td align="right" style="box-sizing: border-box; font-family: -apple-system, BlinkMacSystemFont, 'Segoe UI', Roboto, Helvetica, Arial, sans-serif, 'Apple Color Emoji', 'Segoe UI Emoji', 'Segoe UI Symbol'; position: relative; color: #74787e; font-size: 15px; line-height: 18px; margin: 0; padding: 10px 0;">Night Shift</td>
</tr>
<tr>
<td align="left" style="box-sizing: border-box; font-family: -apple-system, BlinkMacSystemFont, 'Segoe UI', Roboto, Helvetica, Arial, sans-serif, 'Apple Color Emoji', 'Segoe UI Emoji', 'Segoe UI Symbol'; position: relative; color: #74787e; font-size: 15px; line-height: 18px; margin: 0; padding: 10px 0;">28-10-2026 (Wednesday)</td>
<td align="right" style="box-sizing: border-box; font-family: -apple-system, BlinkMacSystemFont, 'Segoe UI', Roboto, Helvetica, Arial, sans-serif, 'Apple Color Emoji', 'Segoe UI Emoji', 'Segoe UI Symbol'; position: relative; color: #74787e; font-size: 15px; line-height: 18px; margin: 0; padding: 10px 0;">Night Shift</td>
</tr>
<tr>
<td align="left" style="box-sizing: border-box; font-family: -apple-system, BlinkMacSystemFont, 'Segoe UI', Roboto, Helvetica, Arial, sans-serif, 'Apple Color Emoji', 'Segoe UI Emoji', 'Segoe UI Symbol'; position: relative; color: #74787e; font-size: 15px; line-height: 18px; margin: 0; padding: 10px 0;">29-10-2026 (Thursday)</td>
<td align="right" style="box-sizing: border-box; font-family: -apple-system, BlinkMacSystemFont, 'Segoe UI', Roboto, Helvetica, Arial, sans-serif, 'Apple Color Emoji', 'Segoe UI Emoji', 'Segoe UI Symbol'; position: relative; color: #74787e; font-size: 15px; line-height: 18px; margin: 0; padding: 10px 0;">Night Shift</td>
</tr>
<tr>
<td align="left" style="box-sizing: border-box; font-family: -apple-system, BlinkMacSystemFont, 'Segoe UI', Roboto, Helvetica, Arial, sans-serif, 'Apple Color Emoji', 'Segoe UI Emoji', 'Segoe UI Symbol'; position: relative; color: #74787e; font-size: 15px; line-height: 18px; margin: 0; padding: 10px 0;">30-10-2026 (Friday)</td>
<td align="right" style="box-sizing: border-box; font-family: -apple-system, BlinkMacSystemFont, 'Segoe UI', Roboto, Helvetica, Arial, sans-serif, 'Apple Color Emoji', 'Segoe UI Emoji', 'Segoe UI Symbol'; position: relative; color: #74787e; font-size: 15px; line-height: 18px; margin: 0; padding: 10px 0;">Night Shift</td>
</tr>
<tr>
<td align="left" style="box-sizing: border-box; font-family: -apple-system, BlinkMacSystemFont, 'Segoe UI', Roboto, Helvetica, Arial, sans-serif, 'Apple Color Emoji', 'Segoe UI Emoji', 'Segoe UI Symbol'; position: relative; color: #74787e; font-size: 15px; line-height: 18px; margin: 0; padding: 10px 0;">31-10-2026 (Saturday)</td>
<td align="right" style="box-sizing: border-box; font-family: -apple-system, BlinkMacSystemFont, 'Segoe UI', Roboto, Helvetica, Arial, sans-serif, 'Apple Color Emoji', 'Segoe UI Emoji', 'Segoe UI Symbol'; position: relative; color: #74787e; font-size: 15px; line-height: 18px; margin: 0; padding: 10px 0;">Night Shift</td>
</tr>
<tr>
<td align="left" style="box-sizing: border-box; font-family: -apple-system, BlinkMacSystemFont, 'Segoe UI', Roboto, Helvetica, Arial, sans-serif, 'Apple Color Emoji', 'Segoe UI Emoji', 'Segoe UI Symbol'; position: relative; color: #74787e; font-size: 15px; line-height: 18px; margin: 0; padding: 10px 0;">01-11-2026 (Sunday)</td>
<td align="right" style="box-sizing: border-box; font-family: -apple-system, BlinkMacSystemFont, 'Segoe UI', Roboto, Helvetica, Arial, sans-serif, 'Apple Color Emoji', 'Segoe UI Emoji', 'Segoe UI Symbol'; position: relative; color: #74787e; font-size: 15px; line-height: 18px; margin: 0; padding: 10px 0;">Night Shift</td>
</tr>
<tr>
<td align="left" style="box-sizing: border-box; font-family: -apple-system, BlinkMacSystemFont, 'Segoe UI', Roboto, Helvetica, Arial, sans-serif, 'Apple Color Emoji', 'Segoe UI Emoji', 'Segoe UI Symbol'; position: relative; color: #74787e; font-size: 15px; line-height: 18px; margin: 0; padding: 10px 0;">02-11-2026 (Monday)</td>
<td align="right" style="box-sizing: border-box; font-family: -apple-system, BlinkMacSystemFont, 'Segoe UI', Roboto, Helvetica, Arial, sans-serif, 'Apple Color Emoji', 'Segoe UI Emoji', 'Segoe UI Symbol'; position: relative; color: #74787e; font-size: 15px; line-height: 18px; margin: 0; padding: 10px 0;">Night Shift</td>
</tr>
<tr>
<td align="left" style="box-sizing: border-box; font-family: -apple-system, BlinkMacSystemFont, 'Segoe UI', Roboto, Helvetica, Arial, sans-serif, 'Apple Color Emoji', 'Segoe UI Emoji', 'Segoe UI Symbol'; position: relative; color: #74787e; font-size: 15px; line-height: 18px; margin: 0; padding: 10px 0;">03-11-2026 (Tuesday)</td>
<td align="right" style="box-sizing: border-box; font-family: -apple-system, BlinkMacSystemFont, 'Segoe UI', Roboto, Helvetica, Arial, sans-serif, 'Apple Color Emoji', 'Segoe UI Emoji', 'Segoe UI Symbol'; position: relative; color: #74787e; font-size: 15px; line-height: 18px; margin: 0; padding: 10px 0;">Night Shift</td>
</tr>
<tr>
<td align="left" style="box-sizing: border-box; font-family: -apple-system, BlinkMacSystemFont, 'Segoe UI', Roboto, Helvetica, Arial, sans-serif, 'Apple Color Emoji', 'Segoe UI Emoji', 'Segoe UI Symbol'; position: relative; color: #74787e; font-size: 15px; line-height: 18px; margin: 0; padding: 10px 0;">04-11-2026 (Wednesday)</td>
<td align="right" style="box-sizing: border-box; font-family: -apple-system, BlinkMacSystemFont, 'Segoe UI', Roboto, Helvetica, Arial, sans-serif, 'Apple Color Emoji', 'Segoe UI Emoji', 'Segoe UI Symbol'; position: relative; color: #74787e; font-size: 15px; line-height: 18px; margin: 0; padding: 10px 0;">Night Shift</td>
</tr>
<tr>
<td align="left" style="box-sizing: border-box; font-family: -apple-system, BlinkMacSystemFont, 'Segoe UI', Roboto, Helvetica, Arial, sans-serif, 'Apple Color Emoji', 'Segoe UI Emoji', 'Segoe UI Symbol'; position: relative; color: #74787e; font-size: 15px; line-height: 18px; margin: 0; padding: 10px 0;">05-11-2026 (Thursday)</td>
<td align="right" style="box-sizing: border-box; font-family: -apple-system, BlinkMacSystemFont, 'Segoe UI', Roboto, Helvetica, Arial, sans-serif, 'Apple Color Emoji', 'Segoe UI Emoji', 'Segoe UI Symbol'; position: relative; color: #74787e; font-size: 15px; line-height: 18px; margin: 0; padding: 10px 0;">Night Shift</td>
</tr>
<tr>
<td align="left" style="box-sizing: border-box; font-family: -apple-system, BlinkMacSystemFont, 'Segoe UI', Roboto, Helvetica, Arial, sans-serif, 'Apple Color Emoji', 'Segoe UI Emoji', 'Segoe UI Symbol'; position: relative; color: #74787e; font-size: 15px; line-height: 18px; margin: 0; padding: 10px 0;">06-11-2026 (Friday)</td>
<td align="right" style="box-sizing: border-box; font-family: -apple-system, BlinkMacSystemFont, 'Segoe UI', Roboto, Helvetica, Arial, sans-serif, 'Apple Color Emoji', 'Segoe UI Emoji', 'Segoe UI Symbol'; position: relative; color: #74787e; font-size: 15px; line-height: 18px; margin: 0; padding: 10px 0;">Night Shift</td>
</tr>
<tr>
<td align="left" style="box-sizing: border-box; font-family: -apple-system, BlinkMacSystemFont, 'Segoe UI', Roboto, Helvetica, Arial, sans-serif, 'Apple Color Emoji', 'Segoe UI Emoji', 'Segoe UI Symbol'; position: relative; color: #74787e; font-size: 15px; line-height: 18px; margin: 0; padding: 10px 0;">07-11-2026 (Saturday)</td>
<td align="right" style="box-sizing: border-box; font-family: -apple-system, BlinkMacSystemFont, 'Segoe UI', Roboto, Helvetica, Arial, sans-serif, 'Apple Color Emoji', 'Segoe UI Emoji', 'Segoe UI Symbol'; position: relative; color: #74787e; font-size: 15px; line-height: 18px; margin: 0; padding: 10px 0;">Night Shift</td>
</tr>
<tr>
<td align="left" style="box-sizing: border-box; font-family: -apple-system, BlinkMacSystemFont, 'Segoe UI', Roboto, Helvetica, Arial, sans-serif, 'Apple Color Emoji', 'Segoe UI Emoji', 'Segoe UI Symbol'; position: relative; color: #74787e; font-size: 15px; line-height: 18px; margin: 0; padding: 10px 0;">08-11-2026 (Sunday)</td>
<td align="right" style="box-sizing: border-box; font-family: -apple-system, BlinkMacSystemFont, 'Segoe UI', Roboto, Helvetica, Arial, sans-serif, 'Apple Color Emoji', 'Segoe UI Emoji', 'Segoe UI Symbol'; position: relative; color: #74787e; font-size: 15px; line-height: 18px; margin: 0; padding: 10px 0;">Night Shift</td>
</tr>
<tr>
<td align="left" style="box-sizing: border-box; font-family: -apple-system, BlinkMacSystemFont, 'Segoe UI', Roboto, Helvetica, Arial, sans-serif, 'Apple Color Emoji', 'Segoe UI Emoji', 'Segoe UI Symbol'; position: relative; color: #74787e; font-size: 15px; line-height: 18px; margin: 0; padding: 10px 0;">09-11-2026 (Monday)</td>
<td align="right" style="box-sizing: border-box; font-family: -apple-system, BlinkMacSystemFont, 'Segoe UI', Roboto, Helvetica, Arial, sans-serif, 'Apple Color Emoji', 'Segoe UI Emoji', 'Segoe UI Symbol'; position: relative; color: #74787e; font-size: 15px; line-height: 18px; margin: 0; padding: 10px 0;">Night Shift</td>
</tr>
<tr>
<td align="left" style="box-sizing: border-box; font-family: -apple-system, BlinkMacSystemFont, 'Segoe UI', Roboto, Helvetica, Arial, sans-serif, 'Apple Color Emoji', 'Segoe UI Emoji', 'Segoe UI Symbol'; position: relative; color: #74787e; font-size: 15px; line-height: 18px; margin: 0; padding: 10px 0;">10-11-2026 (Tuesday)</td>
<td align="right" style="box-sizing: border-box; font-family: -apple-system, BlinkMacSystemFont, 'Segoe UI', Roboto, Helvetica, Arial, sans-serif, 'Apple Color Emoji', 'Segoe UI Emoji', 'Segoe UI Symbol'; position: relative; color: #74787e; font-size: 15px; line-height: 18px; margin: 0; padding: 10px 0;">Night Shift</td>
</tr>
<tr>
<td align="left" style="box-sizing: border-box; font-family: -apple-system, BlinkMacSystemFont, 'Segoe UI', Roboto, Helvetica, Arial, sans-serif, 'Apple Color Emoji', 'Segoe UI Emoji', 'Segoe UI Symbol'; position: relative; color: #74787e; font-size: 15px; line-height: 18px; margin: 0; padding: 10px 0;">11-11-2026 (Wednesday)</td>
<td align="right" style="box-sizing: border-box; font-family: -apple-system, BlinkMacSystemFont, 'Segoe UI', Roboto, Helvetica, Arial, sans-serif, 'Apple Color Emoji', 'Segoe UI Emoji', 'Segoe UI Symbol'; position: relative; color: #74787e; font-size: 15px; line-height: 18px; margin: 0; padding: 10px 0;">Night Shift</td>
</tr>
<tr>
<td align="left" style="box-sizing: border-box; font-family: -apple-system, BlinkMacSystemFont, 'Segoe UI', Roboto, Helvetica, Arial, sans-serif, 'Apple Color Emoji', 'Segoe UI Emoji', 'Segoe UI Symbol'; position: relative; color: #74787e; font-size: 15px; line-height: 18px; margin: 0; padding: 10px 0;">12-11-2026 (Thursday)</td>
<td align="right" style="box-sizing: border-box; font-family: -apple-system, BlinkMacSystemFont, 'Segoe UI', Roboto, Helvetica, Arial, sans-serif, 'Apple Color Emoji', 'Segoe UI Emoji', 'Segoe UI Symbol'; position: relative; color: #74787e; font-size: 15px; line-height: 18px; margin: 0; padding: 10px 0;">Night Shift</td>
</tr>
<tr>
<td align="left" style="box-sizing: border-box; font-family: -apple-system, BlinkMacSystemFont, 'Segoe UI', Roboto, Helvetica, Arial, sans-serif, 'Apple Color Emoji', 'Segoe UI Emoji', 'Segoe UI Symbol'; position: relative; color: #74787e; font-size: 15px; line-height: 18px; margin: 0; padding: 10px 0;">13-11-2026 (Friday)</td>
<td align="right" style="box-sizing: border-box; font-family: -apple-system, BlinkMacSystemFont, 'Segoe UI', Roboto, Helvetica, Arial, sans-serif, 'Apple Color Emoji', 'Segoe UI Emoji', 'Segoe UI Symbol'; position: relative; color: #74787e; font-size: 15px; line-height: 18px; margin: 0; padding: 10px 0;">Night Shift</td>
</tr>
<tr>
<td align="left" style="box-sizing: border-box; font-family: -apple-system, BlinkMacSystemFont, 'Segoe UI', Roboto, Helvetica, Arial, sans-serif, 'Apple Color Emoji', 'Segoe UI Emoji', 'Segoe UI Symbol'; position: relative; color: #74787e; font-size: 15px; line-height: 18px; margin: 0; padding: 10px 0;">14-11-2026 (Saturday)</td>
<td align="right" style="box-sizing: border-box; font-family: -apple-system, BlinkMacSystemFont, 'Segoe UI', Roboto, Helvetica, Arial, sans-serif, 'Apple Color Emoji', 'Segoe UI Emoji', 'Segoe UI Symbol'; position: relative; color: #74787e; font-size: 15px; line-height: 18px; margin: 0; padding: 10px 0;">Night Shift</td>
</tr>
<tr>
<td align="left" style="box-sizing: border-box; font-family: -apple-system, BlinkMacSystemFont, 'Segoe UI', Roboto, Helvetica, Arial, sans-serif, 'Apple Color Emoji', 'Segoe UI Emoji', 'Segoe UI Symbol'; position: relative; color: #74787e; font-size: 15px; line-height: 18px; margin: 0; padding: 10px 0;">15-11-2026 (Sunday)</td>
<td align="right" style="box-sizing: border-box; font-family: -apple-system, BlinkMacSystemFont, 'Segoe UI', Roboto, Helvetica, Arial, sans-serif, 'Apple Color Emoji', 'Segoe UI Emoji', 'Segoe UI Symbol'; position: relative; color: #74787e; font-size: 15px; line-height: 18px; margin: 0; padding: 10px 0;">Night Shift</td>
</tr>
<tr>
<td align="left" style="box-sizing: border-box; font-family: -apple-system, BlinkMacSystemFont, 'Segoe UI', Roboto, Helvetica, Arial, sans-serif, 'Apple Color Emoji', 'Segoe UI Emoji', 'Segoe UI Symbol'; position: relative; color: #74787e; font-size: 15px; line-height: 18px; margin: 0; padding: 10px 0;">16-11-2026 (Monday)</td>
<td align="right" style="box-sizing: border-box; font-family: -apple-system, BlinkMacSystemFont, 'Segoe UI', Roboto, Helvetica, Arial, sans-serif, 'Apple Color Emoji', 'Segoe UI Emoji', 'Segoe UI Symbol'; position: relative; color: #74787e; font-size: 15px; line-height: 18px; margin: 0; padding: 10px 0;">Night Shift</td>
</tr>
<tr>
<td align="left" style="box-sizing: border-box; font-family: -apple-system, BlinkMacSystemFont, 'Segoe UI', Roboto, Helvetica, Arial, sans-serif, 'Apple Color Emoji', 'Segoe UI Emoji', 'Segoe UI Symbol'; position: relative; color: #74787e; font-size: 15px; line-height: 18px; margin: 0; padding: 10px 0;">17-11-2026 (Tuesday)</td>
<td align="right" style="box-sizing: border-box; font-family: -apple-system, BlinkMacSystemFont, 'Segoe UI', Roboto, Helvetica, Arial, sans-serif, 'Apple Color Emoji', 'Segoe UI Emoji', 'Segoe UI Symbol'; position: relative; color: #74787e; font-size: 15px; line-height: 18px; margin: 0; padding: 10px 0;">Night Shift</td>
</tr>
<tr>
<td align="left" style="box-sizing: border-box; font-family: -apple-system, BlinkMacSystemFont, 'Segoe UI', Roboto, Helvetica, Arial, sans-serif, 'Apple Color Emoji', 'Segoe UI Emoji', 'Segoe UI Symbol'; position: relative; color: #74787e; font-size: 15px; line-height: 18px; margin: 0; padding: 10px 0;">18-11-2026 (Wednesday)</td>
<td align="right" style="box-sizing: border-box; font-family: -apple-system, BlinkMacSystemFont, 'Segoe UI', Roboto, Helvetica, Arial, sans-serif, 'Apple Color Emoji', 'Segoe UI Emoji', 'Segoe UI Symbol'; position: relative; color: #74787e; font-size: 15px; line-height: 18px; margin: 0; padding: 10px 0;">Night Shift</td>
</tr>
<tr>
<td align="left" style="box-sizing: border-box; font-family: -apple-system, BlinkMacSystemFont, 'Segoe UI', Roboto, Helvetica, Arial, sans-serif, 'Apple Color Emoji', 'Segoe UI Emoji', 'Segoe UI Symbol'; position: relative; color: #74787e; font-size: 15px; line-height: 18px; margin: 0; padding: 10px 0;">19-11-2026 (Thursday)</td>
<td align="right" style="box-sizing: border-box; font-family: -apple-system, BlinkMacSystemFont, 'Segoe UI', Roboto, Helvetica, Arial, sans-serif, 'Apple Color Emoji', 'Segoe UI Emoji', 'Segoe UI Symbol'; position: relative; color: #74787e; font-size: 15px; line-height: 18px; margin: 0; padding: 10px 0;">Night Shift</td>
</tr>
<tr>
<td align="left" style="box-sizing: border-box; font-family: -apple-system, BlinkMacSystemFont, 'Segoe UI', Roboto, Helvetica, Arial, sans-serif, 'Apple Color Emoji', 'Segoe UI Emoji', 'Segoe UI Symbol'; position: relative; color: #74787e; font-size: 15px; line-height: 18px; margin: 0; padding: 10px 0;">20-11-2026 (Friday)</td>
<td align="right" style="box-sizing: border-box; font-family: -apple-system, BlinkMacSystemFont, 'Segoe UI', Roboto, Helvetica, Arial, sans-serif, 'Apple Color Emoji', 'Segoe UI Emoji', 'Segoe UI Symbol'; position: relative; color: #74787e; font-size: 15px; line-height: 18px; margin: 0; padding: 10px 0;">Night Shift</td>
</tr>
<tr>
<td align="left" style="box-sizing: border-box; font-family: -apple-system, BlinkMacSystemFont, 'Segoe UI', Roboto, Helvetica, Arial, sans-serif, 'Apple Color Emoji', 'Segoe UI Emoji', 'Segoe UI Symbol'; position: relative; color: #74787e; font-size: 15px; line-height: 18px; margin: 0; padding: 10px 0;">21-11-2026 (Saturday)</td>
<td align="right" style="box-sizing: border-box; font-family: -apple-system, BlinkMacSystemFont, 'Segoe UI', Roboto, Helvetica, Arial, sans-serif, 'Apple Color Emoji', 'Segoe UI Emoji', 'Segoe UI Symbol'; position: relative; color: #74787e; font-size: 15px; line-height: 18px; margin: 0; padding: 10px 0;">Night Shift</td>
</tr>
<tr>
<td align="left" style="box-sizing: border-box; font-family: -apple-system, BlinkMacSystemFont, 'Segoe UI', Roboto, Helvetica, Arial, sans-serif, 'Apple Color Emoji', 'Segoe UI Emoji', 'Segoe UI Symbol'; position: relative; color: #74787e; font-size: 15px; line-height: 18px; margin: 0; padding: 10px 0;">22-11-2026 (Sunday)</td>
<td align="right" style="box-sizing: border-box; font-family: -apple-system, BlinkMacSystemFont, 'Segoe UI', Roboto, Helvetica, Arial, sans-serif, 'Apple Color Emoji', 'Segoe UI Emoji', 'Segoe UI Symbol'; position: relative; color: #74787e; font-size: 15px; line-height: 18px; margin: 0; padding: 10px 0;">Night Shift</td>
</tr>
<tr>
<td align="left" style="box-sizing: border-box; font-family: -apple-system, BlinkMacSystemFont, 'Segoe UI', Roboto, Helvetica, Arial, sans-serif, 'Apple Color Emoji', 'Segoe UI Emoji', 'Segoe UI Symbol'; position: relative; color: #74787e; font-size: 15px; line-height: 18px; margin: 0; padding: 10px 0;">23-11-2026 (Monday)</td>
<td align="right" style="box-sizing: border-box; font-family: -apple-system, BlinkMacSystemFont, 'Segoe UI', Roboto, Helvetica, Arial, sans-serif, 'Apple Color Emoji', 'Segoe UI Emoji', 'Segoe UI Symbol'; position: relative; color: #74787e; font-size: 15px; line-height: 18px; margin: 0; padding: 10px 0;">Night Shift</td>
</tr>
<tr>
<td align="left" style="box-sizing: border-box; font-family: -apple-system, BlinkMacSystemFont, 'Segoe UI', Roboto, Helvetica, Arial, sans-serif, 'Apple Color Emoji', 'Segoe UI Emoji', 'Segoe UI Symbol'; position: relative; color: #74787e; font-size: 15px; line-height: 18px; margin: 0; padding: 10px 0;">24-11-2026 (Tuesday)</td>
<td align="right" style="box-sizing: border-box; font-family: -apple-system, BlinkMacSystemFont, 'Segoe UI', Roboto, Helvetica, Arial, sans-serif, 'Apple Color Emoji', 'Segoe UI Emoji', 'Segoe UI Symbol'; position: relative; color: #74787e; font-size: 15px; line-height: 18px; margin: 0; padding: 10px 0;">Night Shift</td>
</tr>
<tr>
<td align="left" style="box-sizing: border-box; font-family: -apple-system, BlinkMacSystemFont, 'Segoe UI', Roboto, Helvetica, Arial, sans-serif, 'Apple Color Emoji', 'Segoe UI Emoji', 'Segoe UI Symbol'; position: relative; color: #74787e; font-size: 15px; line-height: 18px; margin: 0; padding: 10px 0;">25-11-2026 (Wednesday)</td>
<td align="right" style="box-sizing: border-box; font-family: -apple-system, BlinkMacSystemFont, 'Segoe UI', Roboto, Helvetica, Arial, sans-serif, 'Apple Color Emoji', 'Segoe UI Emoji', 'Segoe UI Symbol'; position: relative; color: #74787e; font-size: 15px; line-height: 18px; margin: 0; padding: 10px 0;">Night Shift</td>
</tr>
<tr>
<td align="left" style="box-sizing: border-box; font-family: -apple-system, BlinkMacSystemFont, 'Segoe UI', Roboto, Helvetica, Arial, sans-serif, 'Apple Color Emoji', 'Segoe UI Emoji', 'Segoe UI Symbol'; position: relative; color: #74787e; font-size: 15px; line-height: 18px; margin: 0; padding: 10px 0;">26-11-2026 (Thursday)</td>
<td align="right" style="box-sizing: border-box; font-family: -apple-system, BlinkMacSystemFont, 'Segoe UI', Roboto, Helvetica, Arial, sans-serif, 'Apple Color Emoji', 'Segoe UI Emoji', 'Segoe UI Symbol'; position: relative; color: #74787e; font-size: 15px; line-height: 18px; margin: 0; padding: 10px 0;">Night Shift</td>
</tr>
<tr>
<td align="left" style="box-sizing: border-box; font-family: -apple-system, BlinkMacSystemFont, 'Segoe UI', Roboto, Helvetica, Arial, sans-serif, 'Apple Color Emoji', 'Segoe UI Emoji', 'Segoe UI Symbol'; position: relative; color: #74787e; font-size: 15px; line-height: 18px; margin: 0; padding: 10px 0;">27-11-2026 (Friday)</td>
<td align="right" style="box-sizing: border-box; font-family: -apple-system, BlinkMacSystemFont, 'Segoe UI', Roboto, Helvetica, Arial, sans-serif, 'Apple Color Emoji', 'Segoe UI Emoji', 'Segoe UI Symbol'; position: relative; color: #74787e; font-size: 15px; line-height: 18px; margin: 0; padding: 10px 0;">Night Shift</td>
</tr>
<tr>
<td align="left" style="box-sizing: border-box; font-family: -apple-system, BlinkMacSystemFont, 'Segoe UI', Roboto, Helvetica, Arial, sans-serif, 'Apple Color Emoji', 'Segoe UI Emoji', 'Segoe UI Symbol'; position: relative; color: #74787e; font-size: 15px; line-height: 18px; margin: 0; padding: 10px 0;">28-11-2026 (Saturday)</td>
<td align="right" style="box-sizing: border-box; font-family: -apple-system, BlinkMacSystemFont, 'Segoe UI', Roboto, Helvetica, Arial, sans-serif, 'Apple Color Emoji', 'Segoe UI Emoji', 'Segoe UI Symbol'; position: relative; color: #74787e; font-size: 15px; line-height: 18px; margin: 0; padding: 10px 0;">Night Shift</td>
</tr>
<tr>
<td align="left" style="box-sizing: border-box; font-family: -apple-system, BlinkMacSystemFont, 'Segoe UI', Roboto, Helvetica, Arial, sans-serif, 'Apple Color Emoji', 'Segoe UI Emoji', 'Segoe UI Symbol'; position: relative; color: #74787e; font-size: 15px; line-height: 18px; margin: 0; padding: 10px 0;">29-11-2026 (Sunday)</td>
<td align="right" style="box-sizing: border-box; font-family: -apple-system, BlinkMacSystemFont, 'Segoe UI', Roboto, Helvetica, Arial, sans-serif, 'Apple Color Emoji', 'Segoe UI Emoji', 'Segoe UI Symbol'; position: relative; color: #74787e; font-size: 15px; line-height: 18px; margin: 0; padding: 10px 0;">Night Shift</td>
</tr>
<tr>
<td align="left" style="box-sizing: border-box; font-family: -apple-system, BlinkMacSystemFont, 'Segoe UI', Roboto, Helvetica, Arial, sans-serif, 'Apple Color Emoji', 'Segoe UI Emoji', 'Segoe UI Symbol'; position: relative; color: #74787e; font-size: 15px; line-height: 18px; margin: 0; padding: 10px 0;">30-11-2026 (Monday)</td>
<td align="right" style="box-sizing: border-box; font-family: -apple-system, BlinkMacSystemFont, 'Segoe UI', Roboto, Helvetica, Arial, sans-serif, 'Apple Color Emoji', 'Segoe UI Emoji', 'Segoe UI Symbol'; position: relative; color: #74787e; font-size: 15px; line-height: 18px; margin: 0; padding: 10px 0;">Night Shift</td>
</tr>
<tr>
<td align="left" style="box-sizing: border-box; font-family: -apple-system, BlinkMacSystemFont, 'Segoe UI', Roboto, Helvetica, Arial, sans-serif, 'Apple Color Emoji', 'Segoe UI Emoji', 'Segoe UI Symbol'; position: relative; color: #74787e; font-size: 15px; line-height: 18px; margin: 0; padding: 10px 0;">01-12-2026 (Tuesday)</td>
<td align="right" style="box-sizing: border-box; font-family: -apple-system, BlinkMacSystemFont, 'Segoe UI', Roboto, Helvetica, Arial, sans-serif, 'Apple Color Emoji', 'Segoe UI Emoji', 'Segoe UI Symbol'; position: relative; color: #74787e; font-size: 15px; line-height: 18px; margin: 0; padding: 10px 0;">Night Shift</td>
</tr>
<tr>
<td align="left" style="box-sizing: border-box; font-family: -apple-system, BlinkMacSystemFont, 'Segoe UI', Roboto, Helvetica, Arial, sans-serif, 'Apple Color Emoji', 'Segoe UI Emoji', 'Segoe UI Symbol'; position: relative; color: #74787e; font-size: 15px; line-height: 18px; margin: 0; padding: 10px 0;">02-12-2026 (Wednesday)</td>
<td align="right" style="box-sizing: border-box; font-family: -apple-system, BlinkMacSystemFont, 'Segoe UI', Roboto, Helvetica, Arial, sans-serif, 'Apple Color Emoji', 'Segoe UI Emoji', 'Segoe UI Symbol'; position: relative; color: #74787e; font-size: 15px; line-height: 18px; margin: 0; padding: 10px 0;">Night Shift</td>
</tr>
<tr>
<td align="left" style="box-sizing: border-box; font-family: -apple-system, BlinkMacSystemFont, 'Segoe UI', Roboto, Helvetica, Arial, sans-serif, 'Apple Color Emoji', 'Segoe UI Emoji', 'Segoe UI Symbol'; position: relative; color: #74787e; font-size: 15px; line-height: 18px; margin: 0; padding: 10px 0;">03-12-2026 (Thursday)</td>
<td align="right" style="box-sizing: border-box; font-family: -apple-system, BlinkMacSystemFont, 'Segoe UI', Roboto, Helvetica, Arial, sans-serif, 'Apple Color Emoji', 'Segoe UI Emoji', 'Segoe UI Symbol'; position: relative; color: #74787e; font-size: 15px; line-height: 18px; margin: 0; padding: 10px 0;">Night Shift</td>
</tr>
<tr>
<td align="left" style="box-sizing: border-box; font-family: -apple-system, BlinkMacSystemFont, 'Segoe UI', Roboto, Helvetica, Arial, sans-serif, 'Apple Color Emoji', 'Segoe UI Emoji', 'Segoe UI Symbol'; position: relative; color: #74787e; font-size: 15px; line-height: 18px; margin: 0; padding: 10px 0;">04-12-2026 (Friday)</td>
<td align="right" style="box-sizing: border-box; font-family: -apple-system, BlinkMacSystemFont, 'Segoe UI', Roboto, Helvetica, Arial, sans-serif, 'Apple Color Emoji', 'Segoe UI Emoji', 'Segoe UI Symbol'; position: relative; color: #74787e; font-size: 15px; line-height: 18px; margin: 0; padding: 10px 0;">Night Shift</td>
</tr>
<tr>
<td align="left" style="box-sizing: border-box; font-family: -apple-system, BlinkMacSystemFont, 'Segoe UI', Roboto, Helvetica, Arial, sans-serif, 'Apple Color Emoji', 'Segoe UI Emoji', 'Segoe UI Symbol'; position: relative; color: #74787e; font-size: 15px; line-height: 18px; margin: 0; padding: 10px 0;">05-12-2026 (Saturday)</td>
<td align="right" style="box-sizing: border-box; font-family: -apple-system, BlinkMacSystemFont, 'Segoe UI', Roboto, Helvetica, Arial, sans-serif, 'Apple Color Emoji', 'Segoe UI Emoji', 'Segoe UI Symbol'; position: relative; color: #74787e; font-size: 15px; line-height: 18px; margin: 0; padding: 10px 0;">Night Shift</td>
</tr>
<tr>
<td align="left" style="box-sizing: border-box; font-family: -apple-system, BlinkMacSystemFont, 'Segoe UI', Roboto, Helvetica, Arial, sans-serif, 'Apple Color Emoji', 'Segoe UI Emoji', 'Segoe UI Symbol'; position: relative; color: #74787e; font-size: 15px; line-height: 18px; margin: 0; padding: 10px 0;">06-12-2026 (Sunday)</td>
<td align="right" style="box-sizing: border-box; font-family: -apple-system, BlinkMacSystemFont, 'Segoe UI', Roboto, Helvetica, Arial, sans-serif, 'Apple Color Emoji', 'Segoe UI Emoji', 'Segoe UI Symbol'; position: relative; color: #74787e; font-size: 15px; line-height: 18px; margin: 0; padding: 10px 0;">Night Shift</td>
</tr>
<tr>
<td align="left" style="box-sizing: border-box; font-family: -apple-system, BlinkMacSystemFont, 'Segoe UI', Roboto, Helvetica, Arial, sans-serif, 'Apple Color Emoji', 'Segoe UI Emoji', 'Segoe UI Symbol'; position: relative; color: #74787e; font-size: 15px; line-height: 18px; margin: 0; padding: 10px 0;">07-12-2026 (Monday)</td>
<td align="right" style="box-sizing: border-box; font-family: -apple-system, BlinkMacSystemFont, 'Segoe UI', Roboto, Helvetica, Arial, sans-serif, 'Apple Color Emoji', 'Segoe UI Emoji', 'Segoe UI Symbol'; position: relative; color: #74787e; font-size: 15px; line-height: 18px; margin: 0; padding: 10px 0;">Night Shift</td>
</tr>
<tr>
<td align="left" style="box-sizing: border-box; font-family: -apple-system, BlinkMacSystemFont, 'Segoe UI', Roboto, Helvetica, Arial, sans-serif, 'Apple Color Emoji', 'Segoe UI Emoji', 'Segoe UI Symbol'; position: relative; color: #74787e; font-size: 15px; line-height: 18px; margin: 0; padding: 10px 0;">08-12-2026 (Tuesday)</td>
<td align="right" style="box-sizing: border-box; font-family: -apple-system, BlinkMacSystemFont, 'Segoe UI', Roboto, Helvetica, Arial, sans-serif, 'Apple Color Emoji', 'Segoe UI Emoji', 'Segoe UI Symbol'; position: relative; color: #74787e; font-size: 15px; line-height: 18px; margin: 0; padding: 10px 0;">Night Shift</td>
</tr>
<tr>
<td align="left" style="box-sizing: border-box; font-family: -apple-system, BlinkMacSystemFont, 'Segoe UI', Roboto, Helvetica, Arial, sans-serif, 'Apple Color Emoji', 'Segoe UI Emoji', 'Segoe UI Symbol'; position: relative; color: #74787e; font-size: 15px; line-height: 18px; margin: 0; padding: 10px 0;">09-12-2026 (Wednesday)</td>
<td align="right" style="box-sizing: border-box; font-family: -apple-system, BlinkMacSystemFont, 'Segoe UI', Roboto, Helvetica, Arial, sans-serif, 'Apple Color Emoji', 'Segoe UI Emoji', 'Segoe UI Symbol'; position: relative; color: #74787e; font-size: 15px; line-height: 18px; margin: 0; padding: 10px 0;">Night Shift</td>
</tr>
<tr>
<td align="left" style="box-sizing: border-box; font-family: -apple-system, BlinkMacSystemFont, 'Segoe UI', Roboto, Helvetica, Arial, sans-serif, 'Apple Color Emoji', 'Segoe UI Emoji', 'Segoe UI Symbol'; position: relative; color: #74787e; font-size: 15px; line-height: 18px; margin: 0; padding: 10px 0;">10-12-2026 (Thursday)</td>
<td align="right" style="box-sizing: border-box; font-family: -apple-system, BlinkMacSystemFont, 'Segoe UI', Roboto, Helvetica, Arial, sans-serif, 'Apple Color Emoji', 'Segoe UI Emoji', 'Segoe UI Symbol'; position: relative; color: #74787e; font-size: 15px; line-height: 18px; margin: 0; padding: 10px 0;">Night Shift</td>
</tr>
<tr>
<td align="left" style="box-sizing: border-box; font-family: -apple-system, BlinkMacSystemFont, 'Segoe UI', Roboto, Helvetica, Arial, sans-serif, 'Apple Color Emoji', 'Segoe UI Emoji', 'Segoe UI Symbol'; position: relative; color: #74787e; font-size: 15px; line-height: 18px; margin: 0; padding: 10px 0;">11-12-2026 (Friday)</td>
<td align="right" style="box-sizing: border-box; font-family: -apple-system, BlinkMacSystemFont, 'Segoe UI', Roboto, Helvetica, Arial, sans-serif, 'Apple Color Emoji', 'Segoe UI Emoji', 'Segoe UI Symbol'; position: relative; color: #74787e; font-size: 15px; line-height: 18px; margin: 0; padding: 10px 0;">Night Shift</td>
</tr>
<tr>
<td align="left" style="box-sizing: border-box; font-family: -apple-system, BlinkMacSystemFont, 'Segoe UI', Roboto, Helvetica, Arial, sans-serif, 'Apple Color Emoji', 'Segoe UI Emoji', 'Segoe UI Symbol'; position: relative; color: #74787e; font-size: 15px; line-height: 18px; margin: 0; padding: 10px 0;">12-12-2026 (Saturday)</td>
<td align="right" style="box-sizing: border-box; font-family: -apple-system, BlinkMacSystemFont, 'Segoe UI', Roboto, Helvetica, Arial, sans-serif, 'Apple Color Emoji', 'Segoe UI Emoji', 'Segoe UI Symbol'; position: relative; color: #74787e; font-size: 15px; line-height: 18px; margin: 0; padding: 10px 0;">Night Shift</td>
</tr>
<tr>
<td align="left" style="box-sizing: border-box; font-family: -apple-system, BlinkMacSystemFont, 'Segoe UI', Roboto, Helvetica, Arial, sans-serif, 'Apple Color Emoji', 'Segoe UI Emoji', 'Segoe UI Symbol'; position: relative; color: #74787e; font-size: 15px; line-height: 18px; margin: 0; padding: 10px 0;">13-12-2026 (Sunday)</td>
<td align="right" style="box-sizing: border-box; font-family: -apple-system, BlinkMacSystemFont, 'Segoe UI', Roboto, Helvetica, Arial, sans-serif, 'Apple Color Emoji', 'Segoe UI Emoji', 'Segoe UI Symbol'; position: relative; color: #74787e; font-size: 15px; line-height: 18px; margin: 0; padding: 10px 0;">Night Shift</td>
</tr>
<tr>
<td align="left" style="box-sizing: border-box; font-family: -apple-system, BlinkMacSystemFont, 'Segoe UI', Roboto, Helvetica, Arial, sans-serif, 'Apple Color Emoji', 'Segoe UI Emoji', 'Segoe UI Symbol'; position: relative; color: #74787e; font-size: 15px; line-height: 18px; margin: 0; padding: 10px 0;">14-12-2026 (Monday)</td>
<td align="right" style="box-sizing: border-box; font-family: -apple-system, BlinkMacSystemFont, 'Segoe UI', Roboto, Helvetica, Arial, sans-serif, 'Apple Color Emoji', 'Segoe UI Emoji', 'Segoe UI Symbol'; position: relative; color: #74787e; font-size: 15px; line-height: 18px; margin: 0; padding: 10px 0;">Night Shift</td>
</tr>
<tr>
<td align="left" style="box-sizing: border-box; font-family: -apple-system, BlinkMacSystemFont, 'Segoe UI', Roboto, Helvetica, Arial, sans-serif, 'Apple Color Emoji', 'Segoe UI Emoji', 'Segoe UI Symbol'; position: relative; color: #74787e; font-size: 15px; line-height: 18px; margin: 0; padding: 10px 0;">15-12-2026 (Tuesday)</td>
<td align="right" style="box-sizing: border-box; font-family: -apple-system, BlinkMacSystemFont, 'Segoe UI', Roboto, Helvetica, Arial, sans-serif, 'Apple Color Emoji', 'Segoe UI Emoji', 'Segoe UI Symbol'; position: relative; color: #74787e; font-size: 15px; line-height: 18px; margin: 0; padding: 10px 0;">Night Shift</td>
</tr>
<tr>
<td align="left" style="box-sizing: border-box; font-family: -apple-system, BlinkMacSystemFont, 'Segoe UI', Roboto, Helvetica, Arial, sans-serif, 'Apple Color Emoji', 'Segoe UI Emoji', 'Segoe UI Symbol'; position: relative; color: #74787e; font-size: 15px; line-height: 18px; margin: 0; padding: 10px 0;">16-12-2026 (Wednesday)</td>
<td align="right" style="box-sizing: border-box; font-family: -apple-system, BlinkMacSystemFont, 'Segoe UI', Roboto, Helvetica, Arial, sans-serif, 'Apple Color Emoji', 'Segoe UI Emoji', 'Segoe UI Symbol'; position: relative; color: #74787e; font-size: 15px; line-height: 18px; margin: 0; padding: 10px 0;">Night Shift</td>
</tr>
<tr>
<td align="left" style="box-sizing: border-box; font-family: -apple-system, BlinkMacSystemFont, 'Segoe UI', Roboto, Helvetica, Arial, sans-serif, 'Apple Color Emoji', 'Segoe UI Emoji', 'Segoe UI Symbol'; position: relative; color: #74787e; font-size: 15px; line-height: 18px; margin: 0; padding: 10px 0;">17-12-2026 (Thursday)</td>
<td align="right" style="box-sizing: border-box; font-family: -apple-system, BlinkMacSystemFont, 'Segoe UI', Roboto, Helvetica, Arial, sans-serif, 'Apple Color Emoji', 'Segoe UI Emoji', 'Segoe UI Symbol'; position: relative; color: #74787e; font-size: 15px; line-height: 18px; margin: 0; padding: 10px 0;">Night Shift</td>
</tr>
<tr>
<td align="left" style="box-sizing: border-box; font-family: -apple-system, BlinkMacSystemFont, 'Segoe UI', Roboto, Helvetica, Arial, sans-serif, 'Apple Color Emoji', 'Segoe UI Emoji', 'Segoe UI Symbol'; position: relative; color: #74787e; font-size: 15px; line-height: 18px; margin: 0; padding: 10px 0;">18-12-2026 (Friday)</td>
<td align="right" style="box-sizing: border-box; font-family: -apple-system, BlinkMacSystemFont, 'Segoe UI', Roboto, Helvetica, Arial, sans-serif, 'Apple Color Emoji', 'Segoe UI Emoji', 'Segoe UI Symbol'; position: relative; color: #74787e; font-size: 15px; line-height: 18px; margin: 0; padding: 10px 0;">Night Shift</td>
</tr>
<tr>
<td align="left" style="box-sizing: border-box; font-family: -apple-system, BlinkMacSystemFont, 'Segoe UI', Roboto, Helvetica, Arial, sans-serif, 'Apple Color Emoji', 'Segoe UI Emoji', 'Segoe UI Symbol'; position: relative; color: #74787e; font-size: 15px; line-height: 18px; margin: 0; padding: 10px 0;">19-12-2026 (Saturday)</td>
<td align="right" style="box-sizing: border-box; font-family: -apple-system, BlinkMacSystemFont, 'Segoe UI', Roboto, Helvetica, Arial, sans-serif, 'Apple Color Emoji', 'Segoe UI Emoji', 'Segoe UI Symbol'; position: relative; color: #74787e; font-size: 15px; line-height: 18px; margin: 0; padding: 10px 0;">Night Shift</td>
</tr>
<tr>
<td align="left" style="box-sizing: border-box; font-family: -apple-system, BlinkMacSystemFont, 'Segoe UI', Roboto, Helvetica, Arial, sans-serif, 'Apple Color Emoji', 'Segoe UI Emoji', 'Segoe UI Symbol'; position: relative; color: #74787e; font-size: 15px; line-height: 18px; margin: 0; padding: 10px 0;">20-12-2026 (Sunday)</td>
<td align="right" style="box-sizing: border-box; font-family: -apple-system, BlinkMacSystemFont, 'Segoe UI', Roboto, Helvetica, Arial, sans-serif, 'Apple Color Emoji', 'Segoe UI Emoji', 'Segoe UI Symbol'; position: relative; color: #74787e; font-size: 15px; line-height: 18px; margin: 0; padding: 10px 0;">Night Shift</td>
</tr>
<tr>
<td align="left" style="box-sizing: border-box; font-family: -apple-system, BlinkMacSystemFont, 'Segoe UI', Roboto, Helvetica, Arial, sans-serif, 'Apple Color Emoji', 'Segoe UI Emoji', 'Segoe UI Symbol'; position: relative; color: #74787e; font-size: 15px; line-height: 18px; margin: 0; padding: 10px 0;">21-12-2026 (Monday)</td>
<td align="right" style="box-sizing: border-box; font-family: -apple-system, BlinkMacSystemFont, 'Segoe UI', Roboto, Helvetica, Arial, sans-serif, 'Apple Color Emoji', 'Segoe UI Emoji', 'Segoe UI Symbol'; position: relative; color: #74787e; font-size: 15px; line-height: 18px; margin: 0; padding: 10px 0;">Night Shift</td>
</tr>
<tr>
<td align="left" style="box-sizing: border-box; font-family: -apple-system, BlinkMacSystemFont, 'Segoe UI', Roboto, Helvetica, Arial, sans-serif, 'Apple Color Emoji', 'Segoe UI Emoji', 'Segoe UI Symbol'; position: relative; color: #74787e; font-size: 15px; line-height: 18px; margin: 0; padding: 10px 0;">22-12-2026 (Tuesday)</td>
<td align="right" style="box-sizing: border-box; font-family: -apple-system, BlinkMacSystemFont, 'Segoe UI', Roboto, Helvetica, Arial, sans-serif, 'Apple Color Emoji', 'Segoe UI Emoji', 'Segoe UI Symbol'; position: relative; color: #74787e; font-size: 15px; line-height: 18px; margin: 0; padding: 10px 0;">Night Shift</td>
</tr>
<tr>
<td align="left" style="box-sizing: border-box; font-family: -apple-system, BlinkMacSystemFont, 'Segoe UI', Roboto, Helvetica, Arial, sans-serif, 'Apple Color Emoji', 'Segoe UI Emoji', 'Segoe UI Symbol'; position: relative; color: #74787e; font-size: 15px; line-height: 18px; margin: 0; padding: 10px 0;">23-12-2026 (Wednesday)</td>
<td align="right" style="box-sizing: border-box; font-family: -apple-system, BlinkMacSystemFont, 'Segoe UI', Roboto, Helvetica, Arial, sans-serif, 'Apple Color Emoji', 'Segoe UI Emoji', 'Segoe UI Symbol'; position: relative; color: #74787e; font-size: 15px; line-height: 18px; margin: 0; padding: 10px 0;">Night Shift</td>
</tr>
<tr>
<td align="left" style="box-sizing: border-box; font-family: -apple-system, BlinkMacSystemFont, 'Segoe UI', Roboto, Helvetica, Arial, sans-serif, 'Apple Color Emoji', 'Segoe UI Emoji', 'Segoe UI Symbol'; position: relative; color: #74787e; font-size: 15px; line-height: 18px; margin: 0; padding: 10px 0;">24-12-2026 (Thursday)</td>
<td align="right" style="box-sizing: border-box; font-family: -apple-system, BlinkMacSystemFont, 'Segoe UI', Roboto, Helvetica, Arial, sans-serif, 'Apple Color Emoji', 'Segoe UI Emoji', 'Segoe UI Symbol'; position: relative; color: #74787e; font-size: 15px; line-height: 18px; margin: 0; padding: 10px 0;">Night Shift</td>
</tr>
<tr>
<td align="left" style="box-sizing: border-box; font-family: -apple-system, BlinkMacSystemFont, 'Segoe UI', Roboto, Helvetica, Arial, sans-serif, 'Apple Color Emoji', 'Segoe UI Emoji', 'Segoe UI Symbol'; position: relative; color: #74787e; font-size: 15px; line-height: 18px; margin: 0; padding: 10px 0;">25-12-2026 (Friday)</td>
<td align="right" style="box-sizing: border-box; font-family: -apple-system, BlinkMacSystemFont, 'Segoe UI', Roboto, Helvetica, Arial, sans-serif, 'Apple Color Emoji', 'Segoe UI Emoji', 'Segoe UI Symbol'; position: relative; color: #74787e; font-size: 15px; line-height: 18px; margin: 0; padding: 10px 0;">Night Shift</td>
</tr>
<tr>
<td align="left" style="box-sizing: border-box; font-family: -apple-system, BlinkMacSystemFont, 'Segoe UI', Roboto, Helvetica, Arial, sans-serif, 'Apple Color Emoji', 'Segoe UI Emoji', 'Segoe UI Symbol'; position: relative; color: #74787e; font-size: 15px; line-height: 18px; margin: 0; padding: 10px 0;">26-12-2026 (Saturday)</td>
<td align="right" style="box-sizing: border-box; font-family: -apple-system, BlinkMacSystemFont, 'Segoe UI', Roboto, Helvetica, Arial, sans-serif, 'Apple Color Emoji', 'Segoe UI Emoji', 'Segoe UI Symbol'; position: relative; color: #74787e; font-size: 15px; line-height: 18px; margin: 0; padding: 10px 0;">Night Shift</td>
</tr>
<tr>
<td align="left" style="box-sizing: border-box; font-family: -apple-system, BlinkMacSystemFont, 'Segoe UI', Roboto, Helvetica, Arial, sans-serif, 'Apple Color Emoji', 'Segoe UI Emoji', 'Segoe UI Symbol'; position: relative; color: #74787e; font-size: 15px; line-height: 18px; margin: 0; padding: 10px 0;">27-12-2026 (Sunday)</td>
<td align="right" style="box-sizing: border-box; font-family: -apple-system, BlinkMacSystemFont, 'Segoe UI', Roboto, Helvetica, Arial, sans-serif, 'Apple Color Emoji', 'Segoe UI Emoji', 'Segoe UI Symbol'; position: relative; color: #74787e; font-size: 15px; line-height: 18px; margin: 0; padding: 10px 0;">Night Shift</td>
</tr>
<tr>
<td align="left" style="box-sizing: border-box; font-family: -apple-system, BlinkMacSystemFont, 'Segoe UI', Roboto, Helvetica, Arial, sans-serif, 'Apple Color Emoji', 'Segoe UI Emoji', 'Segoe UI Symbol'; position: relative; color: #74787e; font-size: 15px; line-height: 18px; margin: 0; padding: 10px 0;">28-12-2026 (Monday)</td>
<td align="right" style="box-sizing: border-box; font-family: -apple-system, BlinkMacSystemFont, 'Segoe UI', Roboto, Helvetica, Arial, sans-serif, 'Apple Color Emoji', 'Segoe UI Emoji', 'Segoe UI Symbol'; position: relative; color: #74787e; font-size: 15px; line-height: 18px; margin: 0; padding: 10px 0;">Night Shift</td>
</tr>
<tr>
<td align="left" style="box-sizing: border-box; font-family: -apple-system, BlinkMacSystemFont, 'Segoe UI', Roboto, Helvetica, Arial, sans-serif, 'Apple Color Emoji', 'Segoe UI Emoji', 'Segoe UI Symbol'; position: relative; color: #74787e; font-size: 15px; line-height: 18px; margin: 0; padding: 10px 0;">29-12-2026 (Tuesday)</td>
<td align="right" style="box-sizing: border-box; font-family: -apple-system, BlinkMacSystemFont, 'Segoe UI', Roboto, Helvetica, Arial, sans-serif, 'Apple Color Emoji', 'Segoe UI Emoji', 'Segoe UI Symbol'; position: relative; color: #74787e; font-size: 15px; line-height: 18px; margin: 0; padding: 10px 0;">Night Shift</td>
</tr>
<tr>
<td align="left" style="box-sizing: border-box; font-family: -apple-system, BlinkMacSystemFont, 'Segoe UI', Roboto, Helvetica, Arial, sans-serif, 'Apple Color Emoji', 'Segoe UI Emoji', 'Segoe UI Symbol'; position: relative; color: #74787e; font-size: 15px; line-height: 18px; margin: 0; padding: 10px 0;">30-12-2026 (Wednesday)</td>
<td align="right" style="box-sizing: border-box; font-family: -apple-system, BlinkMacSystemFont, 'Segoe UI', Roboto, Helvetica, Arial, sans-serif, 'Apple Color Emoji', 'Segoe UI Emoji', 'Segoe UI Symbol'; position: relative; color: #74787e; font-size: 15px; line-height: 18px; margin: 0; padding: 10px 0;">Night Shift</td>
</tr>
<tr>
<td align="left" style="box-sizing: border-box; font-family: -apple-system, BlinkMacSystemFont, 'Segoe UI', Roboto, Helvetica, Arial, sans-serif, 'Apple Color Emoji', 'Segoe UI Emoji', 'Segoe UI Symbol'; position: relative; color: #74787e; font-size: 15px; line-height: 18px; margin: 0; padding: 10px 0;">31-12-2026 (Thursday)</td>
<td align="right" style="box-sizing: border-box; font-family: -apple-system, BlinkMacSystemFont, 'Segoe UI', Roboto, Helvetica, Arial, sans-serif, 'Apple Color Emoji', 'Segoe UI Emoji', 'Segoe UI Symbol'; position: relative; color: #74787e; font-size: 15px; line-height: 18px; margin: 0; padding: 10px 0;">Night Shift</td>
</tr>
<tr>
<td align="left" style="box-sizing: border-box; font-family: -apple-system, BlinkMacSystemFont, 'Segoe UI', Roboto, Helvetica, Arial, sans-serif, 'Apple Color Emoji', 'Segoe UI Emoji', 'Segoe UI Symbol'; position: relative; color: #74787e; font-size: 15px; line-height: 18px; margin: 0; padding: 10px 0;">01-01-2027 (Friday)</td>
<td align="right" style="box-sizing: border-box; font-family: -apple-system, BlinkMacSystemFont, 'Segoe UI', Roboto, Helvetica, Arial, sans-serif, 'Apple Color Emoji', 'Segoe UI Emoji', 'Segoe UI Symbol'; position: relative; color: #74787e; font-size: 15px; line-height: 18px; margin: 0; padding: 10px 0;">Night Shift</td>
</tr>
<tr>
<td align="left" style="box-sizing: border-box; font-family: -apple-system, BlinkMacSystemFont, 'Segoe UI', Roboto, Helvetica, Arial, sans-serif, 'Apple Color Emoji', 'Segoe UI Emoji', 'Segoe UI Symbol'; position: relative; color: #74787e; font-size: 15px; line-height: 18px; margin: 0; padding: 10px 0;">02-01-2027 (Saturday)</td>
<td align="right" style="box-sizing: border-box; font-family: -apple-system, BlinkMacSystemFont, 'Segoe UI', Roboto, Helvetica, Arial, sans-serif, 'Apple Color Emoji', 'Segoe UI Emoji', 'Segoe UI Symbol'; position: relative; color: #74787e; font-size: 15px; line-height: 18px; margin: 0; padding: 10px 0;">Night Shift</td>
</tr>
<tr>
<td align="left" style="box-sizing: border-box; font-family: -apple-system, BlinkMacSystemFont, 'Segoe UI', Roboto, Helvetica, Arial, sans-serif, 'Apple Color Emoji', 'Segoe UI Emoji', 'Segoe UI Symbol'; position: relative; color: #74787e; font-size: 15px; line-height: 18px; margin: 0; padding: 10px 0;">03-01-2027 (Sunday)</td>
<td align="right" style="box-sizing: border-box; font-family: -apple-system, BlinkMacSystemFont, 'Segoe UI', Roboto, Helvetica, Arial, sans-serif, 'Apple Color Emoji', 'Segoe UI Emoji', 'Segoe UI Symbol'; position: relative; color: #74787e; font-size: 15px; line-height: 18px; margin: 0; padding: 10px 0;">Night Shift</td>
</tr>
<tr>
<td align="left" style="box-sizing: border-box; font-family: -apple-system, BlinkMacSystemFont, 'Segoe UI', Roboto, Helvetica, Arial, sans-serif, 'Apple Color Emoji', 'Segoe UI Emoji', 'Segoe UI Symbol'; position: relative; color: #74787e; font-size: 15px; line-height: 18px; margin: 0; padding: 10px 0;">04-01-2027 (Monday)</td>
<td align="right" style="box-sizing: border-box; font-family: -apple-system, BlinkMacSystemFont, 'Segoe UI', Roboto, Helvetica, Arial, sans-serif, 'Apple Color Emoji', 'Segoe UI Emoji', 'Segoe UI Symbol'; position: relative; color: #74787e; font-size: 15px; line-height: 18px; margin: 0; padding: 10px 0;">Night Shift</td>
</tr>
<tr>
<td align="left" style="box-sizing: border-box; font-family: -apple-system, BlinkMacSystemFont, 'Segoe UI', Roboto, Helvetica, Arial, sans-serif, 'Apple Color Emoji', 'Segoe UI Emoji', 'Segoe UI Symbol'; position: relative; color: #74787e; font-size: 15px; line-height: 18px; margin: 0; padding: 10px 0;">05-01-2027 (Tuesday)</td>
<td align="right" style="box-sizing: border-box; font-family: -apple-system, BlinkMacSystemFont, 'Segoe UI', Roboto, Helvetica, Arial, sans-serif, 'Apple Color Emoji', 'Segoe UI Emoji', 'Segoe UI Symbol'; position: relative; color: #74787e; font-size: 15px; line-height: 18px; margin: 0; padding: 10px 0;">Night Shift</td>
</tr>
<tr>
<td align="left" style="box-sizing: border-box; font-family: -apple-system, BlinkMacSystemFont, 'Segoe UI', Roboto, Helvetica, Arial, sans-serif, 'Apple Color Emoji', 'Segoe UI Emoji', 'Segoe UI Symbol'; position: relative; color: #74787e; font-size: 15px; line-height: 18px; margin: 0; padding: 10px 0;">06-01-2027 (Wednesday)</td>
<td align="right" style="box-sizing: border-box; font-family: -apple-system, BlinkMacSystemFont, 'Segoe UI', Roboto, Helvetica, Arial, sans-serif, 'Apple Color Emoji', 'Segoe UI Emoji', 'Segoe UI Symbol'; position: relative; color: #74787e; font-size: 15px; line-height: 18px; margin: 0; padding: 10px 0;">Night Shift</td>
</tr>
<tr>
<td align="left" style="box-sizing: border-box; font-family: -apple-system, BlinkMacSystemFont, 'Segoe UI', Roboto, Helvetica, Arial, sans-serif, 'Apple Color Emoji', 'Segoe UI Emoji', 'Segoe UI Symbol'; position: relative; color: #74787e; font-size: 15px; line-height: 18px; margin: 0; padding: 10px 0;">07-01-2027 (Thursday)</td>
<td align="right" style="box-sizing: border-box; font-family: -apple-system, BlinkMacSystemFont, 'Segoe UI', Roboto, Helvetica, Arial, sans-serif, 'Apple Color Emoji', 'Segoe UI Emoji', 'Segoe UI Symbol'; position: relative; color: #74787e; font-size: 15px; line-height: 18px; margin: 0; padding: 10px 0;">Night Shift</td>
</tr>
<tr>
<td align="left" style="box-sizing: border-box; font-family: -apple-system, BlinkMacSystemFont, 'Segoe UI', Roboto, Helvetica, Arial, sans-serif, 'Apple Color Emoji', 'Segoe UI Emoji', 'Segoe UI Symbol'; position: relative; color: #74787e; font-size: 15px; line-height: 18px; margin: 0; padding: 10px 0;">08-01-2027 (Friday)</td>
<td align="right" style="box-sizing: border-box; font-family: -apple-system, BlinkMacSystemFont, 'Segoe UI', Roboto, Helvetica, Arial, sans-serif, 'Apple Color Emoji', 'Segoe UI Emoji', 'Segoe UI Symbol'; position: relative; color: #74787e; font-size: 15px; line-height: 18px; margin: 0; padding: 10px 0;">Night Shift</td>
</tr>
<tr>
<td align="left" style="box-sizing: border-box; font-family: -apple-system, BlinkMacSystemFont, 'Segoe UI', Roboto, Helvetica, Arial, sans-serif, 'Apple Color Emoji', 'Segoe UI Emoji', 'Segoe UI Symbol'; position: relative; color: #74787e; font-size: 15px; line-height: 18px; margin: 0; padding: 10px 0;">09-01-2027 (Saturday)</td>
<td align="right" style="box-sizing: border-box; font-family: -apple-system, BlinkMacSystemFont, 'Segoe UI', Roboto, Helvetica, Arial, sans-serif, 'Apple Color Emoji', 'Segoe UI Emoji', 'Segoe UI Symbol'; position: relative; color: #74787e; font-size: 15px; line-height: 18px; margin: 0; padding: 10px 0;">Night Shift</td>
</tr>
<tr>
<td align="left" style="box-sizing: border-box; font-family: -apple-system, BlinkMacSystemFont, 'Segoe UI', Roboto, Helvetica, Arial, sans-serif, 'Apple Color Emoji', 'Segoe UI Emoji', 'Segoe UI Symbol'; position: relative; color: #74787e; font-size: 15px; line-height: 18px; margin: 0; padding: 10px 0;">10-01-2027 (Sunday)</td>
<td align="right" style="box-sizing: border-box; font-family: -apple-system, BlinkMacSystemFont, 'Segoe UI', Roboto, Helvetica, Arial, sans-serif, 'Apple Color Emoji', 'Segoe UI Emoji', 'Segoe UI Symbol'; position: relative; color: #74787e; font-size: 15px; line-height: 18px; margin: 0; padding: 10px 0;">Night Shift</td>
</tr>
<tr>
<td align="left" style="box-sizing: border-box; font-family: -apple-system, BlinkMacSystemFont, 'Segoe UI', Roboto, Helvetica, Arial, sans-serif, 'Apple Color Emoji', 'Segoe UI Emoji', 'Segoe UI Symbol'; position: relative; color: #74787e; font-size: 15px; line-height: 18px; margin: 0; padding: 10px 0;">11-01-2027 (Monday)</td>
<td align="right" style="box-sizing: border-box; font-family: -apple-system, BlinkMacSystemFont, 'Segoe UI', Roboto, Helvetica, Arial, sans-serif, 'Apple Color Emoji', 'Segoe UI Emoji', 'Segoe UI Symbol'; position: relative; color: #74787e; font-size: 15px; line-height: 18px; margin: 0; padding: 10px 0;">Night Shift</td>
</tr>
<tr>
<td align="left" style="box-sizing: border-box; font-family: -apple-system, BlinkMacSystemFont, 'Segoe UI', Roboto, Helvetica, Arial, sans-serif, 'Apple Color Emoji', 'Segoe UI Emoji', 'Segoe UI Symbol'; position: relative; color: #74787e; font-size: 15px; line-height: 18px; margin: 0; padding: 10px 0;">12-01-2027 (Tuesday)</td>
<td align="right" style="box-sizing: border-box; font-family: -apple-system, BlinkMacSystemFont, 'Segoe UI', Roboto, Helvetica, Arial, sans-serif, 'Apple Color Emoji', 'Segoe UI Emoji', 'Segoe UI Symbol'; position: relative; color: #74787e; font-size: 15px; line-height: 18px; margin: 0; padding: 10px 0;">Night Shift</td>
</tr>
<tr>
<td align="left" style="box-sizing: border-box; font-family: -apple-system, BlinkMacSystemFont, 'Segoe UI', Roboto, Helvetica, Arial, sans-serif, 'Apple Color Emoji', 'Segoe UI Emoji', 'Segoe UI Symbol'; position: relative; color: #74787e; font-size: 15px; line-height: 18px; margin: 0; padding: 10px 0;">13-01-2027 (Wednesday)</td>
<td align="right" style="box-sizing: border-box; font-family: -apple-system, BlinkMacSystemFont, 'Segoe UI', Roboto, Helvetica, Arial, sans-serif, 'Apple Color Emoji', 'Segoe UI Emoji', 'Segoe UI Symbol'; position: relative; color: #74787e; font-size: 15px; line-height: 18px; margin: 0; padding: 10px 0;">Night Shift</td>
</tr>
<tr>
<td align="left" style="box-sizing: border-box; font-family: -apple-system, BlinkMacSystemFont, 'Segoe UI', Roboto, Helvetica, Arial, sans-serif, 'Apple Color Emoji', 'Segoe UI Emoji', 'Segoe UI Symbol'; position: relative; color: #74787e; font-size: 15px; line-height: 18px; margin: 0; padding: 10px 0;">14-01-2027 (Thursday)</td>
<td align="right" style="box-sizing: border-box; font-family: -apple-system, BlinkMacSystemFont, 'Segoe UI', Roboto, Helvetica, Arial, sans-serif, 'Apple Color Emoji', 'Segoe UI Emoji', 'Segoe UI Symbol'; position: relative; color: #74787e; font-size: 15px; line-height: 18px; margin: 0; padding: 10px 0;">Night Shift</td>
</tr>
<tr>
<td align="left" style="box-sizing: border-box; font-family: -apple-system, BlinkMacSystemFont, 'Segoe UI', Roboto, Helvetica, Arial, sans-serif, 'Apple Color Emoji', 'Segoe UI Emoji', 'Segoe UI Symbol'; position: relative; color: #74787e; font-size: 15px; line-height: 18px; margin: 0; padding: 10px 0;">15-01-2027 (Friday)</td>
<td align="right" style="box-sizing: border-box; font-family: -apple-system, BlinkMacSystemFont, 'Segoe UI', Roboto, Helvetica, Arial, sans-serif, 'Apple Color Emoji', 'Segoe UI Emoji', 'Segoe UI Symbol'; position: relative; color: #74787e; font-size: 15px; line-height: 18px; margin: 0; padding: 10px 0;">Night Shift</td>
</tr>
<tr>
<td align="left" style="box-sizing: border-box; font-family: -apple-system, BlinkMacSystemFont, 'Segoe UI', Roboto, Helvetica, Arial, sans-serif, 'Apple Color Emoji', 'Segoe UI Emoji', 'Segoe UI Symbol'; position: relative; color: #74787e; font-size: 15px; line-height: 18px; margin: 0; padding: 10px 0;">16-01-2027 (Saturday)</td>
<td align="right" style="box-sizing: border-box; font-family: -apple-system, BlinkMacSystemFont, 'Segoe UI', Roboto, Helvetica, Arial, sans-serif, 'Apple Color Emoji', 'Segoe UI Emoji', 'Segoe UI Symbol'; position: relative; color: #74787e; font-size: 15px; line-height: 18px; margin: 0; padding: 10px 0;">Night Shift</td>
</tr>
<tr>
<td align="left" style="box-sizing: border-box; font-family: -apple-system, BlinkMacSystemFont, 'Segoe UI', Roboto, Helvetica, Arial, sans-serif, 'Apple Color Emoji', 'Segoe UI Emoji', 'Segoe UI Symbol'; position: relative; color: #74787e; font-size: 15px; line-height: 18px; margin: 0; padding: 10px 0;">17-01-2027 (Sunday)</td>
<td align="right" style="box-sizing: border-box; font-family: -apple-system, BlinkMacSystemFont, 'Segoe UI', Roboto, Helvetica, Arial, sans-serif, 'Apple Color Emoji', 'Segoe UI Emoji', 'Segoe UI Symbol'; position: relative; color: #74787e; font-size: 15px; line-height: 18px; margin: 0; padding: 10px 0;">Night Shift</td>
</tr>
<tr>
<td align="left" style="box-sizing: border-box; font-family: -apple-system, BlinkMacSystemFont, 'Segoe UI', Roboto, Helvetica, Arial, sans-serif, 'Apple Color Emoji', 'Segoe UI Emoji', 'Segoe UI Symbol'; position: relative; color: #74787e; font-size: 15px; line-height: 18px; margin: 0; padding: 10px 0;">18-01-2027 (Monday)</td>
<td align="right" style="box-sizing: border-box; font-family: -apple-system, BlinkMacSystemFont, 'Segoe UI', Roboto, Helvetica, Arial, sans-serif, 'Apple Color Emoji', 'Segoe UI Emoji', 'Segoe UI Symbol'; position: relative; color: #74787e; font-size: 15px; line-height: 18px; margin: 0; padding: 10px 0;">Night Shift</td>
</tr>
<tr>
<td align="left" style="box-sizing: border-box; font-family: -apple-system, BlinkMacSystemFont, 'Segoe UI', Roboto, Helvetica, Arial, sans-serif, 'Apple Color Emoji', 'Segoe UI Emoji', 'Segoe UI Symbol'; position: relative; color: #74787e; font-size: 15px; line-height: 18px; margin: 0; padding: 10px 0;">19-01-2027 (Tuesday)</td>
<td align="right" style="box-sizing: border-box; font-family: -apple-system, BlinkMacSystemFont, 'Segoe UI', Roboto, Helvetica, Arial, sans-serif, 'Apple Color Emoji', 'Segoe UI Emoji', 'Segoe UI Symbol'; position: relative; color: #74787e; font-size: 15px; line-height: 18px; margin: 0; padding: 10px 0;">Night Shift</td>
</tr>
<tr>
<td align="left" style="box-sizing: border-box; font-family: -apple-system, BlinkMacSystemFont, 'Segoe UI', Roboto, Helvetica, Arial, sans-serif, 'Apple Color Emoji', 'Segoe UI Emoji', 'Segoe UI Symbol'; position: relative; color: #74787e; font-size: 15px; line-height: 18px; margin: 0; padding: 10px 0;">20-01-2027 (Wednesday)</td>
<td align="right" style="box-sizing: border-box; font-family: -apple-system, BlinkMacSystemFont, 'Segoe UI', Roboto, Helvetica, Arial, sans-serif, 'Apple Color Emoji', 'Segoe UI Emoji', 'Segoe UI Symbol'; position: relative; color: #74787e; font-size: 15px; line-height: 18px; margin: 0; padding: 10px 0;">Night Shift</td>
</tr>
<tr>
<td align="left" style="box-sizing: border-box; font-family: -apple-system, BlinkMacSystemFont, 'Segoe UI', Roboto, Helvetica, Arial, sans-serif, 'Apple Color Emoji', 'Segoe UI Emoji', 'Segoe UI Symbol'; position: relative; color: #74787e; font-size: 15px; line-height: 18px; margin: 0; padding: 10px 0;">21-01-2027 (Thursday)</td>
<td align="right" style="box-sizing: border-box; font-family: -apple-system, BlinkMacSystemFont, 'Segoe UI', Roboto, Helvetica, Arial, sans-serif, 'Apple Color Emoji', 'Segoe UI Emoji', 'Segoe UI Symbol'; position: relative; color: #74787e; font-size: 15px; line-height: 18px; margin: 0; padding: 10px 0;">Night Shift</td>
</tr>
<tr>
<td align="left" style="box-sizing: border-box; font-family: -apple-system, BlinkMacSystemFont, 'Segoe UI', Roboto, Helvetica, Arial, sans-serif, 'Apple Color Emoji', 'Segoe UI Emoji', 'Segoe UI Symbol'; position: relative; color: #74787e; font-size: 15px; line-height: 18px; margin: 0; padding: 10px 0;">22-01-2027 (Friday)</td>
<td align="right" style="box-sizing: border-box; font-family: -apple-system, BlinkMacSystemFont, 'Segoe UI', Roboto, Helvetica, Arial, sans-serif, 'Apple Color Emoji', 'Segoe UI Emoji', 'Segoe UI Symbol'; position: relative; color: #74787e; font-size: 15px; line-height: 18px; margin: 0; padding: 10px 0;">Night Shift</td>
</tr>
<tr>
<td align="left" style="box-sizing: border-box; font-family: -apple-system, BlinkMacSystemFont, 'Segoe UI', Roboto, Helvetica, Arial, sans-serif, 'Apple Color Emoji', 'Segoe UI Emoji', 'Segoe UI Symbol'; position: relative; color: #74787e; font-size: 15px; line-height: 18px; margin: 0; padding: 10px 0;">23-01-2027 (Saturday)</td>
<td align="right" style="box-sizing: border-box; font-family: -apple-system, BlinkMacSystemFont, 'Segoe UI', Roboto, Helvetica, Arial, sans-serif, 'Apple Color Emoji', 'Segoe UI Emoji', 'Segoe UI Symbol'; position: relative; color: #74787e; font-size: 15px; line-height: 18px; margin: 0; padding: 10px 0;">Night Shift</td>
</tr>
<tr>
<td align="left" style="box-sizing: border-box; font-family: -apple-system, BlinkMacSystemFont, 'Segoe UI', Roboto, Helvetica, Arial, sans-serif, 'Apple Color Emoji', 'Segoe UI Emoji', 'Segoe UI Symbol'; position: relative; color: #74787e; font-size: 15px; line-height: 18px; margin: 0; padding: 10px 0;">24-01-2027 (Sunday)</td>
<td align="right" style="box-sizing: border-box; font-family: -apple-system, BlinkMacSystemFont, 'Segoe UI', Roboto, Helvetica, Arial, sans-serif, 'Apple Color Emoji', 'Segoe UI Emoji', 'Segoe UI Symbol'; position: relative; color: #74787e; font-size: 15px; line-height: 18px; margin: 0; padding: 10px 0;">Night Shift</td>
</tr>
<tr>
<td align="left" style="box-sizing: border-box; font-family: -apple-system, BlinkMacSystemFont, 'Segoe UI', Roboto, Helvetica, Arial, sans-serif, 'Apple Color Emoji', 'Segoe UI Emoji', 'Segoe UI Symbol'; position: relative; color: #74787e; font-size: 15px; line-height: 18px; margin: 0; padding: 10px 0;">25-01-2027 (Monday)</td>
<td align="right" style="box-sizing: border-box; font-family: -apple-system, BlinkMacSystemFont, 'Segoe UI', Roboto, Helvetica, Arial, sans-serif, 'Apple Color Emoji', 'Segoe UI Emoji', 'Segoe UI Symbol'; position: relative; color: #74787e; font-size: 15px; line-height: 18px; margin: 0; padding: 10px 0;">Night Shift</td>
</tr>
<tr>
<td align="left" style="box-sizing: border-box; font-family: -apple-system, BlinkMacSystemFont, 'Segoe UI', Roboto, Helvetica, Arial, sans-serif, 'Apple Color Emoji', 'Segoe UI Emoji', 'Segoe UI Symbol'; position: relative; color: #74787e; font-size: 15px; line-height: 18px; margin: 0; padding: 10px 0;">26-01-2027 (Tuesday)</td>
<td align="right" style="box-sizing: border-box; font-family: -apple-system, BlinkMacSystemFont, 'Segoe UI', Roboto, Helvetica, Arial, sans-serif, 'Apple Color Emoji', 'Segoe UI Emoji', 'Segoe UI Symbol'; position: relative; color: #74787e; font-size: 15px; line-height: 18px; margin: 0; padding: 10px 0;">Night Shift</td>
</tr>
<tr>
<td align="left" style="box-sizing: border-box; font-family: -apple-system, BlinkMacSystemFont, 'Segoe UI', Roboto, Helvetica, Arial, sans-serif, 'Apple Color Emoji', 'Segoe UI Emoji', 'Segoe UI Symbol'; position: relative; color: #74787e; font-size: 15px; line-height: 18px; margin: 0; padding: 10px 0;">27-01-2027 (Wednesday)</td>
<td align="right" style="box-sizing: border-box; font-family: -apple-system, BlinkMacSystemFont, 'Segoe UI', Roboto, Helvetica, Arial, sans-serif, 'Apple Color Emoji', 'Segoe UI Emoji', 'Segoe UI Symbol'; position: relative; color: #74787e; font-size: 15px; line-height: 18px; margin: 0; padding: 10px 0;">Night Shift</td>
</tr>
<tr>
<td align="left" style="box-sizing: border-box; font-family: -apple-system, BlinkMacSystemFont, 'Segoe UI', Roboto, Helvetica, Arial, sans-serif, 'Apple Color Emoji', 'Segoe UI Emoji', 'Segoe UI Symbol'; position: relative; color: #74787e; font-size: 15px; line-height: 18px; margin: 0; padding: 10px 0;">28-01-2027 (Thursday)</td>
<td align="right" style="box-sizing: border-box; font-family: -apple-system, BlinkMacSystemFont, 'Segoe UI', Roboto, Helvetica, Arial, sans-serif, 'Apple Color Emoji', 'Segoe UI Emoji', 'Segoe UI Symbol'; position: relative; color: #74787e; font-size: 15px; line-height: 18px; margin: 0; padding: 10px 0;">Night Shift</td>
</tr>
<tr>
<td align="left" style="box-sizing: border-box; font-family: -apple-system, BlinkMacSystemFont, 'Segoe UI', Roboto, Helvetica, Arial, sans-serif, 'Apple Color Emoji', 'Segoe UI Emoji', 'Segoe UI Symbol'; position: relative; color: #74787e; font-size: 15px; line-height: 18px; margin: 0; padding: 10px 0;">29-01-2027 (Friday)</td>
<td align="right" style="box-sizing: border-box; font-family: -apple-system, BlinkMacSystemFont, 'Segoe UI', Roboto, Helvetica, Arial, sans-serif, 'Apple Color Emoji', 'Segoe UI Emoji', 'Segoe UI Symbol'; position: relative; color: #74787e; font-size: 15px; line-height: 18px; margin: 0; padding: 10px 0;">Night Shift</td>
</tr>
<tr>
<td align="left" style="box-sizing: border-box; font-family: -apple-system, BlinkMacSystemFont, 'Segoe UI', Roboto, Helvetica, Arial, sans-serif, 'Apple Color Emoji', 'Segoe UI Emoji', 'Segoe UI Symbol'; position: relative; color: #74787e; font-size: 15px; line-height: 18px; margin: 0; padding: 10px 0;">30-01-2027 (Saturday)</td>
<td align="right" style="box-sizing: border-box; font-family: -apple-system, BlinkMacSystemFont, 'Segoe UI', Roboto, Helvetica, Arial, sans-serif, 'Apple Color Emoji', 'Segoe UI Emoji', 'Segoe UI Symbol'; position: relative; color: #74787e; font-size: 15px; line-height: 18px; margin: 0; padding: 10px 0;">Night Shift</td>
</tr>
<tr>
<td align="left" style="box-sizing: border-box; font-family: -apple-system, BlinkMacSystemFont, 'Segoe UI', Roboto, Helvetica, Arial, sans-serif, 'Apple Color Emoji', 'Segoe UI Emoji', 'Segoe UI Symbol'; position: relative; color: #74787e; font-size: 15px; line-height: 18px; margin: 0; padding: 10px 0;">31-01-2027 (Sunday)</td>
<td align="right" style="box-sizing: border-box; font-family: -apple-system, BlinkMacSystemFont, 'Segoe UI', Roboto, Helvetica, Arial, sans-serif, 'Apple Color Emoji', 'Segoe UI Emoji', 'Segoe UI Symbol'; position: relative; color: #74787e; font-size: 15px; line-height: 18px; margin: 0; padding: 10px 0;">Night Shift</td>
</tr>
<tr>
<td align="left" style="box-sizing: border-box; font-family: -apple-system, BlinkMacSystemFont, 'Segoe UI', Roboto, Helvetica, Arial, sans-serif, 'Apple Color Emoji', 'Segoe UI Emoji', 'Segoe UI Symbol'; position: relative; color: #74787e; font-size: 15px; line-height: 18px; margin: 0; padding: 10px 0;">01-02-2027 (Monday)</td>
<td align="right" style="box-sizing: border-box; font-family: -apple-system, BlinkMacSystemFont, 'Segoe UI', Roboto, Helvetica, Arial, sans-serif, 'Apple Color Emoji', 'Segoe UI Emoji', 'Segoe UI Symbol'; position: relative; color: #74787e; font-size: 15px; line-height: 18px; margin: 0; padding: 10px 0;">Night Shift</td>
</tr>
<tr>
<td align="left" style="box-sizing: border-box; font-family: -apple-system, BlinkMacSystemFont, 'Segoe UI', Roboto, Helvetica, Arial, sans-serif, 'Apple Color Emoji', 'Segoe UI Emoji', 'Segoe UI Symbol'; position: relative; color: #74787e; font-size: 15px; line-height: 18px; margin: 0; padding: 10px 0;">02-02-2027 (Tuesday)</td>
<td align="right" style="box-sizing: border-box; font-family: -apple-system, BlinkMacSystemFont, 'Segoe UI', Roboto, Helvetica, Arial, sans-serif, 'Apple Color Emoji', 'Segoe UI Emoji', 'Segoe UI Symbol'; position: relative; color: #74787e; font-size: 15px; line-height: 18px; margin: 0; padding: 10px 0;">Night Shift</td>
</tr>
<tr>
<td align="left" style="box-sizing: border-box; font-family: -apple-system, BlinkMacSystemFont, 'Segoe UI', Roboto, Helvetica, Arial, sans-serif, 'Apple Color Emoji', 'Segoe UI Emoji', 'Segoe UI Symbol'; position: relative; color: #74787e; font-size: 15px; line-height: 18px; margin: 0; padding: 10px 0;">03-02-2027 (Wednesday)</td>
<td align="right" style="box-sizing: border-box; font-family: -apple-system, BlinkMacSystemFont, 'Segoe UI', Roboto, Helvetica, Arial, sans-serif, 'Apple Color Emoji', 'Segoe UI Emoji', 'Segoe UI Symbol'; position: relative; color: #74787e; font-size: 15px; line-height: 18px; margin: 0; padding: 10px 0;">Night Shift</td>
</tr>
<tr>
<td align="left" style="box-sizing: border-box; font-family: -apple-system, BlinkMacSystemFont, 'Segoe UI', Roboto, Helvetica, Arial, sans-serif, 'Apple Color Emoji', 'Segoe UI Emoji', 'Segoe UI Symbol'; position: relative; color: #74787e; font-size: 15px; line-height: 18px; margin: 0; padding: 10px 0;">04-02-2027 (Thursday)</td>
<td align="right" style="box-sizing: border-box; font-family: -apple-system, BlinkMacSystemFont, 'Segoe UI', Roboto, Helvetica, Arial, sans-serif, 'Apple Color Emoji', 'Segoe UI Emoji', 'Segoe UI Symbol'; position: relative; color: #74787e; font-size: 15px; line-height: 18px; margin: 0; padding: 10px 0;">Night Shift</td>
</tr>
<tr>
<td align="left" style="box-sizing: border-box; font-family: -apple-system, BlinkMacSystemFont, 'Segoe UI', Roboto, Helvetica, Arial, sans-serif, 'Apple Color Emoji', 'Segoe UI Emoji', 'Segoe UI Symbol'; position: relative; color: #74787e; font-size: 15px; line-height: 18px; margin: 0; padding: 10px 0;">05-02-2027 (Friday)</td>
<td align="right" style="box-sizing: border-box; font-family: -apple-system, BlinkMacSystemFont, 'Segoe UI', Roboto, Helvetica, Arial, sans-serif, 'Apple Color Emoji', 'Segoe UI Emoji', 'Segoe UI Symbol'; position: relative; color: #74787e; font-size: 15px; line-height: 18px; margin: 0; padding: 10px 0;">Night Shift</td>
</tr>
<tr>
<td align="left" style="box-sizing: border-box; font-family: -apple-system, BlinkMacSystemFont, 'Segoe UI', Roboto, Helvetica, Arial, sans-serif, 'Apple Color Emoji', 'Segoe UI Emoji', 'Segoe UI Symbol'; position: relative; color: #74787e; font-size: 15px; line-height: 18px; margin: 0; padding: 10px 0;">06-02-2027 (Saturday)</td>
<td align="right" style="box-sizing: border-box; font-family: -apple-system, BlinkMacSystemFont, 'Segoe UI', Roboto, Helvetica, Arial, sans-serif, 'Apple Color Emoji', 'Segoe UI Emoji', 'Segoe UI Symbol'; position: relative; color: #74787e; font-size: 15px; line-height: 18px; margin: 0; padding: 10px 0;">Night Shift</td>
</tr>
<tr>
<td align="left" style="box-sizing: border-box; font-family: -apple-system, BlinkMacSystemFont, 'Segoe UI', Roboto, Helvetica, Arial, sans-serif, 'Apple Color Emoji', 'Segoe UI Emoji', 'Segoe UI Symbol'; position: relative; color: #74787e; font-size: 15px; line-height: 18px; margin: 0; padding: 10px 0;">07-02-2027 (Sunday)</td>
<td align="right" style="box-sizing: border-box; font-family: -apple-system, BlinkMacSystemFont, 'Segoe UI', Roboto, Helvetica, Arial, sans-serif, 'Apple Color Emoji', 'Segoe UI Emoji', 'Segoe UI Symbol'; position: relative; color: #74787e; font-size: 15px; line-height: 18px; margin: 0; padding: 10px 0;">Night Shift</td>
</tr>
<tr>
<td align="left" style="box-sizing: border-box; font-family: -apple-system, BlinkMacSystemFont, 'Segoe UI', Roboto, Helvetica, Arial, sans-serif, 'Apple Color Emoji', 'Segoe UI Emoji', 'Segoe UI Symbol'; position: relative; color: #74787e; font-size: 15px; line-height: 18px; margin: 0; padding: 10px 0;">08-02-2027 (Monday)</td>
<td align="right" style="box-sizing: border-box; font-family: -apple-system, BlinkMacSystemFont, 'Segoe UI', Roboto, Helvetica, Arial, sans-serif, 'Apple Color Emoji', 'Segoe UI Emoji', 'Segoe UI Symbol'; position: relative; color: #74787e; font-size: 15px; line-height: 18px; margin: 0; padding: 10px 0;">Night Shift</td>
</tr>
<tr>
<td align="left" style="box-sizing: border-box; font-family: -apple-system, BlinkMacSystemFont, 'Segoe UI', Roboto, Helvetica, Arial, sans-serif, 'Apple Color Emoji', 'Segoe UI Emoji', 'Segoe UI Symbol'; position: relative; color: #74787e; font-size: 15px; line-height: 18px; margin: 0; padding: 10px 0;">09-02-2027 (Tuesday)</td>
<td align="right" style="box-sizing: border-box; font-family: -apple-system, BlinkMacSystemFont, 'Segoe UI', Roboto, Helvetica, Arial, sans-serif, 'Apple Color Emoji', 'Segoe UI Emoji', 'Segoe UI Symbol'; position: relative; color: #74787e; font-size: 15px; line-height: 18px; margin: 0; padding: 10px 0;">Night Shift</td>
</tr>
<tr>
<td align="left" style="box-sizing: border-box; font-family: -apple-system, BlinkMacSystemFont, 'Segoe UI', Roboto, Helvetica, Arial, sans-serif, 'Apple Color Emoji', 'Segoe UI Emoji', 'Segoe UI Symbol'; position: relative; color: #74787e; font-size: 15px; line-height: 18px; margin: 0; padding: 10px 0;">10-02-2027 (Wednesday)</td>
<td align="right" style="box-sizing: border-box; font-family: -apple-system, BlinkMacSystemFont, 'Segoe UI', Roboto, Helvetica, Arial, sans-serif, 'Apple Color Emoji', 'Segoe UI Emoji', 'Segoe UI Symbol'; position: relative; color: #74787e; font-size: 15px; line-height: 18px; margin: 0; padding: 10px 0;">Night Shift</td>
</tr>
<tr>
<td align="left" style="box-sizing: border-box; font-family: -apple-system, BlinkMacSystemFont, 'Segoe UI', Roboto, Helvetica, Arial, sans-serif, 'Apple Color Emoji', 'Segoe UI Emoji', 'Segoe UI Symbol'; position: relative; color: #74787e; font-size: 15px; line-height: 18px; margin: 0; padding: 10px 0;">11-02-2027 (Thursday)</td>
<td align="right" style="box-sizing: border-box; font-family: -apple-system, BlinkMacSystemFont, 'Segoe UI', Roboto, Helvetica, Arial, sans-serif, 'Apple Color Emoji', 'Segoe UI Emoji', 'Segoe UI Symbol'; position: relative; color: #74787e; font-size: 15px; line-height: 18px; margin: 0; padding: 10px 0;">Night Shift</td>
</tr>
<tr>
<td align="left" style="box-sizing: border-box; font-family: -apple-system, BlinkMacSystemFont, 'Segoe UI', Roboto, Helvetica, Arial, sans-serif, 'Apple Color Emoji', 'Segoe UI Emoji', 'Segoe UI Symbol'; position: relative; color: #74787e; font-size: 15px; line-height: 18px; margin: 0; padding: 10px 0;">12-02-2027 (Friday)</td>
<td align="right" style="box-sizing: border-box; font-family: -apple-system, BlinkMacSystemFont, 'Segoe UI', Roboto, Helvetica, Arial, sans-serif, 'Apple Color Emoji', 'Segoe UI Emoji', 'Segoe UI Symbol'; position: relative; color: #74787e; font-size: 15px; line-height: 18px; margin: 0; padding: 10px 0;">Night Shift</td>
</tr>
<tr>
<td align="left" style="box-sizing: border-box; font-family: -apple-system, BlinkMacSystemFont, 'Segoe UI', Roboto, Helvetica, Arial, sans-serif, 'Apple Color Emoji', 'Segoe UI Emoji', 'Segoe UI Symbol'; position: relative; color: #74787e; font-size: 15px; line-height: 18px; margin: 0; padding: 10px 0;">13-02-2027 (Saturday)</td>
<td align="right" style="box-sizing: border-box; font-family: -apple-system, BlinkMacSystemFont, 'Segoe UI', Roboto, Helvetica, Arial, sans-serif, 'Apple Color Emoji', 'Segoe UI Emoji', 'Segoe UI Symbol'; position: relative; color: #74787e; font-size: 15px; line-height: 18px; margin: 0; padding: 10px 0;">Night Shift</td>
</tr>
<tr>
<td align="left" style="box-sizing: border-box; font-family: -apple-system, BlinkMacSystemFont, 'Segoe UI', Roboto, Helvetica, Arial, sans-serif, 'Apple Color Emoji', 'Segoe UI Emoji', 'Segoe UI Symbol'; position: relative; color: #74787e; font-size: 15px; line-height: 18px; margin: 0; padding: 10px 0;">14-02-2027 (Sunday)</td>
<td align="right" style="box-sizing: border-box; font-family: -apple-system, BlinkMacSystemFont, 'Segoe UI', Roboto, Helvetica, Arial, sans-serif, 'Apple Color Emoji', 'Segoe UI Emoji', 'Segoe UI Symbol'; position: relative; color: #74787e; font-size: 15px; line-height: 18px; margin: 0; padding: 10px 0;">Night Shift</td>
</tr>
<tr>
<td align="left" style="box-sizing: border-box; font-family: -apple-system, BlinkMacSystemFont, 'Segoe UI', Roboto, Helvetica, Arial, sans-serif, 'Apple Color Emoji', 'Segoe UI Emoji', 'Segoe UI Symbol'; position: relative; color: #74787e; font-size: 15px; line-height: 18px; margin: 0; padding: 10px 0;">15-02-2027 (Monday)</td>
<td align="right" style="box-sizing: border-box; font-family: -apple-system, BlinkMacSystemFont, 'Segoe UI', Roboto, Helvetica, Arial, sans-serif, 'Apple Color Emoji', 'Segoe UI Emoji', 'Segoe UI Symbol'; position: relative; color: #74787e; font-size: 15px; line-height: 18px; margin: 0; padding: 10px 0;">Night Shift</td>
</tr>
<tr>
<td align="left" style="box-sizing: border-box; font-family: -apple-system, BlinkMacSystemFont, 'Segoe UI', Roboto, Helvetica, Arial, sans-serif, 'Apple Color Emoji', 'Segoe UI Emoji', 'Segoe UI Symbol'; position: relative; color: #74787e; font-size: 15px; line-height: 18px; margin: 0; padding: 10px 0;">16-02-2027 (Tuesday)</td>
<td align="right" style="box-sizing: border-box; font-family: -apple-system, BlinkMacSystemFont, 'Segoe UI', Roboto, Helvetica, Arial, sans-serif, 'Apple Color Emoji', 'Segoe UI Emoji', 'Segoe UI Symbol'; position: relative; color: #74787e; font-size: 15px; line-height: 18px; margin: 0; padding: 10px 0;">Night Shift</td>
</tr>
<tr>
<td align="left" style="box-sizing: border-box; font-family: -apple-system, BlinkMacSystemFont, 'Segoe UI', Roboto, Helvetica, Arial, sans-serif, 'Apple Color Emoji', 'Segoe UI Emoji', 'Segoe UI Symbol'; position: relative; color: #74787e; font-size: 15px; line-height: 18px; margin: 0; padding: 10px 0;">17-02-2027 (Wednesday)</td>
<td align="right" style="box-sizing: border-box; font-family: -apple-system, BlinkMacSystemFont, 'Segoe UI', Roboto, Helvetica, Arial, sans-serif, 'Apple Color Emoji', 'Segoe UI Emoji', 'Segoe UI Symbol'; position: relative; color: #74787e; font-size: 15px; line-height: 18px; margin: 0; padding: 10px 0;">Night Shift</td>
</tr>
<tr>
<td align="left" style="box-sizing: border-box; font-family: -apple-system, BlinkMacSystemFont, 'Segoe UI', Roboto, Helvetica, Arial, sans-serif, 'Apple Color Emoji', 'Segoe UI Emoji', 'Segoe UI Symbol'; position: relative; color: #74787e; font-size: 15px; line-height: 18px; margin: 0; padding: 10px 0;">18-02-2027 (Thursday)</td>
<td align="right" style="box-sizing: border-box; font-family: -apple-system, BlinkMacSystemFont, 'Segoe UI', Roboto, Helvetica, Arial, sans-serif, 'Apple Color Emoji', 'Segoe UI Emoji', 'Segoe UI Symbol'; position: relative; color: #74787e; font-size: 15px; line-height: 18px; margin: 0; padding: 10px 0;">Night Shift</td>
</tr>
<tr>
<td align="left" style="box-sizing: border-box; font-family: -apple-system, BlinkMacSystemFont, 'Segoe UI', Roboto, Helvetica, Arial, sans-serif, 'Apple Color Emoji', 'Segoe UI Emoji', 'Segoe UI Symbol'; position: relative; color: #74787e; font-size: 15px; line-height: 18px; margin: 0; padding: 10px 0;">19-02-2027 (Friday)</td>
<td align="right" style="box-sizing: border-box; font-family: -apple-system, BlinkMacSystemFont, 'Segoe UI', Roboto, Helvetica, Arial, sans-serif, 'Apple Color Emoji', 'Segoe UI Emoji', 'Segoe UI Symbol'; position: relative; color: #74787e; font-size: 15px; line-height: 18px; margin: 0; padding: 10px 0;">Night Shift</td>
</tr>
<tr>
<td align="left" style="box-sizing: border-box; font-family: -apple-system, BlinkMacSystemFont, 'Segoe UI', Roboto, Helvetica, Arial, sans-serif, 'Apple Color Emoji', 'Segoe UI Emoji', 'Segoe UI Symbol'; position: relative; color: #74787e; font-size: 15px; line-height: 18px; margin: 0; padding: 10px 0;">20-02-2027 (Saturday)</td>
<td align="right" style="box-sizing: border-box; font-family: -apple-system, BlinkMacSystemFont, 'Segoe UI', Roboto, Helvetica, Arial, sans-serif, 'Apple Color Emoji', 'Segoe UI Emoji', 'Segoe UI Symbol'; position: relative; color: #74787e; font-size: 15px; line-height: 18px; margin: 0; padding: 10px 0;">Night Shift</td>
</tr>
<tr>
<td align="left" style="box-sizing: border-box; font-family: -apple-system, BlinkMacSystemFont, 'Segoe UI', Roboto, Helvetica, Arial, sans-serif, 'Apple Color Emoji', 'Segoe UI Emoji', 'Segoe UI Symbol'; position: relative; color: #74787e; font-size: 15px; line-height: 18px; margin: 0; padding: 10px 0;">21-02-2027 (Sunday)</td>
<td align="right" style="box-sizing: border-box; font-family: -apple-system, BlinkMacSystemFont, 'Segoe UI', Roboto, Helvetica, Arial, sans-serif, 'Apple Color Emoji', 'Segoe UI Emoji', 'Segoe UI Symbol'; position: relative; color: #74787e; font-size: 15px; line-height: 18px; margin: 0; padding: 10px 0;">Night Shift</td>
</tr>
<tr>
<td align="left" style="box-sizing: border-box; font-family: -apple-system, BlinkMacSystemFont, 'Segoe UI', Roboto, Helvetica, Arial, sans-serif, 'Apple Color Emoji', 'Segoe UI Emoji', 'Segoe UI Symbol'; position: relative; color: #74787e; font-size: 15px; line-height: 18px; margin: 0; padding: 10px 0;">22-02-2027 (Monday)</td>
<td align="right" style="box-sizing: border-box; font-family: -apple-system, BlinkMacSystemFont, 'Segoe UI', Roboto, Helvetica, Arial, sans-serif, 'Apple Color Emoji', 'Segoe UI Emoji', 'Segoe UI Symbol'; position: relative; color: #74787e; font-size: 15px; line-height: 18px; margin: 0; padding: 10px 0;">Night Shift</td>
</tr>
<tr>
<td align="left" style="box-sizing: border-box; font-family: -apple-system, BlinkMacSystemFont, 'Segoe UI', Roboto, Helvetica, Arial, sans-serif, 'Apple Color Emoji', 'Segoe UI Emoji', 'Segoe UI Symbol'; position: relative; color: #74787e; font-size: 15px; line-height: 18px; margin: 0; padding: 10px 0;">23-02-2027 (Tuesday)</td>
<td align="right" style="box-sizing: border-box; font-family: -apple-system, BlinkMacSystemFont, 'Segoe UI', Roboto, Helvetica, Arial, sans-serif, 'Apple Color Emoji', 'Segoe UI Emoji', 'Segoe UI Symbol'; position: relative; color: #74787e; font-size: 15px; line-height: 18px; margin: 0; padding: 10px 0;">Night Shift</td>
</tr>
<tr>
<td align="left" style="box-sizing: border-box; font-family: -apple-system, BlinkMacSystemFont, 'Segoe UI', Roboto, Helvetica, Arial, sans-serif, 'Apple Color Emoji', 'Segoe UI Emoji', 'Segoe UI Symbol'; position: relative; color: #74787e; font-size: 15px; line-height: 18px; margin: 0; padding: 10px 0;">24-02-2027 (Wednesday)</td>
<td align="right" style="box-sizing: border-box; font-family: -apple-system, BlinkMacSystemFont, 'Segoe UI', Roboto, Helvetica, Arial, sans-serif, 'Apple Color Emoji', 'Segoe UI Emoji', 'Segoe UI Symbol'; position: relative; color: #74787e; font-size: 15px; line-height: 18px; margin: 0; padding: 10px 0;">Night Shift</td>
</tr>
<tr>
<td align="left" style="box-sizing: border-box; font-family: -apple-system, BlinkMacSystemFont, 'Segoe UI', Roboto, Helvetica, Arial, sans-serif, 'Apple Color Emoji', 'Segoe UI Emoji', 'Segoe UI Symbol'; position: relative; color: #74787e; font-size: 15px; line-height: 18px; margin: 0; padding: 10px 0;">25-02-2027 (Thursday)</td>
<td align="right" style="box-sizing: border-box; font-family: -apple-system, BlinkMacSystemFont, 'Segoe UI', Roboto, Helvetica, Arial, sans-serif, 'Apple Color Emoji', 'Segoe UI Emoji', 'Segoe UI Symbol'; position: relative; color: #74787e; font-size: 15px; line-height: 18px; margin: 0; padding: 10px 0;">Night Shift</td>
</tr>
<tr>
<td align="left" style="box-sizing: border-box; font-family: -apple-system, BlinkMacSystemFont, 'Segoe UI', Roboto, Helvetica, Arial, sans-serif, 'Apple Color Emoji', 'Segoe UI Emoji', 'Segoe UI Symbol'; position: relative; color: #74787e; font-size: 15px; line-height: 18px; margin: 0; padding: 10px 0;">26-02-2027 (Friday)</td>
<td align="right" style="box-sizing: border-box; font-family: -apple-system, BlinkMacSystemFont, 'Segoe UI', Roboto, Helvetica, Arial, sans-serif, 'Apple Color Emoji', 'Segoe UI Emoji', 'Segoe UI Symbol'; position: relative; color: #74787e; font-size: 15px; line-height: 18px; margin: 0; padding: 10px 0;">Night Shift</td>
</tr>
<tr>
<td align="left" style="box-sizing: border-box; font-family: -apple-system, BlinkMacSystemFont, 'Segoe UI', Roboto, Helvetica, Arial, sans-serif, 'Apple Color Emoji', 'Segoe UI Emoji', 'Segoe UI Symbol'; position: relative; color: #74787e; font-size: 15px; line-height: 18px; margin: 0; padding: 10px 0;">27-02-2027 (Saturday)</td>
<td align="right" style="box-sizing: border-box; font-family: -apple-system, BlinkMacSystemFont, 'Segoe UI', Roboto, Helvetica, Arial, sans-serif, 'Apple Color Emoji', 'Segoe UI Emoji', 'Segoe UI Symbol'; position: relative; color: #74787e; font-size: 15px; line-height: 18px; margin: 0; padding: 10px 0;">Night Shift</td>
</tr>
<tr>
<td align="left" style="box-sizing: border-box; font-family: -apple-system, BlinkMacSystemFont, 'Segoe UI', Roboto, Helvetica, Arial, sans-serif, 'Apple Color Emoji', 'Segoe UI Emoji', 'Segoe UI Symbol'; position: relative; color: #74787e; font-size: 15px; line-height: 18px; margin: 0; padding: 10px 0;">28-02-2027 (Sunday)</td>
<td align="right" style="box-sizing: border-box; font-family: -apple-system, BlinkMacSystemFont, 'Segoe UI', Roboto, Helvetica, Arial, sans-serif, 'Apple Color Emoji', 'Segoe UI Emoji', 'Segoe UI Symbol'; position: relative; color: #74787e; font-size: 15px; line-height: 18px; margin: 0; padding: 10px 0;">Night Shift</td>
</tr>
<tr>
<td align="left" style="box-sizing: border-box; font-family: -apple-system, BlinkMacSystemFont, 'Segoe UI', Roboto, Helvetica, Arial, sans-serif, 'Apple Color Emoji', 'Segoe UI Emoji', 'Segoe UI Symbol'; position: relative; color: #74787e; font-size: 15px; line-height: 18px; margin: 0; padding: 10px 0;">01-03-2027 (Monday)</td>
<td align="right" style="box-sizing: border-box; font-family: -apple-system, BlinkMacSystemFont, 'Segoe UI', Roboto, Helvetica, Arial, sans-serif, 'Apple Color Emoji', 'Segoe UI Emoji', 'Segoe UI Symbol'; position: relative; color: #74787e; font-size: 15px; line-height: 18px; margin: 0; padding: 10px 0;">Night Shift</td>
</tr>
<tr>
<td align="left" style="box-sizing: border-box; font-family: -apple-system, BlinkMacSystemFont, 'Segoe UI', Roboto, Helvetica, Arial, sans-serif, 'Apple Color Emoji', 'Segoe UI Emoji', 'Segoe UI Symbol'; position: relative; color: #74787e; font-size: 15px; line-height: 18px; margin: 0; padding: 10px 0;">02-03-2027 (Tuesday)</td>
<td align="right" style="box-sizing: border-box; font-family: -apple-system, BlinkMacSystemFont, 'Segoe UI', Roboto, Helvetica, Arial, sans-serif, 'Apple Color Emoji', 'Segoe UI Emoji', 'Segoe UI Symbol'; position: relative; color: #74787e; font-size: 15px; line-height: 18px; margin: 0; padding: 10px 0;">Night Shift</td>
</tr>
<tr>
<td align="left" style="box-sizing: border-box; font-family: -apple-system, BlinkMacSystemFont, 'Segoe UI', Roboto, Helvetica, Arial, sans-serif, 'Apple Color Emoji', 'Segoe UI Emoji', 'Segoe UI Symbol'; position: relative; color: #74787e; font-size: 15px; line-height: 18px; margin: 0; padding: 10px 0;">03-03-2027 (Wednesday)</td>
<td align="right" style="box-sizing: border-box; font-family: -apple-system, BlinkMacSystemFont, 'Segoe UI', Roboto, Helvetica, Arial, sans-serif, 'Apple Color Emoji', 'Segoe UI Emoji', 'Segoe UI Symbol'; position: relative; color: #74787e; font-size: 15px; line-height: 18px; margin: 0; padding: 10px 0;">Night Shift</td>
</tr>
<tr>
<td align="left" style="box-sizing: border-box; font-family: -apple-system, BlinkMacSystemFont, 'Segoe UI', Roboto, Helvetica, Arial, sans-serif, 'Apple Color Emoji', 'Segoe UI Emoji', 'Segoe UI Symbol'; position: relative; color: #74787e; font-size: 15px; line-height: 18px; margin: 0; padding: 10px 0;">04-03-2027 (Thursday)</td>
<td align="right" style="box-sizing: border-box; font-family: -apple-system, BlinkMacSystemFont, 'Segoe UI', Roboto, Helvetica, Arial, sans-serif, 'Apple Color Emoji', 'Segoe UI Emoji', 'Segoe UI Symbol'; position: relative; color: #74787e; font-size: 15px; line-height: 18px; margin: 0; padding: 10px 0;">Night Shift</td>
</tr>
<tr>
<td align="left" style="box-sizing: border-box; font-family: -apple-system, BlinkMacSystemFont, 'Segoe UI', Roboto, Helvetica, Arial, sans-serif, 'Apple Color Emoji', 'Segoe UI Emoji', 'Segoe UI Symbol'; position: relative; color: #74787e; font-size: 15px; line-height: 18px; margin: 0; padding: 10px 0;">05-03-2027 (Friday)</td>
<td align="right" style="box-sizing: border-box; font-family: -apple-system, BlinkMacSystemFont, 'Segoe UI', Roboto, Helvetica, Arial, sans-serif, 'Apple Color Emoji', 'Segoe UI Emoji', 'Segoe UI Symbol'; position: relative; color: #74787e; font-size: 15px; line-height: 18px; margin: 0; padding: 10px 0;">Night Shift</td>
</tr>
<tr>
<td align="left" style="box-sizing: border-box; font-family: -apple-system, BlinkMacSystemFont, 'Segoe UI', Roboto, Helvetica, Arial, sans-serif, 'Apple Color Emoji', 'Segoe UI Emoji', 'Segoe UI Symbol'; position: relative; color: #74787e; font-size: 15px; line-height: 18px; margin: 0; padding: 10px 0;">06-03-2027 (Saturday)</td>
<td align="right" style="box-sizing: border-box; font-family: -apple-system, BlinkMacSystemFont, 'Segoe UI', Roboto, Helvetica, Arial, sans-serif, 'Apple Color Emoji', 'Segoe UI Emoji', 'Segoe UI Symbol'; position: relative; color: #74787e; font-size: 15px; line-height: 18px; margin: 0; padding: 10px 0;">Night Shift</td>
</tr>
<tr>
<td align="left" style="box-sizing: border-box; font-family: -apple-system, BlinkMacSystemFont, 'Segoe UI', Roboto, Helvetica, Arial, sans-serif, 'Apple Color Emoji', 'Segoe UI Emoji', 'Segoe UI Symbol'; position: relative; color: #74787e; font-size: 15px; line-height: 18px; margin: 0; padding: 10px 0;">07-03-2027 (Sunday)</td>
<td align="right" style="box-sizing: border-box; font-family: -apple-system, BlinkMacSystemFont, 'Segoe UI', Roboto, Helvetica, Arial, sans-serif, 'Apple Color Emoji', 'Segoe UI Emoji', 'Segoe UI Symbol'; position: relative; color: #74787e; font-size: 15px; line-height: 18px; margin: 0; padding: 10px 0;">Night Shift</td>
</tr>
<tr>
<td align="left" style="box-sizing: border-box; font-family: -apple-system, BlinkMacSystemFont, 'Segoe UI', Roboto, Helvetica, Arial, sans-serif, 'Apple Color Emoji', 'Segoe UI Emoji', 'Segoe UI Symbol'; position: relative; color: #74787e; font-size: 15px; line-height: 18px; margin: 0; padding: 10px 0;">08-03-2027 (Monday)</td>
<td align="right" style="box-sizing: border-box; font-family: -apple-system, BlinkMacSystemFont, 'Segoe UI', Roboto, Helvetica, Arial, sans-serif, 'Apple Color Emoji', 'Segoe UI Emoji', 'Segoe UI Symbol'; position: relative; color: #74787e; font-size: 15px; line-height: 18px; margin: 0; padding: 10px 0;">Night Shift</td>
</tr>
<tr>
<td align="left" style="box-sizing: border-box; font-family: -apple-system, BlinkMacSystemFont, 'Segoe UI', Roboto, Helvetica, Arial, sans-serif, 'Apple Color Emoji', 'Segoe UI Emoji', 'Segoe UI Symbol'; position: relative; color: #74787e; font-size: 15px; line-height: 18px; margin: 0; padding: 10px 0;">09-03-2027 (Tuesday)</td>
<td align="right" style="box-sizing: border-box; font-family: -apple-system, BlinkMacSystemFont, 'Segoe UI', Roboto, Helvetica, Arial, sans-serif, 'Apple Color Emoji', 'Segoe UI Emoji', 'Segoe UI Symbol'; position: relative; color: #74787e; font-size: 15px; line-height: 18px; margin: 0; padding: 10px 0;">Night Shift</td>
</tr>
<tr>
<td align="left" style="box-sizing: border-box; font-family: -apple-system, BlinkMacSystemFont, 'Segoe UI', Roboto, Helvetica, Arial, sans-serif, 'Apple Color Emoji', 'Segoe UI Emoji', 'Segoe UI Symbol'; position: relative; color: #74787e; font-size: 15px; line-height: 18px; margin: 0; padding: 10px 0;">10-03-2027 (Wednesday)</td>
<td align="right" style="box-sizing: border-box; font-family: -apple-system, BlinkMacSystemFont, 'Segoe UI', Roboto, Helvetica, Arial, sans-serif, 'Apple Color Emoji', 'Segoe UI Emoji', 'Segoe UI Symbol'; position: relative; color: #74787e; font-size: 15px; line-height: 18px; margin: 0; padding: 10px 0;">Night Shift</td>
</tr>
<tr>
<td align="left" style="box-sizing: border-box; font-family: -apple-system, BlinkMacSystemFont, 'Segoe UI', Roboto, Helvetica, Arial, sans-serif, 'Apple Color Emoji', 'Segoe UI Emoji', 'Segoe UI Symbol'; position: relative; color: #74787e; font-size: 15px; line-height: 18px; margin: 0; padding: 10px 0;">11-03-2027 (Thursday)</td>
<td align="right" style="box-sizing: border-box; font-family: -apple-system, BlinkMacSystemFont, 'Segoe UI', Roboto, Helvetica, Arial, sans-serif, 'Apple Color Emoji', 'Segoe UI Emoji', 'Segoe UI Symbol'; position: relative; color: #74787e; font-size: 15px; line-height: 18px; margin: 0; padding: 10px 0;">Night Shift</td>
</tr>
<tr>
<td align="left" style="box-sizing: border-box; font-family: -apple-system, BlinkMacSystemFont, 'Segoe UI', Roboto, Helvetica, Arial, sans-serif, 'Apple Color Emoji', 'Segoe UI Emoji', 'Segoe UI Symbol'; position: relative; color: #74787e; font-size: 15px; line-height: 18px; margin: 0; padding: 10px 0;">12-03-2027 (Friday)</td>
<td align="right" style="box-sizing: border-box; font-family: -apple-system, BlinkMacSystemFont, 'Segoe UI', Roboto, Helvetica, Arial, sans-serif, 'Apple Color Emoji', 'Segoe UI Emoji', 'Segoe UI Symbol'; position: relative; color: #74787e; font-size: 15px; line-height: 18px; margin: 0; padding: 10px 0;">Night Shift</td>
</tr>
<tr>
<td align="left" style="box-sizing: border-box; font-family: -apple-system, BlinkMacSystemFont, 'Segoe UI', Roboto, Helvetica, Arial, sans-serif, 'Apple Color Emoji', 'Segoe UI Emoji', 'Segoe UI Symbol'; position: relative; color: #74787e; font-size: 15px; line-height: 18px; margin: 0; padding: 10px 0;">13-03-2027 (Saturday)</td>
<td align="right" style="box-sizing: border-box; font-family: -apple-system, BlinkMacSystemFont, 'Segoe UI', Roboto, Helvetica, Arial, sans-serif, 'Apple Color Emoji', 'Segoe UI Emoji', 'Segoe UI Symbol'; position: relative; color: #74787e; font-size: 15px; line-height: 18px; margin: 0; padding: 10px 0;">Night Shift</td>
</tr>
<tr>
<td align="left" style="box-sizing: border-box; font-family: -apple-system, BlinkMacSystemFont, 'Segoe UI', Roboto, Helvetica, Arial, sans-serif, 'Apple Color Emoji', 'Segoe UI Emoji', 'Segoe UI Symbol'; position: relative; color: #74787e; font-size: 15px; line-height: 18px; margin: 0; padding: 10px 0;">14-03-2027 (Sunday)</td>
<td align="right" style="box-sizing: border-box; font-family: -apple-system, BlinkMacSystemFont, 'Segoe UI', Roboto, Helvetica, Arial, sans-serif, 'Apple Color Emoji', 'Segoe UI Emoji', 'Segoe UI Symbol'; position: relative; color: #74787e; font-size: 15px; line-height: 18px; margin: 0; padding: 10px 0;">Night Shift</td>
</tr>
<tr>
<td align="left" style="box-sizing: border-box; font-family: -apple-system, BlinkMacSystemFont, 'Segoe UI', Roboto, Helvetica, Arial, sans-serif, 'Apple Color Emoji', 'Segoe UI Emoji', 'Segoe UI Symbol'; position: relative; color: #74787e; font-size: 15px; line-height: 18px; margin: 0; padding: 10px 0;">15-03-2027 (Monday)</td>
<td align="right" style="box-sizing: border-box; font-family: -apple-system, BlinkMacSystemFont, 'Segoe UI', Roboto, Helvetica, Arial, sans-serif, 'Apple Color Emoji', 'Segoe UI Emoji', 'Segoe UI Symbol'; position: relative; color: #74787e; font-size: 15px; line-height: 18px; margin: 0; padding: 10px 0;">Night Shift</td>
</tr>
<tr>
<td align="left" style="box-sizing: border-box; font-family: -apple-system, BlinkMacSystemFont, 'Segoe UI', Roboto, Helvetica, Arial, sans-serif, 'Apple Color Emoji', 'Segoe UI Emoji', 'Segoe UI Symbol'; position: relative; color: #74787e; font-size: 15px; line-height: 18px; margin: 0; padding: 10px 0;">16-03-2027 (Tuesday)</td>
<td align="right" style="box-sizing: border-box; font-family: -apple-system, BlinkMacSystemFont, 'Segoe UI', Roboto, Helvetica, Arial, sans-serif, 'Apple Color Emoji', 'Segoe UI Emoji', 'Segoe UI Symbol'; position: relative; color: #74787e; font-size: 15px; line-height: 18px; margin: 0; padding: 10px 0;">Night Shift</td>
</tr>
<tr>
<td align="left" style="box-sizing: border-box; font-family: -apple-system, BlinkMacSystemFont, 'Segoe UI', Roboto, Helvetica, Arial, sans-serif, 'Apple Color Emoji', 'Segoe UI Emoji', 'Segoe UI Symbol'; position: relative; color: #74787e; font-size: 15px; line-height: 18px; margin: 0; padding: 10px 0;">17-03-2027 (Wednesday)</td>
<td align="right" style="box-sizing: border-box; font-family: -apple-system, BlinkMacSystemFont, 'Segoe UI', Roboto, Helvetica, Arial, sans-serif, 'Apple Color Emoji', 'Segoe UI Emoji', 'Segoe UI Symbol'; position: relative; color: #74787e; font-size: 15px; line-height: 18px; margin: 0; padding: 10px 0;">Night Shift</td>
</tr>
<tr>
<td align="left" style="box-sizing: border-box; font-family: -apple-system, BlinkMacSystemFont, 'Segoe UI', Roboto, Helvetica, Arial, sans-serif, 'Apple Color Emoji', 'Segoe UI Emoji', 'Segoe UI Symbol'; position: relative; color: #74787e; font-size: 15px; line-height: 18px; margin: 0; padding: 10px 0;">18-03-2027 (Thursday)</td>
<td align="right" style="box-sizing: border-box; font-family: -apple-system, BlinkMacSystemFont, 'Segoe UI', Roboto, Helvetica, Arial, sans-serif, 'Apple Color Emoji', 'Segoe UI Emoji', 'Segoe UI Symbol'; position: relative; color: #74787e; font-size: 15px; line-height: 18px; margin: 0; padding: 10px 0;">Night Shift</td>
</tr>
<tr>
<td align="left" style="box-sizing: border-box; font-family: -apple-system, BlinkMacSystemFont, 'Segoe UI', Roboto, Helvetica, Arial, sans-serif, 'Apple Color Emoji', 'Segoe UI Emoji', 'Segoe UI Symbol'; position: relative; color: #74787e; font-size: 15px; line-height: 18px; margin: 0; padding: 10px 0;">19-03-2027 (Friday)</td>
<td align="right" style="box-sizing: border-box; font-family: -apple-system, BlinkMacSystemFont, 'Segoe UI', Roboto, Helvetica, Arial, sans-serif, 'Apple Color Emoji', 'Segoe UI Emoji', 'Segoe UI Symbol'; position: relative; color: #74787e; font-size: 15px; line-height: 18px; margin: 0; padding: 10px 0;">Night Shift</td>
</tr>
<tr>
<td align="left" style="box-sizing: border-box; font-family: -apple-system, BlinkMacSystemFont, 'Segoe UI', Roboto, Helvetica, Arial, sans-serif, 'Apple Color Emoji', 'Segoe UI Emoji', 'Segoe UI Symbol'; position: relative; color: #74787e; font-size: 15px; line-height: 18px; margin: 0; padding: 10px 0;">20-03-2027 (Saturday)</td>
<td align="right" style="box-sizing: border-box; font-family: -apple-system, BlinkMacSystemFont, 'Segoe UI', Roboto, Helvetica, Arial, sans-serif, 'Apple Color Emoji', 'Segoe UI Emoji', 'Segoe UI Symbol'; position: relative; color: #74787e; font-size: 15px; line-height: 18px; margin: 0; padding: 10px 0;">Night Shift</td>
</tr>
<tr>
<td align="left" style="box-sizing: border-box; font-family: -apple-system, BlinkMacSystemFont, 'Segoe UI', Roboto, Helvetica, Arial, sans-serif, 'Apple Color Emoji', 'Segoe UI Emoji', 'Segoe UI Symbol'; position: relative; color: #74787e; font-size: 15px; line-height: 18px; margin: 0; padding: 10px 0;">21-03-2027 (Sunday)</td>
<td align="right" style="box-sizing: border-box; font-family: -apple-system, BlinkMacSystemFont, 'Segoe UI', Roboto, Helvetica, Arial, sans-serif, 'Apple Color Emoji', 'Segoe UI Emoji', 'Segoe UI Symbol'; position: relative; color: #74787e; font-size: 15px; line-height: 18px; margin: 0; padding: 10px 0;">Night Shift</td>
</tr>
<tr>
<td align="left" style="box-sizing: border-box; font-family: -apple-system, BlinkMacSystemFont, 'Segoe UI', Roboto, Helvetica, Arial, sans-serif, 'Apple Color Emoji', 'Segoe UI Emoji', 'Segoe UI Symbol'; position: relative; color: #74787e; font-size: 15px; line-height: 18px; margin: 0; padding: 10px 0;">22-03-2027 (Monday)</td>
<td align="right" style="box-sizing: border-box; font-family: -apple-system, BlinkMacSystemFont, 'Segoe UI', Roboto, Helvetica, Arial, sans-serif, 'Apple Color Emoji', 'Segoe UI Emoji', 'Segoe UI Symbol'; position: relative; color: #74787e; font-size: 15px; line-height: 18px; margin: 0; padding: 10px 0;">Night Shift</td>
</tr>
<tr>
<td align="left" style="box-sizing: border-box; font-family: -apple-system, BlinkMacSystemFont, 'Segoe UI', Roboto, Helvetica, Arial, sans-serif, 'Apple Color Emoji', 'Segoe UI Emoji', 'Segoe UI Symbol'; position: relative; color: #74787e; font-size: 15px; line-height: 18px; margin: 0; padding: 10px 0;">23-03-2027 (Tuesday)</td>
<td align="right" style="box-sizing: border-box; font-family: -apple-system, BlinkMacSystemFont, 'Segoe UI', Roboto, Helvetica, Arial, sans-serif, 'Apple Color Emoji', 'Segoe UI Emoji', 'Segoe UI Symbol'; position: relative; color: #74787e; font-size: 15px; line-height: 18px; margin: 0; padding: 10px 0;">Night Shift</td>
</tr>
<tr>
<td align="left" style="box-sizing: border-box; font-family: -apple-system, BlinkMacSystemFont, 'Segoe UI', Roboto, Helvetica, Arial, sans-serif, 'Apple Color Emoji', 'Segoe UI Emoji', 'Segoe UI Symbol'; position: relative; color: #74787e; font-size: 15px; line-height: 18px; margin: 0; padding: 10px 0;">24-03-2027 (Wednesday)</td>
<td align="right" style="box-sizing: border-box; font-family: -apple-system, BlinkMacSystemFont, 'Segoe UI', Roboto, Helvetica, Arial, sans-serif, 'Apple Color Emoji', 'Segoe UI Emoji', 'Segoe UI Symbol'; position: relative; color: #74787e; font-size: 15px; line-height: 18px; margin: 0; padding: 10px 0;">Night Shift</td>
</tr>
<tr>
<td align="left" style="box-sizing: border-box; font-family: -apple-system, BlinkMacSystemFont, 'Segoe UI', Roboto, Helvetica, Arial, sans-serif, 'Apple Color Emoji', 'Segoe UI Emoji', 'Segoe UI Symbol'; position: relative; color: #74787e; font-size: 15px; line-height: 18px; margin: 0; padding: 10px 0;">25-03-2027 (Thursday)</td>
<td align="right" style="box-sizing: border-box; font-family: -apple-system, BlinkMacSystemFont, 'Segoe UI', Roboto, Helvetica, Arial, sans-serif, 'Apple Color Emoji', 'Segoe UI Emoji', 'Segoe UI Symbol'; position: relative; color: #74787e; font-size: 15px; line-height: 18px; margin: 0; padding: 10px 0;">Night Shift</td>
</tr>
<tr>
<td align="left" style="box-sizing: border-box; font-family: -apple-system, BlinkMacSystemFont, 'Segoe UI', Roboto, Helvetica, Arial, sans-serif, 'Apple Color Emoji', 'Segoe UI Emoji', 'Segoe UI Symbol'; position: relative; color: #74787e; font-size: 15px; line-height: 18px; margin: 0; padding: 10px 0;">26-03-2027 (Friday)</td>
<td align="right" style="box-sizing: border-box; font-family: -apple-system, BlinkMacSystemFont, 'Segoe UI', Roboto, Helvetica, Arial, sans-serif, 'Apple Color Emoji', 'Segoe UI Emoji', 'Segoe UI Symbol'; position: relative; color: #74787e; font-size: 15px; line-height: 18px; margin: 0; padding: 10px 0;">Night Shift</td>
</tr>
<tr>
<td align="left" style="box-sizing: border-box; font-family: -apple-system, BlinkMacSystemFont, 'Segoe UI', Roboto, Helvetica, Arial, sans-serif, 'Apple Color Emoji', 'Segoe UI Emoji', 'Segoe UI Symbol'; position: relative; color: #74787e; font-size: 15px; line-height: 18px; margin: 0; padding: 10px 0;">27-03-2027 (Saturday)</td>
<td align="right" style="box-sizing: border-box; font-family: -apple-system, BlinkMacSystemFont, 'Segoe UI', Roboto, Helvetica, Arial, sans-serif, 'Apple Color Emoji', 'Segoe UI Emoji', 'Segoe UI Symbol'; position: relative; color: #74787e; font-size: 15px; line-height: 18px; margin: 0; padding: 10px 0;">Night Shift</td>
</tr>
<tr>
<td align="left" style="box-sizing: border-box; font-family: -apple-system, BlinkMacSystemFont, 'Segoe UI', Roboto, Helvetica, Arial, sans-serif, 'Apple Color Emoji', 'Segoe UI Emoji', 'Segoe UI Symbol'; position: relative; color: #74787e; font-size: 15px; line-height: 18px; margin: 0; padding: 10px 0;">28-03-2027 (Sunday)</td>
<td align="right" style="box-sizing: border-box; font-family: -apple-system, BlinkMacSystemFont, 'Segoe UI', Roboto, Helvetica, Arial, sans-serif, 'Apple Color Emoji', 'Segoe UI Emoji', 'Segoe UI Symbol'; position: relative; color: #74787e; font-size: 15px; line-height: 18px; margin: 0; padding: 10px 0;">Night Shift</td>
</tr>
<tr>
<td align="left" style="box-sizing: border-box; font-family: -apple-system, BlinkMacSystemFont, 'Segoe UI', Roboto, Helvetica, Arial, sans-serif, 'Apple Color Emoji', 'Segoe UI Emoji', 'Segoe UI Symbol'; position: relative; color: #74787e; font-size: 15px; line-height: 18px; margin: 0; padding: 10px 0;">29-03-2027 (Monday)</td>
<td align="right" style="box-sizing: border-box; font-family: -apple-system, BlinkMacSystemFont, 'Segoe UI', Roboto, Helvetica, Arial, sans-serif, 'Apple Color Emoji', 'Segoe UI Emoji', 'Segoe UI Symbol'; position: relative; color: #74787e; font-size: 15px; line-height: 18px; margin: 0; padding: 10px 0;">Night Shift</td>
</tr>
<tr>
<td align="left" style="box-sizing: border-box; font-family: -apple-system, BlinkMacSystemFont, 'Segoe UI', Roboto, Helvetica, Arial, sans-serif, 'Apple Color Emoji', 'Segoe UI Emoji', 'Segoe UI Symbol'; position: relative; color: #74787e; font-size: 15px; line-height: 18px; margin: 0; padding: 10px 0;">30-03-2027 (Tuesday)</td>
<td align="right" style="box-sizing: border-box; font-family: -apple-system, BlinkMacSystemFont, 'Segoe UI', Roboto, Helvetica, Arial, sans-serif, 'Apple Color Emoji', 'Segoe UI Emoji', 'Segoe UI Symbol'; position: relative; color: #74787e; font-size: 15px; line-height: 18px; margin: 0; padding: 10px 0;">Night Shift</td>
</tr>
<tr>
<td align="left" style="box-sizing: border-box; font-family: -apple-system, BlinkMacSystemFont, 'Segoe UI', Roboto, Helvetica, Arial, sans-serif, 'Apple Color Emoji', 'Segoe UI Emoji', 'Segoe UI Symbol'; position: relative; color: #74787e; font-size: 15px; line-height: 18px; margin: 0; padding: 10px 0;">31-03-2027 (Wednesday)</td>
<td align="right" style="box-sizing: border-box; font-family: -apple-system, BlinkMacSystemFont, 'Segoe UI', Roboto, Helvetica, Arial, sans-serif, 'Apple Color Emoji', 'Segoe UI Emoji', 'Segoe UI Symbol'; position: relative; color: #74787e; font-size: 15px; line-height: 18px; margin: 0; padding: 10px 0;">Night Shift</td>
</tr>
<tr>
<td align="left" style="box-sizing: border-box; font-family: -apple-system, BlinkMacSystemFont, 'Segoe UI', Roboto, Helvetica, Arial, sans-serif, 'Apple Color Emoji', 'Segoe UI Emoji', 'Segoe UI Symbol'; position: relative; color: #74787e; font-size: 15px; line-height: 18px; margin: 0; padding: 10px 0;">01-04-2027 (Thursday)</td>
<td align="right" style="box-sizing: border-box; font-family: -apple-system, BlinkMacSystemFont, 'Segoe UI', Roboto, Helvetica, Arial, sans-serif, 'Apple Color Emoji', 'Segoe UI Emoji', 'Segoe UI Symbol'; position: relative; color: #74787e; font-size: 15px; line-height: 18px; margin: 0; padding: 10px 0;">Night Shift</td>
</tr>
<tr>
<td align="left" style="box-sizing: border-box; font-family: -apple-system, BlinkMacSystemFont, 'Segoe UI', Roboto, Helvetica, Arial, sans-serif, 'Apple Color Emoji', 'Segoe UI Emoji', 'Segoe UI Symbol'; position: relative; color: #74787e; font-size: 15px; line-height: 18px; margin: 0; padding: 10px 0;">02-04-2027 (Friday)</td>
<td align="right" style="box-sizing: border-box; font-family: -apple-system, BlinkMacSystemFont, 'Segoe UI', Roboto, Helvetica, Arial, sans-serif, 'Apple Color Emoji', 'Segoe UI Emoji', 'Segoe UI Symbol'; position: relative; color: #74787e; font-size: 15px; line-height: 18px; margin: 0; padding: 10px 0;">Night Shift</td>
</tr>
<tr>
<td align="left" style="box-sizing: border-box; font-family: -apple-system, BlinkMacSystemFont, 'Segoe UI', Roboto, Helvetica, Arial, sans-serif, 'Apple Color Emoji', 'Segoe UI Emoji', 'Segoe UI Symbol'; position: relative; color: #74787e; font-size: 15px; line-height: 18px; margin: 0; padding: 10px 0;">03-04-2027 (Saturday)</td>
<td align="right" style="box-sizing: border-box; font-family: -apple-system, BlinkMacSystemFont, 'Segoe UI', Roboto, Helvetica, Arial, sans-serif, 'Apple Color Emoji', 'Segoe UI Emoji', 'Segoe UI Symbol'; position: relative; color: #74787e; font-size: 15px; line-height: 18px; margin: 0; padding: 10px 0;">Night Shift</td>
</tr>
<tr>
<td align="left" style="box-sizing: border-box; font-family: -apple-system, BlinkMacSystemFont, 'Segoe UI', Roboto, Helvetica, Arial, sans-serif, 'Apple Color Emoji', 'Segoe UI Emoji', 'Segoe UI Symbol'; position: relative; color: #74787e; font-size: 15px; line-height: 18px; margin: 0; padding: 10px 0;">04-04-2027 (Sunday)</td>
<td align="right" style="box-sizing: border-box; font-family: -apple-system, BlinkMacSystemFont, 'Segoe UI', Roboto, Helvetica, Arial, sans-serif, 'Apple Color Emoji', 'Segoe UI Emoji', 'Segoe UI Symbol'; position: relative; color: #74787e; font-size: 15px; line-height: 18px; margin: 0; padding: 10px 0;">Night Shift</td>
</tr>
<tr>
<td align="left" style="box-sizing: border-box; font-family: -apple-system, BlinkMacSystemFont, 'Segoe UI', Roboto, Helvetica, Arial, sans-serif, 'Apple Color Emoji', 'Segoe UI Emoji', 'Segoe UI Symbol'; position: relative; color: #74787e; font-size: 15px; line-height: 18px; margin: 0; padding: 10px 0;">05-04-2027 (Monday)</td>
<td align="right" style="box-sizing: border-box; font-family: -apple-system, BlinkMacSystemFont, 'Segoe UI', Roboto, Helvetica, Arial, sans-serif, 'Apple Color Emoji', 'Segoe UI Emoji', 'Segoe UI Symbol'; position: relative; color: #74787e; font-size: 15px; line-height: 18px; margin: 0; padding: 10px 0;">Night Shift</td>
</tr>
<tr>
<td align="left" style="box-sizing: border-box; font-family: -apple-system, BlinkMacSystemFont, 'Segoe UI', Roboto, Helvetica, Arial, sans-serif, 'Apple Color Emoji', 'Segoe UI Emoji', 'Segoe UI Symbol'; position: relative; color: #74787e; font-size: 15px; line-height: 18px; margin: 0; padding: 10px 0;">06-04-2027 (Tuesday)</td>
<td align="right" style="box-sizing: border-box; font-family: -apple-system, BlinkMacSystemFont, 'Segoe UI', Roboto, Helvetica, Arial, sans-serif, 'Apple Color Emoji', 'Segoe UI Emoji', 'Segoe UI Symbol'; position: relative; color: #74787e; font-size: 15px; line-height: 18px; margin: 0; padding: 10px 0;">Night Shift</td>
</tr>
<tr>
<td align="left" style="box-sizing: border-box; font-family: -apple-system, BlinkMacSystemFont, 'Segoe UI', Roboto, Helvetica, Arial, sans-serif, 'Apple Color Emoji', 'Segoe UI Emoji', 'Segoe UI Symbol'; position: relative; color: #74787e; font-size: 15px; line-height: 18px; margin: 0; padding: 10px 0;">07-04-2027 (Wednesday)</td>
<td align="right" style="box-sizing: border-box; font-family: -apple-system, BlinkMacSystemFont, 'Segoe UI', Roboto, Helvetica, Arial, sans-serif, 'Apple Color Emoji', 'Segoe UI Emoji', 'Segoe UI Symbol'; position: relative; color: #74787e; font-size: 15px; line-height: 18px; margin: 0; padding: 10px 0;">Night Shift</td>
</tr>
<tr>
<td align="left" style="box-sizing: border-box; font-family: -apple-system, BlinkMacSystemFont, 'Segoe UI', Roboto, Helvetica, Arial, sans-serif, 'Apple Color Emoji', 'Segoe UI Emoji', 'Segoe UI Symbol'; position: relative; color: #74787e; font-size: 15px; line-height: 18px; margin: 0; padding: 10px 0;">08-04-2027 (Thursday)</td>
<td align="right" style="box-sizing: border-box; font-family: -apple-system, BlinkMacSystemFont, 'Segoe UI', Roboto, Helvetica, Arial, sans-serif, 'Apple Color Emoji', 'Segoe UI Emoji', 'Segoe UI Symbol'; position: relative; color: #74787e; font-size: 15px; line-height: 18px; margin: 0; padding: 10px 0;">Night Shift</td>
</tr>
<tr>
<td align="left" style="box-sizing: border-box; font-family: -apple-system, BlinkMacSystemFont, 'Segoe UI', Roboto, Helvetica, Arial, sans-serif, 'Apple Color Emoji', 'Segoe UI Emoji', 'Segoe UI Symbol'; position: relative; color: #74787e; font-size: 15px; line-height: 18px; margin: 0; padding: 10px 0;">09-04-2027 (Friday)</td>
<td align="right" style="box-sizing: border-box; font-family: -apple-system, BlinkMacSystemFont, 'Segoe UI', Roboto, Helvetica, Arial, sans-serif, 'Apple Color Emoji', 'Segoe UI Emoji', 'Segoe UI Symbol'; position: relative; color: #74787e; font-size: 15px; line-height: 18px; margin: 0; padding: 10px 0;">Night Shift</td>
</tr>
<tr>
<td align="left" style="box-sizing: border-box; font-family: -apple-system, BlinkMacSystemFont, 'Segoe UI', Roboto, Helvetica, Arial, sans-serif, 'Apple Color Emoji', 'Segoe UI Emoji', 'Segoe UI Symbol'; position: relative; color: #74787e; font-size: 15px; line-height: 18px; margin: 0; padding: 10px 0;">10-04-2027 (Saturday)</td>
<td align="right" style="box-sizing: border-box; font-family: -apple-system, BlinkMacSystemFont, 'Segoe UI', Roboto, Helvetica, Arial, sans-serif, 'Apple Color Emoji', 'Segoe UI Emoji', 'Segoe UI Symbol'; position: relative; color: #74787e; font-size: 15px; line-height: 18px; margin: 0; padding: 10px 0;">Night Shift</td>
</tr>
<tr>
<td align="left" style="box-sizing: border-box; font-family: -apple-system, BlinkMacSystemFont, 'Segoe UI', Roboto, Helvetica, Arial, sans-serif, 'Apple Color Emoji', 'Segoe UI Emoji', 'Segoe UI Symbol'; position: relative; color: #74787e; font-size: 15px; line-height: 18px; margin: 0; padding: 10px 0;">11-04-2027 (Sunday)</td>
<td align="right" style="box-sizing: border-box; font-family: -apple-system, BlinkMacSystemFont, 'Segoe UI', Roboto, Helvetica, Arial, sans-serif, 'Apple Color Emoji', 'Segoe UI Emoji', 'Segoe UI Symbol'; position: relative; color: #74787e; font-size: 15px; line-height: 18px; margin: 0; padding: 10px 0;">Night Shift</td>
</tr>
<tr>
<td align="left" style="box-sizing: border-box; font-family: -apple-system, BlinkMacSystemFont, 'Segoe UI', Roboto, Helvetica, Arial, sans-serif, 'Apple Color Emoji', 'Segoe UI Emoji', 'Segoe UI Symbol'; position: relative; color: #74787e; font-size: 15px; line-height: 18px; margin: 0; padding: 10px 0;">12-04-2027 (Monday)</td>
<td align="right" style="box-sizing: border-box; font-family: -apple-system, BlinkMacSystemFont, 'Segoe UI', Roboto, Helvetica, Arial, sans-serif, 'Apple Color Emoji', 'Segoe UI Emoji', 'Segoe UI Symbol'; position: relative; color: #74787e; font-size: 15px; line-height: 18px; margin: 0; padding: 10px 0;">Night Shift</td>
</tr>
<tr>
<td align="left" style="box-sizing: border-box; font-family: -apple-system, BlinkMacSystemFont, 'Segoe UI', Roboto, Helvetica, Arial, sans-serif, 'Apple Color Emoji', 'Segoe UI Emoji', 'Segoe UI Symbol'; position: relative; color: #74787e; font-size: 15px; line-height: 18px; margin: 0; padding: 10px 0;">13-04-2027 (Tuesday)</td>
<td align="right" style="box-sizing: border-box; font-family: -apple-system, BlinkMacSystemFont, 'Segoe UI', Roboto, Helvetica, Arial, sans-serif, 'Apple Color Emoji', 'Segoe UI Emoji', 'Segoe UI Symbol'; position: relative; color: #74787e; font-size: 15px; line-height: 18px; margin: 0; padding: 10px 0;">Night Shift</td>
</tr>
<tr>
<td align="left" style="box-sizing: border-box; font-family: -apple-system, BlinkMacSystemFont, 'Segoe UI', Roboto, Helvetica, Arial, sans-serif, 'Apple Color Emoji', 'Segoe UI Emoji', 'Segoe UI Symbol'; position: relative; color: #74787e; font-size: 15px; line-height: 18px; margin: 0; padding: 10px 0;">14-04-2027 (Wednesday)</td>
<td align="right" style="box-sizing: border-box; font-family: -apple-system, BlinkMacSystemFont, 'Segoe UI', Roboto, Helvetica, Arial, sans-serif, 'Apple Color Emoji', 'Segoe UI Emoji', 'Segoe UI Symbol'; position: relative; color: #74787e; font-size: 15px; line-height: 18px; margin: 0; padding: 10px 0;">Night Shift</td>
</tr>
<tr>
<td align="left" style="box-sizing: border-box; font-family: -apple-system, BlinkMacSystemFont, 'Segoe UI', Roboto, Helvetica, Arial, sans-serif, 'Apple Color Emoji', 'Segoe UI Emoji', 'Segoe UI Symbol'; position: relative; color: #74787e; font-size: 15px; line-height: 18px; margin: 0; padding: 10px 0;">15-04-2027 (Thursday)</td>
<td align="right" style="box-sizing: border-box; font-family: -apple-system, BlinkMacSystemFont, 'Segoe UI', Roboto, Helvetica, Arial, sans-serif, 'Apple Color Emoji', 'Segoe UI Emoji', 'Segoe UI Symbol'; position: relative; color: #74787e; font-size: 15px; line-height: 18px; margin: 0; padding: 10px 0;">Night Shift</td>
</tr>
<tr>
<td align="left" style="box-sizing: border-box; font-family: -apple-system, BlinkMacSystemFont, 'Segoe UI', Roboto, Helvetica, Arial, sans-serif, 'Apple Color Emoji', 'Segoe UI Emoji', 'Segoe UI Symbol'; position: relative; color: #74787e; font-size: 15px; line-height: 18px; margin: 0; padding: 10px 0;">16-04-2027 (Friday)</td>
<td align="right" style="box-sizing: border-box; font-family: -apple-system, BlinkMacSystemFont, 'Segoe UI', Roboto, Helvetica, Arial, sans-serif, 'Apple Color Emoji', 'Segoe UI Emoji', 'Segoe UI Symbol'; position: relative; color: #74787e; font-size: 15px; line-height: 18px; margin: 0; padding: 10px 0;">Night Shift</td>
</tr>
<tr>
<td align="left" style="box-sizing: border-box; font-family: -apple-system, BlinkMacSystemFont, 'Segoe UI', Roboto, Helvetica, Arial, sans-serif, 'Apple Color Emoji', 'Segoe UI Emoji', 'Segoe UI Symbol'; position: relative; color: #74787e; font-size: 15px; line-height: 18px; margin: 0; padding: 10px 0;">17-04-2027 (Saturday)</td>
<td align="right" style="box-sizing: border-box; font-family: -apple-system, BlinkMacSystemFont, 'Segoe UI', Roboto, Helvetica, Arial, sans-serif, 'Apple Color Emoji', 'Segoe UI Emoji', 'Segoe UI Symbol'; position: relative; color: #74787e; font-size: 15px; line-height: 18px; margin: 0; padding: 10px 0;">Night Shift</td>
</tr>
<tr>
<td align="left" style="box-sizing: border-box; font-family: -apple-system, BlinkMacSystemFont, 'Segoe UI', Roboto, Helvetica, Arial, sans-serif, 'Apple Color Emoji', 'Segoe UI Emoji', 'Segoe UI Symbol'; position: relative; color: #74787e; font-size: 15px; line-height: 18px; margin: 0; padding: 10px 0;">18-04-2027 (Sunday)</td>
<td align="right" style="box-sizing: border-box; font-family: -apple-system, BlinkMacSystemFont, 'Segoe UI', Roboto, Helvetica, Arial, sans-serif, 'Apple Color Emoji', 'Segoe UI Emoji', 'Segoe UI Symbol'; position: relative; color: #74787e; font-size: 15px; line-height: 18px; margin: 0; padding: 10px 0;">Night Shift</td>
</tr>
<tr>
<td align="left" style="box-sizing: border-box; font-family: -apple-system, BlinkMacSystemFont, 'Segoe UI', Roboto, Helvetica, Arial, sans-serif, 'Apple Color Emoji', 'Segoe UI Emoji', 'Segoe UI Symbol'; position: relative; color: #74787e; font-size: 15px; line-height: 18px; margin: 0; padding: 10px 0;">19-04-2027 (Monday)</td>
<td align="right" style="box-sizing: border-box; font-family: -apple-system, BlinkMacSystemFont, 'Segoe UI', Roboto, Helvetica, Arial, sans-serif, 'Apple Color Emoji', 'Segoe UI Emoji', 'Segoe UI Symbol'; position: relative; color: #74787e; font-size: 15px; line-height: 18px; margin: 0; padding: 10px 0;">Night Shift</td>
</tr>
<tr>
<td align="left" style="box-sizing: border-box; font-family: -apple-system, BlinkMacSystemFont, 'Segoe UI', Roboto, Helvetica, Arial, sans-serif, 'Apple Color Emoji', 'Segoe UI Emoji', 'Segoe UI Symbol'; position: relative; color: #74787e; font-size: 15px; line-height: 18px; margin: 0; padding: 10px 0;">20-04-2027 (Tuesday)</td>
<td align="right" style="box-sizing: border-box; font-family: -apple-system, BlinkMacSystemFont, 'Segoe UI', Roboto, Helvetica, Arial, sans-serif, 'Apple Color Emoji', 'Segoe UI Emoji', 'Segoe UI Symbol'; position: relative; color: #74787e; font-size: 15px; line-height: 18px; margin: 0; padding: 10px 0;">Night Shift</td>
</tr>
<tr>
<td align="left" style="box-sizing: border-box; font-family: -apple-system, BlinkMacSystemFont, 'Segoe UI', Roboto, Helvetica, Arial, sans-serif, 'Apple Color Emoji', 'Segoe UI Emoji', 'Segoe UI Symbol'; position: relative; color: #74787e; font-size: 15px; line-height: 18px; margin: 0; padding: 10px 0;">21-04-2027 (Wednesday)</td>
<td align="right" style="box-sizing: border-box; font-family: -apple-system, BlinkMacSystemFont, 'Segoe UI', Roboto, Helvetica, Arial, sans-serif, 'Apple Color Emoji', 'Segoe UI Emoji', 'Segoe UI Symbol'; position: relative; color: #74787e; font-size: 15px; line-height: 18px; margin: 0; padding: 10px 0;">Night Shift</td>
</tr>
<tr>
<td align="left" style="box-sizing: border-box; font-family: -apple-system, BlinkMacSystemFont, 'Segoe UI', Roboto, Helvetica, Arial, sans-serif, 'Apple Color Emoji', 'Segoe UI Emoji', 'Segoe UI Symbol'; position: relative; color: #74787e; font-size: 15px; line-height: 18px; margin: 0; padding: 10px 0;">22-04-2027 (Thursday)</td>
<td align="right" style="box-sizing: border-box; font-family: -apple-system, BlinkMacSystemFont, 'Segoe UI', Roboto, Helvetica, Arial, sans-serif, 'Apple Color Emoji', 'Segoe UI Emoji', 'Segoe UI Symbol'; position: relative; color: #74787e; font-size: 15px; line-height: 18px; margin: 0; padding: 10px 0;">Night Shift</td>
</tr>
<tr>
<td align="left" style="box-sizing: border-box; font-family: -apple-system, BlinkMacSystemFont, 'Segoe UI', Roboto, Helvetica, Arial, sans-serif, 'Apple Color Emoji', 'Segoe UI Emoji', 'Segoe UI Symbol'; position: relative; color: #74787e; font-size: 15px; line-height: 18px; margin: 0; padding: 10px 0;">23-04-2027 (Friday)</td>
<td align="right" style="box-sizing: border-box; font-family: -apple-system, BlinkMacSystemFont, 'Segoe UI', Roboto, Helvetica, Arial, sans-serif, 'Apple Color Emoji', 'Segoe UI Emoji', 'Segoe UI Symbol'; position: relative; color: #74787e; font-size: 15px; line-height: 18px; margin: 0; padding: 10px 0;">Night Shift</td>
</tr>
<tr>
<td align="left" style="box-sizing: border-box; font-family: -apple-system, BlinkMacSystemFont, 'Segoe UI', Roboto, Helvetica, Arial, sans-serif, 'Apple Color Emoji', 'Segoe UI Emoji', 'Segoe UI Symbol'; position: relative; color: #74787e; font-size: 15px; line-height: 18px; margin: 0; padding: 10px 0;">24-04-2027 (Saturday)</td>
<td align="right" style="box-sizing: border-box; font-family: -apple-system, BlinkMacSystemFont, 'Segoe UI', Roboto, Helvetica, Arial, sans-serif, 'Apple Color Emoji', 'Segoe UI Emoji', 'Segoe UI Symbol'; position: relative; color: #74787e; font-size: 15px; line-height: 18px; margin: 0; padding: 10px 0;">Night Shift</td>
</tr>
<tr>
<td align="left" style="box-sizing: border-box; font-family: -apple-system, BlinkMacSystemFont, 'Segoe UI', Roboto, Helvetica, Arial, sans-serif, 'Apple Color Emoji', 'Segoe UI Emoji', 'Segoe UI Symbol'; position: relative; color: #74787e; font-size: 15px; line-height: 18px; margin: 0; padding: 10px 0;">25-04-2027 (Sunday)</td>
<td align="right" style="box-sizing: border-box; font-family: -apple-system, BlinkMacSystemFont, 'Segoe UI', Roboto, Helvetica, Arial, sans-serif, 'Apple Color Emoji', 'Segoe UI Emoji', 'Segoe UI Symbol'; position: relative; color: #74787e; font-size: 15px; line-height: 18px; margin: 0; padding: 10px 0;">Night Shift</td>
</tr>
<tr>
<td align="left" style="box-sizing: border-box; font-family: -apple-system, BlinkMacSystemFont, 'Segoe UI', Roboto, Helvetica, Arial, sans-serif, 'Apple Color Emoji', 'Segoe UI Emoji', 'Segoe UI Symbol'; position: relative; color: #74787e; font-size: 15px; line-height: 18px; margin: 0; padding: 10px 0;">26-04-2027 (Monday)</td>
<td align="right" style="box-sizing: border-box; font-family: -apple-system, BlinkMacSystemFont, 'Segoe UI', Roboto, Helvetica, Arial, sans-serif, 'Apple Color Emoji', 'Segoe UI Emoji', 'Segoe UI Symbol'; position: relative; color: #74787e; font-size: 15px; line-height: 18px; margin: 0; padding: 10px 0;">Night Shift</td>
</tr>
<tr>
<td align="left" style="box-sizing: border-box; font-family: -apple-system, BlinkMacSystemFont, 'Segoe UI', Roboto, Helvetica, Arial, sans-serif, 'Apple Color Emoji', 'Segoe UI Emoji', 'Segoe UI Symbol'; position: relative; color: #74787e; font-size: 15px; line-height: 18px; margin: 0; padding: 10px 0;">27-04-2027 (Tuesday)</td>
<td align="right" style="box-sizing: border-box; font-family: -apple-system, BlinkMacSystemFont, 'Segoe UI', Roboto, Helvetica, Arial, sans-serif, 'Apple Color Emoji', 'Segoe UI Emoji', 'Segoe UI Symbol'; position: relative; color: #74787e; font-size: 15px; line-height: 18px; margin: 0; padding: 10px 0;">Night Shift</td>
</tr>
<tr>
<td align="left" style="box-sizing: border-box; font-family: -apple-system, BlinkMacSystemFont, 'Segoe UI', Roboto, Helvetica, Arial, sans-serif, 'Apple Color Emoji', 'Segoe UI Emoji', 'Segoe UI Symbol'; position: relative; color: #74787e; font-size: 15px; line-height: 18px; margin: 0; padding: 10px 0;">28-04-2027 (Wednesday)</td>
<td align="right" style="box-sizing: border-box; font-family: -apple-system, BlinkMacSystemFont, 'Segoe UI', Roboto, Helvetica, Arial, sans-serif, 'Apple Color Emoji', 'Segoe UI Emoji', 'Segoe UI Symbol'; position: relative; color: #74787e; font-size: 15px; line-height: 18px; margin: 0; padding: 10px 0;">Night Shift</td>
</tr>
<tr>
<td align="left" style="box-sizing: border-box; font-family: -apple-system, BlinkMacSystemFont, 'Segoe UI', Roboto, Helvetica, Arial, sans-serif, 'Apple Color Emoji', 'Segoe UI Emoji', 'Segoe UI Symbol'; position: relative; color: #74787e; font-size: 15px; line-height: 18px; margin: 0; padding: 10px 0;">29-04-2027 (Thursday)</td>
<td align="right" style="box-sizing: border-box; font-family: -apple-system, BlinkMacSystemFont, 'Segoe UI', Roboto, Helvetica, Arial, sans-serif, 'Apple Color Emoji', 'Segoe UI Emoji', 'Segoe UI Symbol'; position: relative; color: #74787e; font-size: 15px; line-height: 18px; margin: 0; padding: 10px 0;">Night Shift</td>
</tr>
<tr>
<td align="left" style="box-sizing: border-box; font-family: -apple-system, BlinkMacSystemFont, 'Segoe UI', Roboto, Helvetica, Arial, sans-serif, 'Apple Color Emoji', 'Segoe UI Emoji', 'Segoe UI Symbol'; position: relative; color: #74787e; font-size: 15px; line-height: 18px; margin: 0; padding: 10px 0;">30-04-2027 (Friday)</td>
<td align="right" style="box-sizing: border-box; font-family: -apple-system, BlinkMacSystemFont, 'Segoe UI', Roboto, Helvetica, Arial, sans-serif, 'Apple Color Emoji', 'Segoe UI Emoji', 'Segoe UI Symbol'; position: relative; color: #74787e; font-size: 15px; line-height: 18px; margin: 0; padding: 10px 0;">Night Shift</td>
</tr>
<tr>
<td align="left" style="box-sizing: border-box; font-family: -apple-system, BlinkMacSystemFont, 'Segoe UI', Roboto, Helvetica, Arial, sans-serif, 'Apple Color Emoji', 'Segoe UI Emoji', 'Segoe UI Symbol'; position: relative; color: #74787e; font-size: 15px; line-height: 18px; margin: 0; padding: 10px 0;">01-05-2027 (Saturday)</td>
<td align="right" style="box-sizing: border-box; font-family: -apple-system, BlinkMacSystemFont, 'Segoe UI', Roboto, Helvetica, Arial, sans-serif, 'Apple Color Emoji', 'Segoe UI Emoji', 'Segoe UI Symbol'; position: relative; color: #74787e; font-size: 15px; line-height: 18px; margin: 0; padding: 10px 0;">Night Shift</td>
</tr>
<tr>
<td align="left" style="box-sizing: border-box; font-family: -apple-system, BlinkMacSystemFont, 'Segoe UI', Roboto, Helvetica, Arial, sans-serif, 'Apple Color Emoji', 'Segoe UI Emoji', 'Segoe UI Symbol'; position: relative; color: #74787e; font-size: 15px; line-height: 18px; margin: 0; padding: 10px 0;">02-05-2027 (Sunday)</td>
<td align="right" style="box-sizing: border-box; font-family: -apple-system, BlinkMacSystemFont, 'Segoe UI', Roboto, Helvetica, Arial, sans-serif, 'Apple Color Emoji', 'Segoe UI Emoji', 'Segoe UI Symbol'; position: relative; color: #74787e; font-size: 15px; line-height: 18px; margin: 0; padding: 10px 0;">Night Shift</td>
</tr>
<tr>
<td align="left" style="box-sizing: border-box; font-family: -apple-system, BlinkMacSystemFont, 'Segoe UI', Roboto, Helvetica, Arial, sans-serif, 'Apple Color Emoji', 'Segoe UI Emoji', 'Segoe UI Symbol'; position: relative; color: #74787e; font-size: 15px; line-height: 18px; margin: 0; padding: 10px 0;">03-05-2027 (Monday)</td>
<td align="right" style="box-sizing: border-box; font-family: -apple-system, BlinkMacSystemFont, 'Segoe UI', Roboto, Helvetica, Arial, sans-serif, 'Apple Color Emoji', 'Segoe UI Emoji', 'Segoe UI Symbol'; position: relative; color: #74787e; font-size: 15px; line-height: 18px; margin: 0; padding: 10px 0;">Night Shift</td>
</tr>
<tr>
<td align="left" style="box-sizing: border-box; font-family: -apple-system, BlinkMacSystemFont, 'Segoe UI', Roboto, Helvetica, Arial, sans-serif, 'Apple Color Emoji', 'Segoe UI Emoji', 'Segoe UI Symbol'; position: relative; color: #74787e; font-size: 15px; line-height: 18px; margin: 0; padding: 10px 0;">04-05-2027 (Tuesday)</td>
<td align="right" style="box-sizing: border-box; font-family: -apple-system, BlinkMacSystemFont, 'Segoe UI', Roboto, Helvetica, Arial, sans-serif, 'Apple Color Emoji', 'Segoe UI Emoji', 'Segoe UI Symbol'; position: relative; color: #74787e; font-size: 15px; line-height: 18px; margin: 0; padding: 10px 0;">Night Shift</td>
</tr>
<tr>
<td align="left" style="box-sizing: border-box; font-family: -apple-system, BlinkMacSystemFont, 'Segoe UI', Roboto, Helvetica, Arial, sans-serif, 'Apple Color Emoji', 'Segoe UI Emoji', 'Segoe UI Symbol'; position: relative; color: #74787e; font-size: 15px; line-height: 18px; margin: 0; padding: 10px 0;">05-05-2027 (Wednesday)</td>
<td align="right" style="box-sizing: border-box; font-family: -apple-system, BlinkMacSystemFont, 'Segoe UI', Roboto, Helvetica, Arial, sans-serif, 'Apple Color Emoji', 'Segoe UI Emoji', 'Segoe UI Symbol'; position: relative; color: #74787e; font-size: 15px; line-height: 18px; margin: 0; padding: 10px 0;">Night Shift</td>
</tr>
<tr>
<td align="left" style="box-sizing: border-box; font-family: -apple-system, BlinkMacSystemFont, 'Segoe UI', Roboto, Helvetica, Arial, sans-serif, 'Apple Color Emoji', 'Segoe UI Emoji', 'Segoe UI Symbol'; position: relative; color: #74787e; font-size: 15px; line-height: 18px; margin: 0; padding: 10px 0;">06-05-2027 (Thursday)</td>
<td align="right" style="box-sizing: border-box; font-family: -apple-system, BlinkMacSystemFont, 'Segoe UI', Roboto, Helvetica, Arial, sans-serif, 'Apple Color Emoji', 'Segoe UI Emoji', 'Segoe UI Symbol'; position: relative; color: #74787e; font-size: 15px; line-height: 18px; margin: 0; padding: 10px 0;">Night Shift</td>
</tr>
<tr>
<td align="left" style="box-sizing: border-box; font-family: -apple-system, BlinkMacSystemFont, 'Segoe UI', Roboto, Helvetica, Arial, sans-serif, 'Apple Color Emoji', 'Segoe UI Emoji', 'Segoe UI Symbol'; position: relative; color: #74787e; font-size: 15px; line-height: 18px; margin: 0; padding: 10px 0;">07-05-2027 (Friday)</td>
<td align="right" style="box-sizing: border-box; font-family: -apple-system, BlinkMacSystemFont, 'Segoe UI', Roboto, Helvetica, Arial, sans-serif, 'Apple Color Emoji', 'Segoe UI Emoji', 'Segoe UI Symbol'; position: relative; color: #74787e; font-size: 15px; line-height: 18px; margin: 0; padding: 10px 0;">Night Shift</td>
</tr>
<tr>
<td align="left" style="box-sizing: border-box; font-family: -apple-system, BlinkMacSystemFont, 'Segoe UI', Roboto, Helvetica, Arial, sans-serif, 'Apple Color Emoji', 'Segoe UI Emoji', 'Segoe UI Symbol'; position: relative; color: #74787e; font-size: 15px; line-height: 18px; margin: 0; padding: 10px 0;">08-05-2027 (Saturday)</td>
<td align="right" style="box-sizing: border-box; font-family: -apple-system, BlinkMacSystemFont, 'Segoe UI', Roboto, Helvetica, Arial, sans-serif, 'Apple Color Emoji', 'Segoe UI Emoji', 'Segoe UI Symbol'; position: relative; color: #74787e; font-size: 15px; line-height: 18px; margin: 0; padding: 10px 0;">Night Shift</td>
</tr>
<tr>
<td align="left" style="box-sizing: border-box; font-family: -apple-system, BlinkMacSystemFont, 'Segoe UI', Roboto, Helvetica, Arial, sans-serif, 'Apple Color Emoji', 'Segoe UI Emoji', 'Segoe UI Symbol'; position: relative; color: #74787e; font-size: 15px; line-height: 18px; margin: 0; padding: 10px 0;">09-05-2027 (Sunday)</td>
<td align="right" style="box-sizing: border-box; font-family: -apple-system, BlinkMacSystemFont, 'Segoe UI', Roboto, Helvetica, Arial, sans-serif, 'Apple Color Emoji', 'Segoe UI Emoji', 'Segoe UI Symbol'; position: relative; color: #74787e; font-size: 15px; line-height: 18px; margin: 0; padding: 10px 0;">Night Shift</td>
</tr>
<tr>
<td align="left" style="box-sizing: border-box; font-family: -apple-system, BlinkMacSystemFont, 'Segoe UI', Roboto, Helvetica, Arial, sans-serif, 'Apple Color Emoji', 'Segoe UI Emoji', 'Segoe UI Symbol'; position: relative; color: #74787e; font-size: 15px; line-height: 18px; margin: 0; padding: 10px 0;">10-05-2027 (Monday)</td>
<td align="right" style="box-sizing: border-box; font-family: -apple-system, BlinkMacSystemFont, 'Segoe UI', Roboto, Helvetica, Arial, sans-serif, 'Apple Color Emoji', 'Segoe UI Emoji', 'Segoe UI Symbol'; position: relative; color: #74787e; font-size: 15px; line-height: 18px; margin: 0; padding: 10px 0;">Night Shift</td>
</tr>
<tr>
<td align="left" style="box-sizing: border-box; font-family: -apple-system, BlinkMacSystemFont, 'Segoe UI', Roboto, Helvetica, Arial, sans-serif, 'Apple Color Emoji', 'Segoe UI Emoji', 'Segoe UI Symbol'; position: relative; color: #74787e; font-size: 15px; line-height: 18px; margin: 0; padding: 10px 0;">11-05-2027 (Tuesday)</td>
<td align="right" style="box-sizing: border-box; font-family: -apple-system, BlinkMacSystemFont, 'Segoe UI', Roboto, Helvetica, Arial, sans-serif, 'Apple Color Emoji', 'Segoe UI Emoji', 'Segoe UI Symbol'; position: relative; color: #74787e; font-size: 15px; line-height: 18px; margin: 0; padding: 10px 0;">Night Shift</td>
</tr>
<tr>
<td align="left" style="box-sizing: border-box; font-family: -apple-system, BlinkMacSystemFont, 'Segoe UI', Roboto, Helvetica, Arial, sans-serif, 'Apple Color Emoji', 'Segoe UI Emoji', 'Segoe UI Symbol'; position: relative; color: #74787e; font-size: 15px; line-height: 18px; margin: 0; padding: 10px 0;">12-05-2027 (Wednesday)</td>
<td align="right" style="box-sizing: border-box; font-family: -apple-system, BlinkMacSystemFont, 'Segoe UI', Roboto, Helvetica, Arial, sans-serif, 'Apple Color Emoji', 'Segoe UI Emoji', 'Segoe UI Symbol'; position: relative; color: #74787e; font-size: 15px; line-height: 18px; margin: 0; padding: 10px 0;">Night Shift</td>
</tr>
<tr>
<td align="left" style="box-sizing: border-box; font-family: -apple-system, BlinkMacSystemFont, 'Segoe UI', Roboto, Helvetica, Arial, sans-serif, 'Apple Color Emoji', 'Segoe UI Emoji', 'Segoe UI Symbol'; position: relative; color: #74787e; font-size: 15px; line-height: 18px; margin: 0; padding: 10px 0;">13-05-2027 (Thursday)</td>
<td align="right" style="box-sizing: border-box; font-family: -apple-system, BlinkMacSystemFont, 'Segoe UI', Roboto, Helvetica, Arial, sans-serif, 'Apple Color Emoji', 'Segoe UI Emoji', 'Segoe UI Symbol'; position: relative; color: #74787e; font-size: 15px; line-height: 18px; margin: 0; padding: 10px 0;">Night Shift</td>
</tr>
<tr>
<td align="left" style="box-sizing: border-box; font-family: -apple-system, BlinkMacSystemFont, 'Segoe UI', Roboto, Helvetica, Arial, sans-serif, 'Apple Color Emoji', 'Segoe UI Emoji', 'Segoe UI Symbol'; position: relative; color: #74787e; font-size: 15px; line-height: 18px; margin: 0; padding: 10px 0;">14-05-2027 (Friday)</td>
<td align="right" style="box-sizing: border-box; font-family: -apple-system, BlinkMacSystemFont, 'Segoe UI', Roboto, Helvetica, Arial, sans-serif, 'Apple Color Emoji', 'Segoe UI Emoji', 'Segoe UI Symbol'; position: relative; color: #74787e; font-size: 15px; line-height: 18px; margin: 0; padding: 10px 0;">Night Shift</td>
</tr>
<tr>
<td align="left" style="box-sizing: border-box; font-family: -apple-system, BlinkMacSystemFont, 'Segoe UI', Roboto, Helvetica, Arial, sans-serif, 'Apple Color Emoji', 'Segoe UI Emoji', 'Segoe UI Symbol'; position: relative; color: #74787e; font-size: 15px; line-height: 18px; margin: 0; padding: 10px 0;">15-05-2027 (Saturday)</td>
<td align="right" style="box-sizing: border-box; font-family: -apple-system, BlinkMacSystemFont, 'Segoe UI', Roboto, Helvetica, Arial, sans-serif, 'Apple Color Emoji', 'Segoe UI Emoji', 'Segoe UI Symbol'; position: relative; color: #74787e; font-size: 15px; line-height: 18px; margin: 0; padding: 10px 0;">Night Shift</td>
</tr>
<tr>
<td align="left" style="box-sizing: border-box; font-family: -apple-system, BlinkMacSystemFont, 'Segoe UI', Roboto, Helvetica, Arial, sans-serif, 'Apple Color Emoji', 'Segoe UI Emoji', 'Segoe UI Symbol'; position: relative; color: #74787e; font-size: 15px; line-height: 18px; margin: 0; padding: 10px 0;">16-05-2027 (Sunday)</td>
<td align="right" style="box-sizing: border-box; font-family: -apple-system, BlinkMacSystemFont, 'Segoe UI', Roboto, Helvetica, Arial, sans-serif, 'Apple Color Emoji', 'Segoe UI Emoji', 'Segoe UI Symbol'; position: relative; color: #74787e; font-size: 15px; line-height: 18px; margin: 0; padding: 10px 0;">Night Shift</td>
</tr>
<tr>
<td align="left" style="box-sizing: border-box; font-family: -apple-system, BlinkMacSystemFont, 'Segoe UI', Roboto, Helvetica, Arial, sans-serif, 'Apple Color Emoji', 'Segoe UI Emoji', 'Segoe UI Symbol'; position: relative; color: #74787e; font-size: 15px; line-height: 18px; margin: 0; padding: 10px 0;">17-05-2027 (Monday)</td>
<td align="right" style="box-sizing: border-box; font-family: -apple-system, BlinkMacSystemFont, 'Segoe UI', Roboto, Helvetica, Arial, sans-serif, 'Apple Color Emoji', 'Segoe UI Emoji', 'Segoe UI Symbol'; position: relative; color: #74787e; font-size: 15px; line-height: 18px; margin: 0; padding: 10px 0;">Night Shift</td>
</tr>
<tr>
<td align="left" style="box-sizing: border-box; font-family: -apple-system, BlinkMacSystemFont, 'Segoe UI', Roboto, Helvetica, Arial, sans-serif, 'Apple Color Emoji', 'Segoe UI Emoji', 'Segoe UI Symbol'; position: relative; color: #74787e; font-size: 15px; line-height: 18px; margin: 0; padding: 10px 0;">18-05-2027 (Tuesday)</td>
<td align="right" style="box-sizing: border-box; font-family: -apple-system, BlinkMacSystemFont, 'Segoe UI', Roboto, Helvetica, Arial, sans-serif, 'Apple Color Emoji', 'Segoe UI Emoji', 'Segoe UI Symbol'; position: relative; color: #74787e; font-size: 15px; line-height: 18px; margin: 0; padding: 10px 0;">Night Shift</td>
</tr>
<tr>
<td align="left" style="box-sizing: border-box; font-family: -apple-system, BlinkMacSystemFont, 'Segoe UI', Roboto, Helvetica, Arial, sans-serif, 'Apple Color Emoji', 'Segoe UI Emoji', 'Segoe UI Symbol'; position: relative; color: #74787e; font-size: 15px; line-height: 18px; margin: 0; padding: 10px 0;">19-05-2027 (Wednesday)</td>
<td align="right" style="box-sizing: border-box; font-family: -apple-system, BlinkMacSystemFont, 'Segoe UI', Roboto, Helvetica, Arial, sans-serif, 'Apple Color Emoji', 'Segoe UI Emoji', 'Segoe UI Symbol'; position: relative; color: #74787e; font-size: 15px; line-height: 18px; margin: 0; padding: 10px 0;">Night Shift</td>
</tr>
<tr>
<td align="left" style="box-sizing: border-box; font-family: -apple-system, BlinkMacSystemFont, 'Segoe UI', Roboto, Helvetica, Arial, sans-serif, 'Apple Color Emoji', 'Segoe UI Emoji', 'Segoe UI Symbol'; position: relative; color: #74787e; font-size: 15px; line-height: 18px; margin: 0; padding: 10px 0;">20-05-2027 (Thursday)</td>
<td align="right" style="box-sizing: border-box; font-family: -apple-system, BlinkMacSystemFont, 'Segoe UI', Roboto, Helvetica, Arial, sans-serif, 'Apple Color Emoji', 'Segoe UI Emoji', 'Segoe UI Symbol'; position: relative; color: #74787e; font-size: 15px; line-height: 18px; margin: 0; padding: 10px 0;">Night Shift</td>
</tr>
<tr>
<td align="left" style="box-sizing: border-box; font-family: -apple-system, BlinkMacSystemFont, 'Segoe UI', Roboto, Helvetica, Arial, sans-serif, 'Apple Color Emoji', 'Segoe UI Emoji', 'Segoe UI Symbol'; position: relative; color: #74787e; font-size: 15px; line-height: 18px; margin: 0; padding: 10px 0;">21-05-2027 (Friday)</td>
<td align="right" style="box-sizing: border-box; font-family: -apple-system, BlinkMacSystemFont, 'Segoe UI', Roboto, Helvetica, Arial, sans-serif, 'Apple Color Emoji', 'Segoe UI Emoji', 'Segoe UI Symbol'; position: relative; color: #74787e; font-size: 15px; line-height: 18px; margin: 0; padding: 10px 0;">Night Shift</td>
</tr>
<tr>
<td align="left" style="box-sizing: border-box; font-family: -apple-system, BlinkMacSystemFont, 'Segoe UI', Roboto, Helvetica, Arial, sans-serif, 'Apple Color Emoji', 'Segoe UI Emoji', 'Segoe UI Symbol'; position: relative; color: #74787e; font-size: 15px; line-height: 18px; margin: 0; padding: 10px 0;">22-05-2027 (Saturday)</td>
<td align="right" style="box-sizing: border-box; font-family: -apple-system, BlinkMacSystemFont, 'Segoe UI', Roboto, Helvetica, Arial, sans-serif, 'Apple Color Emoji', 'Segoe UI Emoji', 'Segoe UI Symbol'; position: relative; color: #74787e; font-size: 15px; line-height: 18px; margin: 0; padding: 10px 0;">Night Shift</td>
</tr>
<tr>
<td align="left" style="box-sizing: border-box; font-family: -apple-system, BlinkMacSystemFont, 'Segoe UI', Roboto, Helvetica, Arial, sans-serif, 'Apple Color Emoji', 'Segoe UI Emoji', 'Segoe UI Symbol'; position: relative; color: #74787e; font-size: 15px; line-height: 18px; margin: 0; padding: 10px 0;">23-05-2027 (Sunday)</td>
<td align="right" style="box-sizing: border-box; font-family: -apple-system, BlinkMacSystemFont, 'Segoe UI', Roboto, Helvetica, Arial, sans-serif, 'Apple Color Emoji', 'Segoe UI Emoji', 'Segoe UI Symbol'; position: relative; color: #74787e; font-size: 15px; line-height: 18px; margin: 0; padding: 10px 0;">Night Shift</td>
</tr>
<tr>
<td align="left" style="box-sizing: border-box; font-family: -apple-system, BlinkMacSystemFont, 'Segoe UI', Roboto, Helvetica, Arial, sans-serif, 'Apple Color Emoji', 'Segoe UI Emoji', 'Segoe UI Symbol'; position: relative; color: #74787e; font-size: 15px; line-height: 18px; margin: 0; padding: 10px 0;">24-05-2027 (Monday)</td>
<td align="right" style="box-sizing: border-box; font-family: -apple-system, BlinkMacSystemFont, 'Segoe UI', Roboto, Helvetica, Arial, sans-serif, 'Apple Color Emoji', 'Segoe UI Emoji', 'Segoe UI Symbol'; position: relative; color: #74787e; font-size: 15px; line-height: 18px; margin: 0; padding: 10px 0;">Night Shift</td>
</tr>
<tr>
<td align="left" style="box-sizing: border-box; font-family: -apple-system, BlinkMacSystemFont, 'Segoe UI', Roboto, Helvetica, Arial, sans-serif, 'Apple Color Emoji', 'Segoe UI Emoji', 'Segoe UI Symbol'; position: relative; color: #74787e; font-size: 15px; line-height: 18px; margin: 0; padding: 10px 0;">25-05-2027 (Tuesday)</td>
<td align="right" style="box-sizing: border-box; font-family: -apple-system, BlinkMacSystemFont, 'Segoe UI', Roboto, Helvetica, Arial, sans-serif, 'Apple Color Emoji', 'Segoe UI Emoji', 'Segoe UI Symbol'; position: relative; color: #74787e; font-size: 15px; line-height: 18px; margin: 0; padding: 10px 0;">Night Shift</td>
</tr>
<tr>
<td align="left" style="box-sizing: border-box; font-family: -apple-system, BlinkMacSystemFont, 'Segoe UI', Roboto, Helvetica, Arial, sans-serif, 'Apple Color Emoji', 'Segoe UI Emoji', 'Segoe UI Symbol'; position: relative; color: #74787e; font-size: 15px; line-height: 18px; margin: 0; padding: 10px 0;">26-05-2027 (Wednesday)</td>
<td align="right" style="box-sizing: border-box; font-family: -apple-system, BlinkMacSystemFont, 'Segoe UI', Roboto, Helvetica, Arial, sans-serif, 'Apple Color Emoji', 'Segoe UI Emoji', 'Segoe UI Symbol'; position: relative; color: #74787e; font-size: 15px; line-height: 18px; margin: 0; padding: 10px 0;">Night Shift</td>
</tr>
<tr>
<td align="left" style="box-sizing: border-box; font-family: -apple-system, BlinkMacSystemFont, 'Segoe UI', Roboto, Helvetica, Arial, sans-serif, 'Apple Color Emoji', 'Segoe UI Emoji', 'Segoe UI Symbol'; position: relative; color: #74787e; font-size: 15px; line-height: 18px; margin: 0; padding: 10px 0;">27-05-2027 (Thursday)</td>
<td align="right" style="box-sizing: border-box; font-family: -apple-system, BlinkMacSystemFont, 'Segoe UI', Roboto, Helvetica, Arial, sans-serif, 'Apple Color Emoji', 'Segoe UI Emoji', 'Segoe UI Symbol'; position: relative; color: #74787e; font-size: 15px; line-height: 18px; margin: 0; padding: 10px 0;">Night Shift</td>
</tr>
<tr>
<td align="left" style="box-sizing: border-box; font-family: -apple-system, BlinkMacSystemFont, 'Segoe UI', Roboto, Helvetica, Arial, sans-serif, 'Apple Color Emoji', 'Segoe UI Emoji', 'Segoe UI Symbol'; position: relative; color: #74787e; font-size: 15px; line-height: 18px; margin: 0; padding: 10px 0;">28-05-2027 (Friday)</td>
<td align="right" style="box-sizing: border-box; font-family: -apple-system, BlinkMacSystemFont, 'Segoe UI', Roboto, Helvetica, Arial, sans-serif, 'Apple Color Emoji', 'Segoe UI Emoji', 'Segoe UI Symbol'; position: relative; color: #74787e; font-size: 15px; line-height: 18px; margin: 0; padding: 10px 0;">Night Shift</td>
</tr>
<tr>
<td align="left" style="box-sizing: border-box; font-family: -apple-system, BlinkMacSystemFont, 'Segoe UI', Roboto, Helvetica, Arial, sans-serif, 'Apple Color Emoji', 'Segoe UI Emoji', 'Segoe UI Symbol'; position: relative; color: #74787e; font-size: 15px; line-height: 18px; margin: 0; padding: 10px 0;">29-05-2027 (Saturday)</td>
<td align="right" style="box-sizing: border-box; font-family: -apple-system, BlinkMacSystemFont, 'Segoe UI', Roboto, Helvetica, Arial, sans-serif, 'Apple Color Emoji', 'Segoe UI Emoji', 'Segoe UI Symbol'; position: relative; color: #74787e; font-size: 15px; line-height: 18px; margin: 0; padding: 10px 0;">Night Shift</td>
</tr>
<tr>
<td align="left" style="box-sizing: border-box; font-family: -apple-system, BlinkMacSystemFont, 'Segoe UI', Roboto, Helvetica, Arial, sans-serif, 'Apple Color Emoji', 'Segoe UI Emoji', 'Segoe UI Symbol'; position: relative; color: #74787e; font-size: 15px; line-height: 18px; margin: 0; padding: 10px 0;">30-05-2027 (Sunday)</td>
<td align="right" style="box-sizing: border-box; font-family: -apple-system, BlinkMacSystemFont, 'Segoe UI', Roboto, Helvetica, Arial, sans-serif, 'Apple Color Emoji', 'Segoe UI Emoji', 'Segoe UI Symbol'; position: relative; color: #74787e; font-size: 15px; line-height: 18px; margin: 0; padding: 10px 0;">Night Shift</td>
</tr>
<tr>
<td align="left" style="box-sizing: border-box; font-family: -apple-system, BlinkMacSystemFont, 'Segoe UI', Roboto, Helvetica, Arial, sans-serif, 'Apple Color Emoji', 'Segoe UI Emoji', 'Segoe UI Symbol'; position: relative; color: #74787e; font-size: 15px; line-height: 18px; margin: 0; padding: 10px 0;">31-05-2027 (Monday)</td>
<td align="right" style="box-sizing: border-box; font-family: -apple-system, BlinkMacSystemFont, 'Segoe UI', Roboto, Helvetica, Arial, sans-serif, 'Apple Color Emoji', 'Segoe UI Emoji', 'Segoe UI Symbol'; position: relative; color: #74787e; font-size: 15px; line-height: 18px; margin: 0; padding: 10px 0;">Night Shift</td>
</tr>
<tr>
<td align="left" style="box-sizing: border-box; font-family: -apple-system, BlinkMacSystemFont, 'Segoe UI', Roboto, Helvetica, Arial, sans-serif, 'Apple Color Emoji', 'Segoe UI Emoji', 'Segoe UI Symbol'; position: relative; color: #74787e; font-size: 15px; line-height: 18px; margin: 0; padding: 10px 0;">01-06-2027 (Tuesday)</td>
<td align="right" style="box-sizing: border-box; font-family: -apple-system, BlinkMacSystemFont, 'Segoe UI', Roboto, Helvetica, Arial, sans-serif, 'Apple Color Emoji', 'Segoe UI Emoji', 'Segoe UI Symbol'; position: relative; color: #74787e; font-size: 15px; line-height: 18px; margin: 0; padding: 10px 0;">Night Shift</td>
</tr>
<tr>
<td align="left" style="box-sizing: border-box; font-family: -apple-system, BlinkMacSystemFont, 'Segoe UI', Roboto, Helvetica, Arial, sans-serif, 'Apple Color Emoji', 'Segoe UI Emoji', 'Segoe UI Symbol'; position: relative; color: #74787e; font-size: 15px; line-height: 18px; margin: 0; padding: 10px 0;">02-06-2027 (Wednesday)</td>
<td align="right" style="box-sizing: border-box; font-family: -apple-system, BlinkMacSystemFont, 'Segoe UI', Roboto, Helvetica, Arial, sans-serif, 'Apple Color Emoji', 'Segoe UI Emoji', 'Segoe UI Symbol'; position: relative; color: #74787e; font-size: 15px; line-height: 18px; margin: 0; padding: 10px 0;">Night Shift</td>
</tr>
<tr>
<td align="left" style="box-sizing: border-box; font-family: -apple-system, BlinkMacSystemFont, 'Segoe UI', Roboto, Helvetica, Arial, sans-serif, 'Apple Color Emoji', 'Segoe UI Emoji', 'Segoe UI Symbol'; position: relative; color: #74787e; font-size: 15px; line-height: 18px; margin: 0; padding: 10px 0;">03-06-2027 (Thursday)</td>
<td align="right" style="box-sizing: border-box; font-family: -apple-system, BlinkMacSystemFont, 'Segoe UI', Roboto, Helvetica, Arial, sans-serif, 'Apple Color Emoji', 'Segoe UI Emoji', 'Segoe UI Symbol'; position: relative; color: #74787e; font-size: 15px; line-height: 18px; margin: 0; padding: 10px 0;">Night Shift</td>
</tr>
<tr>
<td align="left" style="box-sizing: border-box; font-family: -apple-system, BlinkMacSystemFont, 'Segoe UI', Roboto, Helvetica, Arial, sans-serif, 'Apple Color Emoji', 'Segoe UI Emoji', 'Segoe UI Symbol'; position: relative; color: #74787e; font-size: 15px; line-height: 18px; margin: 0; padding: 10px 0;">04-06-2027 (Friday)</td>
<td align="right" style="box-sizing: border-box; font-family: -apple-system, BlinkMacSystemFont, 'Segoe UI', Roboto, Helvetica, Arial, sans-serif, 'Apple Color Emoji', 'Segoe UI Emoji', 'Segoe UI Symbol'; position: relative; color: #74787e; font-size: 15px; line-height: 18px; margin: 0; padding: 10px 0;">Night Shift</td>
</tr>
<tr>
<td align="left" style="box-sizing: border-box; font-family: -apple-system, BlinkMacSystemFont, 'Segoe UI', Roboto, Helvetica, Arial, sans-serif, 'Apple Color Emoji', 'Segoe UI Emoji', 'Segoe UI Symbol'; position: relative; color: #74787e; font-size: 15px; line-height: 18px; margin: 0; padding: 10px 0;">05-06-2027 (Saturday)</td>
<td align="right" style="box-sizing: border-box; font-family: -apple-system, BlinkMacSystemFont, 'Segoe UI', Roboto, Helvetica, Arial, sans-serif, 'Apple Color Emoji', 'Segoe UI Emoji', 'Segoe UI Symbol'; position: relative; color: #74787e; font-size: 15px; line-height: 18px; margin: 0; padding: 10px 0;">Night Shift</td>
</tr>
<tr>
<td align="left" style="box-sizing: border-box; font-family: -apple-system, BlinkMacSystemFont, 'Segoe UI', Roboto, Helvetica, Arial, sans-serif, 'Apple Color Emoji', 'Segoe UI Emoji', 'Segoe UI Symbol'; position: relative; color: #74787e; font-size: 15px; line-height: 18px; margin: 0; padding: 10px 0;">06-06-2027 (Sunday)</td>
<td align="right" style="box-sizing: border-box; font-family: -apple-system, BlinkMacSystemFont, 'Segoe UI', Roboto, Helvetica, Arial, sans-serif, 'Apple Color Emoji', 'Segoe UI Emoji', 'Segoe UI Symbol'; position: relative; color: #74787e; font-size: 15px; line-height: 18px; margin: 0; padding: 10px 0;">Night Shift</td>
</tr>
<tr>
<td align="left" style="box-sizing: border-box; font-family: -apple-system, BlinkMacSystemFont, 'Segoe UI', Roboto, Helvetica, Arial, sans-serif, 'Apple Color Emoji', 'Segoe UI Emoji', 'Segoe UI Symbol'; position: relative; color: #74787e; font-size: 15px; line-height: 18px; margin: 0; padding: 10px 0;">07-06-2027 (Monday)</td>
<td align="right" style="box-sizing: border-box; font-family: -apple-system, BlinkMacSystemFont, 'Segoe UI', Roboto, Helvetica, Arial, sans-serif, 'Apple Color Emoji', 'Segoe UI Emoji', 'Segoe UI Symbol'; position: relative; color: #74787e; font-size: 15px; line-height: 18px; margin: 0; padding: 10px 0;">Night Shift</td>
</tr>
<tr>
<td align="left" style="box-sizing: border-box; font-family: -apple-system, BlinkMacSystemFont, 'Segoe UI', Roboto, Helvetica, Arial, sans-serif, 'Apple Color Emoji', 'Segoe UI Emoji', 'Segoe UI Symbol'; position: relative; color: #74787e; font-size: 15px; line-height: 18px; margin: 0; padding: 10px 0;">08-06-2027 (Tuesday)</td>
<td align="right" style="box-sizing: border-box; font-family: -apple-system, BlinkMacSystemFont, 'Segoe UI', Roboto, Helvetica, Arial, sans-serif, 'Apple Color Emoji', 'Segoe UI Emoji', 'Segoe UI Symbol'; position: relative; color: #74787e; font-size: 15px; line-height: 18px; margin: 0; padding: 10px 0;">Night Shift</td>
</tr>
<tr>
<td align="left" style="box-sizing: border-box; font-family: -apple-system, BlinkMacSystemFont, 'Segoe UI', Roboto, Helvetica, Arial, sans-serif, 'Apple Color Emoji', 'Segoe UI Emoji', 'Segoe UI Symbol'; position: relative; color: #74787e; font-size: 15px; line-height: 18px; margin: 0; padding: 10px 0;">09-06-2027 (Wednesday)</td>
<td align="right" style="box-sizing: border-box; font-family: -apple-system, BlinkMacSystemFont, 'Segoe UI', Roboto, Helvetica, Arial, sans-serif, 'Apple Color Emoji', 'Segoe UI Emoji', 'Segoe UI Symbol'; position: relative; color: #74787e; font-size: 15px; line-height: 18px; margin: 0; padding: 10px 0;">Night Shift</td>
</tr>
<tr>
<td align="left" style="box-sizing: border-box; font-family: -apple-system, BlinkMacSystemFont, 'Segoe UI', Roboto, Helvetica, Arial, sans-serif, 'Apple Color Emoji', 'Segoe UI Emoji', 'Segoe UI Symbol'; position: relative; color: #74787e; font-size: 15px; line-height: 18px; margin: 0; padding: 10px 0;">10-06-2027 (Thursday)</td>
<td align="right" style="box-sizing: border-box; font-family: -apple-system, BlinkMacSystemFont, 'Segoe UI', Roboto, Helvetica, Arial, sans-serif, 'Apple Color Emoji', 'Segoe UI Emoji', 'Segoe UI Symbol'; position: relative; color: #74787e; font-size: 15px; line-height: 18px; margin: 0; padding: 10px 0;">Night Shift</td>
</tr>
<tr>
<td align="left" style="box-sizing: border-box; font-family: -apple-system, BlinkMacSystemFont, 'Segoe UI', Roboto, Helvetica, Arial, sans-serif, 'Apple Color Emoji', 'Segoe UI Emoji', 'Segoe UI Symbol'; position: relative; color: #74787e; font-size: 15px; line-height: 18px; margin: 0; padding: 10px 0;">11-06-2027 (Friday)</td>
<td align="right" style="box-sizing: border-box; font-family: -apple-system, BlinkMacSystemFont, 'Segoe UI', Roboto, Helvetica, Arial, sans-serif, 'Apple Color Emoji', 'Segoe UI Emoji', 'Segoe UI Symbol'; position: relative; color: #74787e; font-size: 15px; line-height: 18px; margin: 0; padding: 10px 0;">Night Shift</td>
</tr>
<tr>
<td align="left" style="box-sizing: border-box; font-family: -apple-system, BlinkMacSystemFont, 'Segoe UI', Roboto, Helvetica, Arial, sans-serif, 'Apple Color Emoji', 'Segoe UI Emoji', 'Segoe UI Symbol'; position: relative; color: #74787e; font-size: 15px; line-height: 18px; margin: 0; padding: 10px 0;">12-06-2027 (Saturday)</td>
<td align="right" style="box-sizing: border-box; font-family: -apple-system, BlinkMacSystemFont, 'Segoe UI', Roboto, Helvetica, Arial, sans-serif, 'Apple Color Emoji', 'Segoe UI Emoji', 'Segoe UI Symbol'; position: relative; color: #74787e; font-size: 15px; line-height: 18px; margin: 0; padding: 10px 0;">Night Shift</td>
</tr>
<tr>
<td align="left" style="box-sizing: border-box; font-family: -apple-system, BlinkMacSystemFont, 'Segoe UI', Roboto, Helvetica, Arial, sans-serif, 'Apple Color Emoji', 'Segoe UI Emoji', 'Segoe UI Symbol'; position: relative; color: #74787e; font-size: 15px; line-height: 18px; margin: 0; padding: 10px 0;">13-06-2027 (Sunday)</td>
<td align="right" style="box-sizing: border-box; font-family: -apple-system, BlinkMacSystemFont, 'Segoe UI', Roboto, Helvetica, Arial, sans-serif, 'Apple Color Emoji', 'Segoe UI Emoji', 'Segoe UI Symbol'; position: relative; color: #74787e; font-size: 15px; line-height: 18px; margin: 0; padding: 10px 0;">Night Shift</td>
</tr>
<tr>
<td align="left" style="box-sizing: border-box; font-family: -apple-system, BlinkMacSystemFont, 'Segoe UI', Roboto, Helvetica, Arial, sans-serif, 'Apple Color Emoji', 'Segoe UI Emoji', 'Segoe UI Symbol'; position: relative; color: #74787e; font-size: 15px; line-height: 18px; margin: 0; padding: 10px 0;">14-06-2027 (Monday)</td>
<td align="right" style="box-sizing: border-box; font-family: -apple-system, BlinkMacSystemFont, 'Segoe UI', Roboto, Helvetica, Arial, sans-serif, 'Apple Color Emoji', 'Segoe UI Emoji', 'Segoe UI Symbol'; position: relative; color: #74787e; font-size: 15px; line-height: 18px; margin: 0; padding: 10px 0;">Night Shift</td>
</tr>
<tr>
<td align="left" style="box-sizing: border-box; font-family: -apple-system, BlinkMacSystemFont, 'Segoe UI', Roboto, Helvetica, Arial, sans-serif, 'Apple Color Emoji', 'Segoe UI Emoji', 'Segoe UI Symbol'; position: relative; color: #74787e; font-size: 15px; line-height: 18px; margin: 0; padding: 10px 0;">15-06-2027 (Tuesday)</td>
<td align="right" style="box-sizing: border-box; font-family: -apple-system, BlinkMacSystemFont, 'Segoe UI', Roboto, Helvetica, Arial, sans-serif, 'Apple Color Emoji', 'Segoe UI Emoji', 'Segoe UI Symbol'; position: relative; color: #74787e; font-size: 15px; line-height: 18px; margin: 0; padding: 10px 0;">Night Shift</td>
</tr>
<tr>
<td align="left" style="box-sizing: border-box; font-family: -apple-system, BlinkMacSystemFont, 'Segoe UI', Roboto, Helvetica, Arial, sans-serif, 'Apple Color Emoji', 'Segoe UI Emoji', 'Segoe UI Symbol'; position: relative; color: #74787e; font-size: 15px; line-height: 18px; margin: 0; padding: 10px 0;">16-06-2027 (Wednesday)</td>
<td align="right" style="box-sizing: border-box; font-family: -apple-system, BlinkMacSystemFont, 'Segoe UI', Roboto, Helvetica, Arial, sans-serif, 'Apple Color Emoji', 'Segoe UI Emoji', 'Segoe UI Symbol'; position: relative; color: #74787e; font-size: 15px; line-height: 18px; margin: 0; padding: 10px 0;">Night Shift</td>
</tr>
<tr>
<td align="left" style="box-sizing: border-box; font-family: -apple-system, BlinkMacSystemFont, 'Segoe UI', Roboto, Helvetica, Arial, sans-serif, 'Apple Color Emoji', 'Segoe UI Emoji', 'Segoe UI Symbol'; position: relative; color: #74787e; font-size: 15px; line-height: 18px; margin: 0; padding: 10px 0;">17-06-2027 (Thursday)</td>
<td align="right" style="box-sizing: border-box; font-family: -apple-system, BlinkMacSystemFont, 'Segoe UI', Roboto, Helvetica, Arial, sans-serif, 'Apple Color Emoji', 'Segoe UI Emoji', 'Segoe UI Symbol'; position: relative; color: #74787e; font-size: 15px; line-height: 18px; margin: 0; padding: 10px 0;">Night Shift</td>
</tr>
<tr>
<td align="left" style="box-sizing: border-box; font-family: -apple-system, BlinkMacSystemFont, 'Segoe UI', Roboto, Helvetica, Arial, sans-serif, 'Apple Color Emoji', 'Segoe UI Emoji', 'Segoe UI Symbol'; position: relative; color: #74787e; font-size: 15px; line-height: 18px; margin: 0; padding: 10px 0;">18-06-2027 (Friday)</td>
<td align="right" style="box-sizing: border-box; font-family: -apple-system, BlinkMacSystemFont, 'Segoe UI', Roboto, Helvetica, Arial, sans-serif, 'Apple Color Emoji', 'Segoe UI Emoji', 'Segoe UI Symbol'; position: relative; color: #74787e; font-size: 15px; line-height: 18px; margin: 0; padding: 10px 0;">Night Shift</td>
</tr>
<tr>
<td align="left" style="box-sizing: border-box; font-family: -apple-system, BlinkMacSystemFont, 'Segoe UI', Roboto, Helvetica, Arial, sans-serif, 'Apple Color Emoji', 'Segoe UI Emoji', 'Segoe UI Symbol'; position: relative; color: #74787e; font-size: 15px; line-height: 18px; margin: 0; padding: 10px 0;">19-06-2027 (Saturday)</td>
<td align="right" style="box-sizing: border-box; font-family: -apple-system, BlinkMacSystemFont, 'Segoe UI', Roboto, Helvetica, Arial, sans-serif, 'Apple Color Emoji', 'Segoe UI Emoji', 'Segoe UI Symbol'; position: relative; color: #74787e; font-size: 15px; line-height: 18px; margin: 0; padding: 10px 0;">Night Shift</td>
</tr>
<tr>
<td align="left" style="box-sizing: border-box; font-family: -apple-system, BlinkMacSystemFont, 'Segoe UI', Roboto, Helvetica, Arial, sans-serif, 'Apple Color Emoji', 'Segoe UI Emoji', 'Segoe UI Symbol'; position: relative; color: #74787e; font-size: 15px; line-height: 18px; margin: 0; padding: 10px 0;">20-06-2027 (Sunday)</td>
<td align="right" style="box-sizing: border-box; font-family: -apple-system, BlinkMacSystemFont, 'Segoe UI', Roboto, Helvetica, Arial, sans-serif, 'Apple Color Emoji', 'Segoe UI Emoji', 'Segoe UI Symbol'; position: relative; color: #74787e; font-size: 15px; line-height: 18px; margin: 0; padding: 10px 0;">Night Shift</td>
</tr>
<tr>
<td align="left" style="box-sizing: border-box; font-family: -apple-system, BlinkMacSystemFont, 'Segoe UI', Roboto, Helvetica, Arial, sans-serif, 'Apple Color Emoji', 'Segoe UI Emoji', 'Segoe UI Symbol'; position: relative; color: #74787e; font-size: 15px; line-height: 18px; margin: 0; padding: 10px 0;">21-06-2027 (Monday)</td>
<td align="right" style="box-sizing: border-box; font-family: -apple-system, BlinkMacSystemFont, 'Segoe UI', Roboto, Helvetica, Arial, sans-serif, 'Apple Color Emoji', 'Segoe UI Emoji', 'Segoe UI Symbol'; position: relative; color: #74787e; font-size: 15px; line-height: 18px; margin: 0; padding: 10px 0;">Night Shift</td>
</tr>
<tr>
<td align="left" style="box-sizing: border-box; font-family: -apple-system, BlinkMacSystemFont, 'Segoe UI', Roboto, Helvetica, Arial, sans-serif, 'Apple Color Emoji', 'Segoe UI Emoji', 'Segoe UI Symbol'; position: relative; color: #74787e; font-size: 15px; line-height: 18px; margin: 0; padding: 10px 0;">22-06-2027 (Tuesday)</td>
<td align="right" style="box-sizing: border-box; font-family: -apple-system, BlinkMacSystemFont, 'Segoe UI', Roboto, Helvetica, Arial, sans-serif, 'Apple Color Emoji', 'Segoe UI Emoji', 'Segoe UI Symbol'; position: relative; color: #74787e; font-size: 15px; line-height: 18px; margin: 0; padding: 10px 0;">Night Shift</td>
</tr>
<tr>
<td align="left" style="box-sizing: border-box; font-family: -apple-system, BlinkMacSystemFont, 'Segoe UI', Roboto, Helvetica, Arial, sans-serif, 'Apple Color Emoji', 'Segoe UI Emoji', 'Segoe UI Symbol'; position: relative; color: #74787e; font-size: 15px; line-height: 18px; margin: 0; padding: 10px 0;">23-06-2027 (Wednesday)</td>
<td align="right" style="box-sizing: border-box; font-family: -apple-system, BlinkMacSystemFont, 'Segoe UI', Roboto, Helvetica, Arial, sans-serif, 'Apple Color Emoji', 'Segoe UI Emoji', 'Segoe UI Symbol'; position: relative; color: #74787e; font-size: 15px; line-height: 18px; margin: 0; padding: 10px 0;">Night Shift</td>
</tr>
<tr>
<td align="left" style="box-sizing: border-box; font-family: -apple-system, BlinkMacSystemFont, 'Segoe UI', Roboto, Helvetica, Arial, sans-serif, 'Apple Color Emoji', 'Segoe UI Emoji', 'Segoe UI Symbol'; position: relative; color: #74787e; font-size: 15px; line-height: 18px; margin: 0; padding: 10px 0;">24-06-2027 (Thursday)</td>
<td align="right" style="box-sizing: border-box; font-family: -apple-system, BlinkMacSystemFont, 'Segoe UI', Roboto, Helvetica, Arial, sans-serif, 'Apple Color Emoji', 'Segoe UI Emoji', 'Segoe UI Symbol'; position: relative; color: #74787e; font-size: 15px; line-height: 18px; margin: 0; padding: 10px 0;">Night Shift</td>
</tr>
<tr>
<td align="left" style="box-sizing: border-box; font-family: -apple-system, BlinkMacSystemFont, 'Segoe UI', Roboto, Helvetica, Arial, sans-serif, 'Apple Color Emoji', 'Segoe UI Emoji', 'Segoe UI Symbol'; position: relative; color: #74787e; font-size: 15px; line-height: 18px; margin: 0; padding: 10px 0;">25-06-2027 (Friday)</td>
<td align="right" style="box-sizing: border-box; font-family: -apple-system, BlinkMacSystemFont, 'Segoe UI', Roboto, Helvetica, Arial, sans-serif, 'Apple Color Emoji', 'Segoe UI Emoji', 'Segoe UI Symbol'; position: relative; color: #74787e; font-size: 15px; line-height: 18px; margin: 0; padding: 10px 0;">Night Shift</td>
</tr>
<tr>
<td align="left" style="box-sizing: border-box; font-family: -apple-system, BlinkMacSystemFont, 'Segoe UI', Roboto, Helvetica, Arial, sans-serif, 'Apple Color Emoji', 'Segoe UI Emoji', 'Segoe UI Symbol'; position: relative; color: #74787e; font-size: 15px; line-height: 18px; margin: 0; padding: 10px 0;">26-06-2027 (Saturday)</td>
<td align="right" style="box-sizing: border-box; font-family: -apple-system, BlinkMacSystemFont, 'Segoe UI', Roboto, Helvetica, Arial, sans-serif, 'Apple Color Emoji', 'Segoe UI Emoji', 'Segoe UI Symbol'; position: relative; color: #74787e; font-size: 15px; line-height: 18px; margin: 0; padding: 10px 0;">Night Shift</td>
</tr>
<tr>
<td align="left" style="box-sizing: border-box; font-family: -apple-system, BlinkMacSystemFont, 'Segoe UI', Roboto, Helvetica, Arial, sans-serif, 'Apple Color Emoji', 'Segoe UI Emoji', 'Segoe UI Symbol'; position: relative; color: #74787e; font-size: 15px; line-height: 18px; margin: 0; padding: 10px 0;">27-06-2027 (Sunday)</td>
<td align="right" style="box-sizing: border-box; font-family: -apple-system, BlinkMacSystemFont, 'Segoe UI', Roboto, Helvetica, Arial, sans-serif, 'Apple Color Emoji', 'Segoe UI Emoji', 'Segoe UI Symbol'; position: relative; color: #74787e; font-size: 15px; line-height: 18px; margin: 0; padding: 10px 0;">Night Shift</td>
</tr>
<tr>
<td align="left" style="box-sizing: border-box; font-family: -apple-system, BlinkMacSystemFont, 'Segoe UI', Roboto, Helvetica, Arial, sans-serif, 'Apple Color Emoji', 'Segoe UI Emoji', 'Segoe UI Symbol'; position: relative; color: #74787e; font-size: 15px; line-height: 18px; margin: 0; padding: 10px 0;">28-06-2027 (Monday)</td>
<td align="right" style="box-sizing: border-box; font-family: -apple-system, BlinkMacSystemFont, 'Segoe UI', Roboto, Helvetica, Arial, sans-serif, 'Apple Color Emoji', 'Segoe UI Emoji', 'Segoe UI Symbol'; position: relative; color: #74787e; font-size: 15px; line-height: 18px; margin: 0; padding: 10px 0;">Night Shift</td>
</tr>
<tr>
<td align="left" style="box-sizing: border-box; font-family: -apple-system, BlinkMacSystemFont, 'Segoe UI', Roboto, Helvetica, Arial, sans-serif, 'Apple Color Emoji', 'Segoe UI Emoji', 'Segoe UI Symbol'; position: relative; color: #74787e; font-size: 15px; line-height: 18px; margin: 0; padding: 10px 0;">29-06-2027 (Tuesday)</td>
<td align="right" style="box-sizing: border-box; font-family: -apple-system, BlinkMacSystemFont, 'Segoe UI', Roboto, Helvetica, Arial, sans-serif, 'Apple Color Emoji', 'Segoe UI Emoji', 'Segoe UI Symbol'; position: relative; color: #74787e; font-size: 15px; line-height: 18px; margin: 0; padding: 10px 0;">Night Shift</td>
</tr>
<tr>
<td align="left" style="box-sizing: border-box; font-family: -apple-system, BlinkMacSystemFont, 'Segoe UI', Roboto, Helvetica, Arial, sans-serif, 'Apple Color Emoji', 'Segoe UI Emoji', 'Segoe UI Symbol'; position: relative; color: #74787e; font-size: 15px; line-height: 18px; margin: 0; padding: 10px 0;">30-06-2027 (Wednesday)</td>
<td align="right" style="box-sizing: border-box; font-family: -apple-system, BlinkMacSystemFont, 'Segoe UI', Roboto, Helvetica, Arial, sans-serif, 'Apple Color Emoji', 'Segoe UI Emoji', 'Segoe UI Symbol'; position: relative; color: #74787e; font-size: 15px; line-height: 18px; margin: 0; padding: 10px 0;">Night Shift</td>
</tr>
<tr>
<td align="left" style="box-sizing: border-box; font-family: -apple-system, BlinkMacSystemFont, 'Segoe UI', Roboto, Helvetica, Arial, sans-serif, 'Apple Color Emoji', 'Segoe UI Emoji', 'Segoe UI Symbol'; position: relative; color: #74787e; font-size: 15px; line-height: 18px; margin: 0; padding: 10px 0;">01-07-2027 (Thursday)</td>
<td align="right" style="box-sizing: border-box; font-family: -apple-system, BlinkMacSystemFont, 'Segoe UI', Roboto, Helvetica, Arial, sans-serif, 'Apple Color Emoji', 'Segoe UI Emoji', 'Segoe UI Symbol'; position: relative; color: #74787e; font-size: 15px; line-height: 18px; margin: 0; padding: 10px 0;">Night Shift</td>
</tr>
<tr>
<td align="left" style="box-sizing: border-box; font-family: -apple-system, BlinkMacSystemFont, 'Segoe UI', Roboto, Helvetica, Arial, sans-serif, 'Apple Color Emoji', 'Segoe UI Emoji', 'Segoe UI Symbol'; position: relative; color: #74787e; font-size: 15px; line-height: 18px; margin: 0; padding: 10px 0;">02-07-2027 (Friday)</td>
<td align="right" style="box-sizing: border-box; font-family: -apple-system, BlinkMacSystemFont, 'Segoe UI', Roboto, Helvetica, Arial, sans-serif, 'Apple Color Emoji', 'Segoe UI Emoji', 'Segoe UI Symbol'; position: relative; color: #74787e; font-size: 15px; line-height: 18px; margin: 0; padding: 10px 0;">Night Shift</td>
</tr>
<tr>
<td align="left" style="box-sizing: border-box; font-family: -apple-system, BlinkMacSystemFont, 'Segoe UI', Roboto, Helvetica, Arial, sans-serif, 'Apple Color Emoji', 'Segoe UI Emoji', 'Segoe UI Symbol'; position: relative; color: #74787e; font-size: 15px; line-height: 18px; margin: 0; padding: 10px 0;">03-07-2027 (Saturday)</td>
<td align="right" style="box-sizing: border-box; font-family: -apple-system, BlinkMacSystemFont, 'Segoe UI', Roboto, Helvetica, Arial, sans-serif, 'Apple Color Emoji', 'Segoe UI Emoji', 'Segoe UI Symbol'; position: relative; color: #74787e; font-size: 15px; line-height: 18px; margin: 0; padding: 10px 0;">Night Shift</td>
</tr>
<tr>
<td align="left" style="box-sizing: border-box; font-family: -apple-system, BlinkMacSystemFont, 'Segoe UI', Roboto, Helvetica, Arial, sans-serif, 'Apple Color Emoji', 'Segoe UI Emoji', 'Segoe UI Symbol'; position: relative; color: #74787e; font-size: 15px; line-height: 18px; margin: 0; padding: 10px 0;">04-07-2027 (Sunday)</td>
<td align="right" style="box-sizing: border-box; font-family: -apple-system, BlinkMacSystemFont, 'Segoe UI', Roboto, Helvetica, Arial, sans-serif, 'Apple Color Emoji', 'Segoe UI Emoji', 'Segoe UI Symbol'; position: relative; color: #74787e; font-size: 15px; line-height: 18px; margin: 0; padding: 10px 0;">Night Shift</td>
</tr>
<tr>
<td align="left" style="box-sizing: border-box; font-family: -apple-system, BlinkMacSystemFont, 'Segoe UI', Roboto, Helvetica, Arial, sans-serif, 'Apple Color Emoji', 'Segoe UI Emoji', 'Segoe UI Symbol'; position: relative; color: #74787e; font-size: 15px; line-height: 18px; margin: 0; padding: 10px 0;">05-07-2027 (Monday)</td>
<td align="right" style="box-sizing: border-box; font-family: -apple-system, BlinkMacSystemFont, 'Segoe UI', Roboto, Helvetica, Arial, sans-serif, 'Apple Color Emoji', 'Segoe UI Emoji', 'Segoe UI Symbol'; position: relative; color: #74787e; font-size: 15px; line-height: 18px; margin: 0; padding: 10px 0;">Night Shift</td>
</tr>
<tr>
<td align="left" style="box-sizing: border-box; font-family: -apple-system, BlinkMacSystemFont, 'Segoe UI', Roboto, Helvetica, Arial, sans-serif, 'Apple Color Emoji', 'Segoe UI Emoji', 'Segoe UI Symbol'; position: relative; color: #74787e; font-size: 15px; line-height: 18px; margin: 0; padding: 10px 0;">06-07-2027 (Tuesday)</td>
<td align="right" style="box-sizing: border-box; font-family: -apple-system, BlinkMacSystemFont, 'Segoe UI', Roboto, Helvetica, Arial, sans-serif, 'Apple Color Emoji', 'Segoe UI Emoji', 'Segoe UI Symbol'; position: relative; color: #74787e; font-size: 15px; line-height: 18px; margin: 0; padding: 10px 0;">Night Shift</td>
</tr>
<tr>
<td align="left" style="box-sizing: border-box; font-family: -apple-system, BlinkMacSystemFont, 'Segoe UI', Roboto, Helvetica, Arial, sans-serif, 'Apple Color Emoji', 'Segoe UI Emoji', 'Segoe UI Symbol'; position: relative; color: #74787e; font-size: 15px; line-height: 18px; margin: 0; padding: 10px 0;">07-07-2027 (Wednesday)</td>
<td align="right" style="box-sizing: border-box; font-family: -apple-system, BlinkMacSystemFont, 'Segoe UI', Roboto, Helvetica, Arial, sans-serif, 'Apple Color Emoji', 'Segoe UI Emoji', 'Segoe UI Symbol'; position: relative; color: #74787e; font-size: 15px; line-height: 18px; margin: 0; padding: 10px 0;">Night Shift</td>
</tr>
<tr>
<td align="left" style="box-sizing: border-box; font-family: -apple-system, BlinkMacSystemFont, 'Segoe UI', Roboto, Helvetica, Arial, sans-serif, 'Apple Color Emoji', 'Segoe UI Emoji', 'Segoe UI Symbol'; position: relative; color: #74787e; font-size: 15px; line-height: 18px; margin: 0; padding: 10px 0;">08-07-2027 (Thursday)</td>
<td align="right" style="box-sizing: border-box; font-family: -apple-system, BlinkMacSystemFont, 'Segoe UI', Roboto, Helvetica, Arial, sans-serif, 'Apple Color Emoji', 'Segoe UI Emoji', 'Segoe UI Symbol'; position: relative; color: #74787e; font-size: 15px; line-height: 18px; margin: 0; padding: 10px 0;">Night Shift</td>
</tr>
<tr>
<td align="left" style="box-sizing: border-box; font-family: -apple-system, BlinkMacSystemFont, 'Segoe UI', Roboto, Helvetica, Arial, sans-serif, 'Apple Color Emoji', 'Segoe UI Emoji', 'Segoe UI Symbol'; position: relative; color: #74787e; font-size: 15px; line-height: 18px; margin: 0; padding: 10px 0;">09-07-2027 (Friday)</td>
<td align="right" style="box-sizing: border-box; font-family: -apple-system, BlinkMacSystemFont, 'Segoe UI', Roboto, Helvetica, Arial, sans-serif, 'Apple Color Emoji', 'Segoe UI Emoji', 'Segoe UI Symbol'; position: relative; color: #74787e; font-size: 15px; line-height: 18px; margin: 0; padding: 10px 0;">Night Shift</td>
</tr>
<tr>
<td align="left" style="box-sizing: border-box; font-family: -apple-system, BlinkMacSystemFont, 'Segoe UI', Roboto, Helvetica, Arial, sans-serif, 'Apple Color Emoji', 'Segoe UI Emoji', 'Segoe UI Symbol'; position: relative; color: #74787e; font-size: 15px; line-height: 18px; margin: 0; padding: 10px 0;">10-07-2027 (Saturday)</td>
<td align="right" style="box-sizing: border-box; font-family: -apple-system, BlinkMacSystemFont, 'Segoe UI', Roboto, Helvetica, Arial, sans-serif, 'Apple Color Emoji', 'Segoe UI Emoji', 'Segoe UI Symbol'; position: relative; color: #74787e; font-size: 15px; line-height: 18px; margin: 0; padding: 10px 0;">Night Shift</td>
</tr>
<tr>
<td align="left" style="box-sizing: border-box; font-family: -apple-system, BlinkMacSystemFont, 'Segoe UI', Roboto, Helvetica, Arial, sans-serif, 'Apple Color Emoji', 'Segoe UI Emoji', 'Segoe UI Symbol'; position: relative; color: #74787e; font-size: 15px; line-height: 18px; margin: 0; padding: 10px 0;">11-07-2027 (Sunday)</td>
<td align="right" style="box-sizing: border-box; font-family: -apple-system, BlinkMacSystemFont, 'Segoe UI', Roboto, Helvetica, Arial, sans-serif, 'Apple Color Emoji', 'Segoe UI Emoji', 'Segoe UI Symbol'; position: relative; color: #74787e; font-size: 15px; line-height: 18px; margin: 0; padding: 10px 0;">Night Shift</td>
</tr>
<tr>
<td align="left" style="box-sizing: border-box; font-family: -apple-system, BlinkMacSystemFont, 'Segoe UI', Roboto, Helvetica, Arial, sans-serif, 'Apple Color Emoji', 'Segoe UI Emoji', 'Segoe UI Symbol'; position: relative; color: #74787e; font-size: 15px; line-height: 18px; margin: 0; padding: 10px 0;">12-07-2027 (Monday)</td>
<td align="right" style="box-sizing: border-box; font-family: -apple-system, BlinkMacSystemFont, 'Segoe UI', Roboto, Helvetica, Arial, sans-serif, 'Apple Color Emoji', 'Segoe UI Emoji', 'Segoe UI Symbol'; position: relative; color: #74787e; font-size: 15px; line-height: 18px; margin: 0; padding: 10px 0;">Night Shift</td>
</tr>
<tr>
<td align="left" style="box-sizing: border-box; font-family: -apple-system, BlinkMacSystemFont, 'Segoe UI', Roboto, Helvetica, Arial, sans-serif, 'Apple Color Emoji', 'Segoe UI Emoji', 'Segoe UI Symbol'; position: relative; color: #74787e; font-size: 15px; line-height: 18px; margin: 0; padding: 10px 0;">13-07-2027 (Tuesday)</td>
<td align="right" style="box-sizing: border-box; font-family: -apple-system, BlinkMacSystemFont, 'Segoe UI', Roboto, Helvetica, Arial, sans-serif, 'Apple Color Emoji', 'Segoe UI Emoji', 'Segoe UI Symbol'; position: relative; color: #74787e; font-size: 15px; line-height: 18px; margin: 0; padding: 10px 0;">Night Shift</td>
</tr>
<tr>
<td align="left" style="box-sizing: border-box; font-family: -apple-system, BlinkMacSystemFont, 'Segoe UI', Roboto, Helvetica, Arial, sans-serif, 'Apple Color Emoji', 'Segoe UI Emoji', 'Segoe UI Symbol'; position: relative; color: #74787e; font-size: 15px; line-height: 18px; margin: 0; padding: 10px 0;">14-07-2027 (Wednesday)</td>
<td align="right" style="box-sizing: border-box; font-family: -apple-system, BlinkMacSystemFont, 'Segoe UI', Roboto, Helvetica, Arial, sans-serif, 'Apple Color Emoji', 'Segoe UI Emoji', 'Segoe UI Symbol'; position: relative; color: #74787e; font-size: 15px; line-height: 18px; margin: 0; padding: 10px 0;">Night Shift</td>
</tr>
<tr>
<td align="left" style="box-sizing: border-box; font-family: -apple-system, BlinkMacSystemFont, 'Segoe UI', Roboto, Helvetica, Arial, sans-serif, 'Apple Color Emoji', 'Segoe UI Emoji', 'Segoe UI Symbol'; position: relative; color: #74787e; font-size: 15px; line-height: 18px; margin: 0; padding: 10px 0;">15-07-2027 (Thursday)</td>
<td align="right" style="box-sizing: border-box; font-family: -apple-system, BlinkMacSystemFont, 'Segoe UI', Roboto, Helvetica, Arial, sans-serif, 'Apple Color Emoji', 'Segoe UI Emoji', 'Segoe UI Symbol'; position: relative; color: #74787e; font-size: 15px; line-height: 18px; margin: 0; padding: 10px 0;">Night Shift</td>
</tr>
<tr>
<td align="left" style="box-sizing: border-box; font-family: -apple-system, BlinkMacSystemFont, 'Segoe UI', Roboto, Helvetica, Arial, sans-serif, 'Apple Color Emoji', 'Segoe UI Emoji', 'Segoe UI Symbol'; position: relative; color: #74787e; font-size: 15px; line-height: 18px; margin: 0; padding: 10px 0;">16-07-2027 (Friday)</td>
<td align="right" style="box-sizing: border-box; font-family: -apple-system, BlinkMacSystemFont, 'Segoe UI', Roboto, Helvetica, Arial, sans-serif, 'Apple Color Emoji', 'Segoe UI Emoji', 'Segoe UI Symbol'; position: relative; color: #74787e; font-size: 15px; line-height: 18px; margin: 0; padding: 10px 0;">Night Shift</td>
</tr>
<tr>
<td align="left" style="box-sizing: border-box; font-family: -apple-system, BlinkMacSystemFont, 'Segoe UI', Roboto, Helvetica, Arial, sans-serif, 'Apple Color Emoji', 'Segoe UI Emoji', 'Segoe UI Symbol'; position: relative; color: #74787e; font-size: 15px; line-height: 18px; margin: 0; padding: 10px 0;">17-07-2027 (Saturday)</td>
<td align="right" style="box-sizing: border-box; font-family: -apple-system, BlinkMacSystemFont, 'Segoe UI', Roboto, Helvetica, Arial, sans-serif, 'Apple Color Emoji', 'Segoe UI Emoji', 'Segoe UI Symbol'; position: relative; color: #74787e; font-size: 15px; line-height: 18px; margin: 0; padding: 10px 0;">Night Shift</td>
</tr>
<tr>
<td align="left" style="box-sizing: border-box; font-family: -apple-system, BlinkMacSystemFont, 'Segoe UI', Roboto, Helvetica, Arial, sans-serif, 'Apple Color Emoji', 'Segoe UI Emoji', 'Segoe UI Symbol'; position: relative; color: #74787e; font-size: 15px; line-height: 18px; margin: 0; padding: 10px 0;">18-07-2027 (Sunday)</td>
<td align="right" style="box-sizing: border-box; font-family: -apple-system, BlinkMacSystemFont, 'Segoe UI', Roboto, Helvetica, Arial, sans-serif, 'Apple Color Emoji', 'Segoe UI Emoji', 'Segoe UI Symbol'; position: relative; color: #74787e; font-size: 15px; line-height: 18px; margin: 0; padding: 10px 0;">Night Shift</td>
</tr>
<tr>
<td align="left" style="box-sizing: border-box; font-family: -apple-system, BlinkMacSystemFont, 'Segoe UI', Roboto, Helvetica, Arial, sans-serif, 'Apple Color Emoji', 'Segoe UI Emoji', 'Segoe UI Symbol'; position: relative; color: #74787e; font-size: 15px; line-height: 18px; margin: 0; padding: 10px 0;">19-07-2027 (Monday)</td>
<td align="right" style="box-sizing: border-box; font-family: -apple-system, BlinkMacSystemFont, 'Segoe UI', Roboto, Helvetica, Arial, sans-serif, 'Apple Color Emoji', 'Segoe UI Emoji', 'Segoe UI Symbol'; position: relative; color: #74787e; font-size: 15px; line-height: 18px; margin: 0; padding: 10px 0;">Night Shift</td>
</tr>
<tr>
<td align="left" style="box-sizing: border-box; font-family: -apple-system, BlinkMacSystemFont, 'Segoe UI', Roboto, Helvetica, Arial, sans-serif, 'Apple Color Emoji', 'Segoe UI Emoji', 'Segoe UI Symbol'; position: relative; color: #74787e; font-size: 15px; line-height: 18px; margin: 0; padding: 10px 0;">20-07-2027 (Tuesday)</td>
<td align="right" style="box-sizing: border-box; font-family: -apple-system, BlinkMacSystemFont, 'Segoe UI', Roboto, Helvetica, Arial, sans-serif, 'Apple Color Emoji', 'Segoe UI Emoji', 'Segoe UI Symbol'; position: relative; color: #74787e; font-size: 15px; line-height: 18px; margin: 0; padding: 10px 0;">Night Shift</td>
</tr>
<tr>
<td align="left" style="box-sizing: border-box; font-family: -apple-system, BlinkMacSystemFont, 'Segoe UI', Roboto, Helvetica, Arial, sans-serif, 'Apple Color Emoji', 'Segoe UI Emoji', 'Segoe UI Symbol'; position: relative; color: #74787e; font-size: 15px; line-height: 18px; margin: 0; padding: 10px 0;">21-07-2027 (Wednesday)</td>
<td align="right" style="box-sizing: border-box; font-family: -apple-system, BlinkMacSystemFont, 'Segoe UI', Roboto, Helvetica, Arial, sans-serif, 'Apple Color Emoji', 'Segoe UI Emoji', 'Segoe UI Symbol'; position: relative; color: #74787e; font-size: 15px; line-height: 18px; margin: 0; padding: 10px 0;">Night Shift</td>
</tr>
<tr>
<td align="left" style="box-sizing: border-box; font-family: -apple-system, BlinkMacSystemFont, 'Segoe UI', Roboto, Helvetica, Arial, sans-serif, 'Apple Color Emoji', 'Segoe UI Emoji', 'Segoe UI Symbol'; position: relative; color: #74787e; font-size: 15px; line-height: 18px; margin: 0; padding: 10px 0;">22-07-2027 (Thursday)</td>
<td align="right" style="box-sizing: border-box; font-family: -apple-system, BlinkMacSystemFont, 'Segoe UI', Roboto, Helvetica, Arial, sans-serif, 'Apple Color Emoji', 'Segoe UI Emoji', 'Segoe UI Symbol'; position: relative; color: #74787e; font-size: 15px; line-height: 18px; margin: 0; padding: 10px 0;">Night Shift</td>
</tr>
<tr>
<td align="left" style="box-sizing: border-box; font-family: -apple-system, BlinkMacSystemFont, 'Segoe UI', Roboto, Helvetica, Arial, sans-serif, 'Apple Color Emoji', 'Segoe UI Emoji', 'Segoe UI Symbol'; position: relative; color: #74787e; font-size: 15px; line-height: 18px; margin: 0; padding: 10px 0;">23-07-2027 (Friday)</td>
<td align="right" style="box-sizing: border-box; font-family: -apple-system, BlinkMacSystemFont, 'Segoe UI', Roboto, Helvetica, Arial, sans-serif, 'Apple Color Emoji', 'Segoe UI Emoji', 'Segoe UI Symbol'; position: relative; color: #74787e; font-size: 15px; line-height: 18px; margin: 0; padding: 10px 0;">Night Shift</td>
</tr>
<tr>
<td align="left" style="box-sizing: border-box; font-family: -apple-system, BlinkMacSystemFont, 'Segoe UI', Roboto, Helvetica, Arial, sans-serif, 'Apple Color Emoji', 'Segoe UI Emoji', 'Segoe UI Symbol'; position: relative; color: #74787e; font-size: 15px; line-height: 18px; margin: 0; padding: 10px 0;">24-07-2027 (Saturday)</td>
<td align="right" style="box-sizing: border-box; font-family: -apple-system, BlinkMacSystemFont, 'Segoe UI', Roboto, Helvetica, Arial, sans-serif, 'Apple Color Emoji', 'Segoe UI Emoji', 'Segoe UI Symbol'; position: relative; color: #74787e; font-size: 15px; line-height: 18px; margin: 0; padding: 10px 0;">Night Shift</td>
</tr>
<tr>
<td align="left" style="box-sizing: border-box; font-family: -apple-system, BlinkMacSystemFont, 'Segoe UI', Roboto, Helvetica, Arial, sans-serif, 'Apple Color Emoji', 'Segoe UI Emoji', 'Segoe UI Symbol'; position: relative; color: #74787e; font-size: 15px; line-height: 18px; margin: 0; padding: 10px 0;">25-07-2027 (Sunday)</td>
<td align="right" style="box-sizing: border-box; font-family: -apple-system, BlinkMacSystemFont, 'Segoe UI', Roboto, Helvetica, Arial, sans-serif, 'Apple Color Emoji', 'Segoe UI Emoji', 'Segoe UI Symbol'; position: relative; color: #74787e; font-size: 15px; line-height: 18px; margin: 0; padding: 10px 0;">Night Shift</td>
</tr>
<tr>
<td align="left" style="box-sizing: border-box; font-family: -apple-system, BlinkMacSystemFont, 'Segoe UI', Roboto, Helvetica, Arial, sans-serif, 'Apple Color Emoji', 'Segoe UI Emoji', 'Segoe UI Symbol'; position: relative; color: #74787e; font-size: 15px; line-height: 18px; margin: 0; padding: 10px 0;">26-07-2027 (Monday)</td>
<td align="right" style="box-sizing: border-box; font-family: -apple-system, BlinkMacSystemFont, 'Segoe UI', Roboto, Helvetica, Arial, sans-serif, 'Apple Color Emoji', 'Segoe UI Emoji', 'Segoe UI Symbol'; position: relative; color: #74787e; font-size: 15px; line-height: 18px; margin: 0; padding: 10px 0;">Night Shift</td>
</tr>
<tr>
<td align="left" style="box-sizing: border-box; font-family: -apple-system, BlinkMacSystemFont, 'Segoe UI', Roboto, Helvetica, Arial, sans-serif, 'Apple Color Emoji', 'Segoe UI Emoji', 'Segoe UI Symbol'; position: relative; color: #74787e; font-size: 15px; line-height: 18px; margin: 0; padding: 10px 0;">27-07-2027 (Tuesday)</td>
<td align="right" style="box-sizing: border-box; font-family: -apple-system, BlinkMacSystemFont, 'Segoe UI', Roboto, Helvetica, Arial, sans-serif, 'Apple Color Emoji', 'Segoe UI Emoji', 'Segoe UI Symbol'; position: relative; color: #74787e; font-size: 15px; line-height: 18px; margin: 0; padding: 10px 0;">Night Shift</td>
</tr>
<tr>
<td align="left" style="box-sizing: border-box; font-family: -apple-system, BlinkMacSystemFont, 'Segoe UI', Roboto, Helvetica, Arial, sans-serif, 'Apple Color Emoji', 'Segoe UI Emoji', 'Segoe UI Symbol'; position: relative; color: #74787e; font-size: 15px; line-height: 18px; margin: 0; padding: 10px 0;">28-07-2027 (Wednesday)</td>
<td align="right" style="box-sizing: border-box; font-family: -apple-system, BlinkMacSystemFont, 'Segoe UI', Roboto, Helvetica, Arial, sans-serif, 'Apple Color Emoji', 'Segoe UI Emoji', 'Segoe UI Symbol'; position: relative; color: #74787e; font-size: 15px; line-height: 18px; margin: 0; padding: 10px 0;">Night Shift</td>
</tr>
<tr>
<td align="left" style="box-sizing: border-box; font-family: -apple-system, BlinkMacSystemFont, 'Segoe UI', Roboto, Helvetica, Arial, sans-serif, 'Apple Color Emoji', 'Segoe UI Emoji', 'Segoe UI Symbol'; position: relative; color: #74787e; font-size: 15px; line-height: 18px; margin: 0; padding: 10px 0;">29-07-2027 (Thursday)</td>
<td align="right" style="box-sizing: border-box; font-family: -apple-system, BlinkMacSystemFont, 'Segoe UI', Roboto, Helvetica, Arial, sans-serif, 'Apple Color Emoji', 'Segoe UI Emoji', 'Segoe UI Symbol'; position: relative; color: #74787e; font-size: 15px; line-height: 18px; margin: 0; padding: 10px 0;">Night Shift</td>
</tr>
<tr>
<td align="left" style="box-sizing: border-box; font-family: -apple-system, BlinkMacSystemFont, 'Segoe UI', Roboto, Helvetica, Arial, sans-serif, 'Apple Color Emoji', 'Segoe UI Emoji', 'Segoe UI Symbol'; position: relative; color: #74787e; font-size: 15px; line-height: 18px; margin: 0; padding: 10px 0;">30-07-2027 (Friday)</td>
<td align="right" style="box-sizing: border-box; font-family: -apple-system, BlinkMacSystemFont, 'Segoe UI', Roboto, Helvetica, Arial, sans-serif, 'Apple Color Emoji', 'Segoe UI Emoji', 'Segoe UI Symbol'; position: relative; color: #74787e; font-size: 15px; line-height: 18px; margin: 0; padding: 10px 0;">Night Shift</td>
</tr>
<tr>
<td align="left" style="box-sizing: border-box; font-family: -apple-system, BlinkMacSystemFont, 'Segoe UI', Roboto, Helvetica, Arial, sans-serif, 'Apple Color Emoji', 'Segoe UI Emoji', 'Segoe UI Symbol'; position: relative; color: #74787e; font-size: 15px; line-height: 18px; margin: 0; padding: 10px 0;">31-07-2027 (Saturday)</td>
<td align="right" style="box-sizing: border-box; font-family: -apple-system, BlinkMacSystemFont, 'Segoe UI', Roboto, Helvetica, Arial, sans-serif, 'Apple Color Emoji', 'Segoe UI Emoji', 'Segoe UI Symbol'; position: relative; color: #74787e; font-size: 15px; line-height: 18px; margin: 0; padding: 10px 0;">Night Shift</td>
</tr>
<tr>
<td align="left" style="box-sizing: border-box; font-family: -apple-system, BlinkMacSystemFont, 'Segoe UI', Roboto, Helvetica, Arial, sans-serif, 'Apple Color Emoji', 'Segoe UI Emoji', 'Segoe UI Symbol'; position: relative; color: #74787e; font-size: 15px; line-height: 18px; margin: 0; padding: 10px 0;">01-08-2027 (Sunday)</td>
<td align="right" style="box-sizing: border-box; font-family: -apple-system, BlinkMacSystemFont, 'Segoe UI', Roboto, Helvetica, Arial, sans-serif, 'Apple Color Emoji', 'Segoe UI Emoji', 'Segoe UI Symbol'; position: relative; color: #74787e; font-size: 15px; line-height: 18px; margin: 0; padding: 10px 0;">Night Shift</td>
</tr>
<tr>
<td align="left" style="box-sizing: border-box; font-family: -apple-system, BlinkMacSystemFont, 'Segoe UI', Roboto, Helvetica, Arial, sans-serif, 'Apple Color Emoji', 'Segoe UI Emoji', 'Segoe UI Symbol'; position: relative; color: #74787e; font-size: 15px; line-height: 18px; margin: 0; padding: 10px 0;">02-08-2027 (Monday)</td>
<td align="right" style="box-sizing: border-box; font-family: -apple-system, BlinkMacSystemFont, 'Segoe UI', Roboto, Helvetica, Arial, sans-serif, 'Apple Color Emoji', 'Segoe UI Emoji', 'Segoe UI Symbol'; position: relative; color: #74787e; font-size: 15px; line-height: 18px; margin: 0; padding: 10px 0;">Night Shift</td>
</tr>
<tr>
<td align="left" style="box-sizing: border-box; font-family: -apple-system, BlinkMacSystemFont, 'Segoe UI', Roboto, Helvetica, Arial, sans-serif, 'Apple Color Emoji', 'Segoe UI Emoji', 'Segoe UI Symbol'; position: relative; color: #74787e; font-size: 15px; line-height: 18px; margin: 0; padding: 10px 0;">03-08-2027 (Tuesday)</td>
<td align="right" style="box-sizing: border-box; font-family: -apple-system, BlinkMacSystemFont, 'Segoe UI', Roboto, Helvetica, Arial, sans-serif, 'Apple Color Emoji', 'Segoe UI Emoji', 'Segoe UI Symbol'; position: relative; color: #74787e; font-size: 15px; line-height: 18px; margin: 0; padding: 10px 0;">Night Shift</td>
</tr>
<tr>
<td align="left" style="box-sizing: border-box; font-family: -apple-system, BlinkMacSystemFont, 'Segoe UI', Roboto, Helvetica, Arial, sans-serif, 'Apple Color Emoji', 'Segoe UI Emoji', 'Segoe UI Symbol'; position: relative; color: #74787e; font-size: 15px; line-height: 18px; margin: 0; padding: 10px 0;">04-08-2027 (Wednesday)</td>
<td align="right" style="box-sizing: border-box; font-family: -apple-system, BlinkMacSystemFont, 'Segoe UI', Roboto, Helvetica, Arial, sans-serif, 'Apple Color Emoji', 'Segoe UI Emoji', 'Segoe UI Symbol'; position: relative; color: #74787e; font-size: 15px; line-height: 18px; margin: 0; padding: 10px 0;">Night Shift</td>
</tr>
<tr>
<td align="left" style="box-sizing: border-box; font-family: -apple-system, BlinkMacSystemFont, 'Segoe UI', Roboto, Helvetica, Arial, sans-serif, 'Apple Color Emoji', 'Segoe UI Emoji', 'Segoe UI Symbol'; position: relative; color: #74787e; font-size: 15px; line-height: 18px; margin: 0; padding: 10px 0;">05-08-2027 (Thursday)</td>
<td align="right" style="box-sizing: border-box; font-family: -apple-system, BlinkMacSystemFont, 'Segoe UI', Roboto, Helvetica, Arial, sans-serif, 'Apple Color Emoji', 'Segoe UI Emoji', 'Segoe UI Symbol'; position: relative; color: #74787e; font-size: 15px; line-height: 18px; margin: 0; padding: 10px 0;">Night Shift</td>
</tr>
<tr>
<td align="left" style="box-sizing: border-box; font-family: -apple-system, BlinkMacSystemFont, 'Segoe UI', Roboto, Helvetica, Arial, sans-serif, 'Apple Color Emoji', 'Segoe UI Emoji', 'Segoe UI Symbol'; position: relative; color: #74787e; font-size: 15px; line-height: 18px; margin: 0; padding: 10px 0;">06-08-2027 (Friday)</td>
<td align="right" style="box-sizing: border-box; font-family: -apple-system, BlinkMacSystemFont, 'Segoe UI', Roboto, Helvetica, Arial, sans-serif, 'Apple Color Emoji', 'Segoe UI Emoji', 'Segoe UI Symbol'; position: relative; color: #74787e; font-size: 15px; line-height: 18px; margin: 0; padding: 10px 0;">Night Shift</td>
</tr>
<tr>
<td align="left" style="box-sizing: border-box; font-family: -apple-system, BlinkMacSystemFont, 'Segoe UI', Roboto, Helvetica, Arial, sans-serif, 'Apple Color Emoji', 'Segoe UI Emoji', 'Segoe UI Symbol'; position: relative; color: #74787e; font-size: 15px; line-height: 18px; margin: 0; padding: 10px 0;">07-08-2027 (Saturday)</td>
<td align="right" style="box-sizing: border-box; font-family: -apple-system, BlinkMacSystemFont, 'Segoe UI', Roboto, Helvetica, Arial, sans-serif, 'Apple Color Emoji', 'Segoe UI Emoji', 'Segoe UI Symbol'; position: relative; color: #74787e; font-size: 15px; line-height: 18px; margin: 0; padding: 10px 0;">Night Shift</td>
</tr>
<tr>
<td align="left" style="box-sizing: border-box; font-family: -apple-system, BlinkMacSystemFont, 'Segoe UI', Roboto, Helvetica, Arial, sans-serif, 'Apple Color Emoji', 'Segoe UI Emoji', 'Segoe UI Symbol'; position: relative; color: #74787e; font-size: 15px; line-height: 18px; margin: 0; padding: 10px 0;">08-08-2027 (Sunday)</td>
<td align="right" style="box-sizing: border-box; font-family: -apple-system, BlinkMacSystemFont, 'Segoe UI', Roboto, Helvetica, Arial, sans-serif, 'Apple Color Emoji', 'Segoe UI Emoji', 'Segoe UI Symbol'; position: relative; color: #74787e; font-size: 15px; line-height: 18px; margin: 0; padding: 10px 0;">Night Shift</td>
</tr>
<tr>
<td align="left" style="box-sizing: border-box; font-family: -apple-system, BlinkMacSystemFont, 'Segoe UI', Roboto, Helvetica, Arial, sans-serif, 'Apple Color Emoji', 'Segoe UI Emoji', 'Segoe UI Symbol'; position: relative; color: #74787e; font-size: 15px; line-height: 18px; margin: 0; padding: 10px 0;">09-08-2027 (Monday)</td>
<td align="right" style="box-sizing: border-box; font-family: -apple-system, BlinkMacSystemFont, 'Segoe UI', Roboto, Helvetica, Arial, sans-serif, 'Apple Color Emoji', 'Segoe UI Emoji', 'Segoe UI Symbol'; position: relative; color: #74787e; font-size: 15px; line-height: 18px; margin: 0; padding: 10px 0;">Night Shift</td>
</tr>
<tr>
<td align="left" style="box-sizing: border-box; font-family: -apple-system, BlinkMacSystemFont, 'Segoe UI', Roboto, Helvetica, Arial, sans-serif, 'Apple Color Emoji', 'Segoe UI Emoji', 'Segoe UI Symbol'; position: relative; color: #74787e; font-size: 15px; line-height: 18px; margin: 0; padding: 10px 0;">10-08-2027 (Tuesday)</td>
<td align="right" style="box-sizing: border-box; font-family: -apple-system, BlinkMacSystemFont, 'Segoe UI', Roboto, Helvetica, Arial, sans-serif, 'Apple Color Emoji', 'Segoe UI Emoji', 'Segoe UI Symbol'; position: relative; color: #74787e; font-size: 15px; line-height: 18px; margin: 0; padding: 10px 0;">Night Shift</td>
</tr>
<tr>
<td align="left" style="box-sizing: border-box; font-family: -apple-system, BlinkMacSystemFont, 'Segoe UI', Roboto, Helvetica, Arial, sans-serif, 'Apple Color Emoji', 'Segoe UI Emoji', 'Segoe UI Symbol'; position: relative; color: #74787e; font-size: 15px; line-height: 18px; margin: 0; padding: 10px 0;">11-08-2027 (Wednesday)</td>
<td align="right" style="box-sizing: border-box; font-family: -apple-system, BlinkMacSystemFont, 'Segoe UI', Roboto, Helvetica, Arial, sans-serif, 'Apple Color Emoji', 'Segoe UI Emoji', 'Segoe UI Symbol'; position: relative; color: #74787e; font-size: 15px; line-height: 18px; margin: 0; padding: 10px 0;">Night Shift</td>
</tr>
<tr>
<td align="left" style="box-sizing: border-box; font-family: -apple-system, BlinkMacSystemFont, 'Segoe UI', Roboto, Helvetica, Arial, sans-serif, 'Apple Color Emoji', 'Segoe UI Emoji', 'Segoe UI Symbol'; position: relative; color: #74787e; font-size: 15px; line-height: 18px; margin: 0; padding: 10px 0;">12-08-2027 (Thursday)</td>
<td align="right" style="box-sizing: border-box; font-family: -apple-system, BlinkMacSystemFont, 'Segoe UI', Roboto, Helvetica, Arial, sans-serif, 'Apple Color Emoji', 'Segoe UI Emoji', 'Segoe UI Symbol'; position: relative; color: #74787e; font-size: 15px; line-height: 18px; margin: 0; padding: 10px 0;">Night Shift</td>
</tr>
<tr>
<td align="left" style="box-sizing: border-box; font-family: -apple-system, BlinkMacSystemFont, 'Segoe UI', Roboto, Helvetica, Arial, sans-serif, 'Apple Color Emoji', 'Segoe UI Emoji', 'Segoe UI Symbol'; position: relative; color: #74787e; font-size: 15px; line-height: 18px; margin: 0; padding: 10px 0;">13-08-2027 (Friday)</td>
<td align="right" style="box-sizing: border-box; font-family: -apple-system, BlinkMacSystemFont, 'Segoe UI', Roboto, Helvetica, Arial, sans-serif, 'Apple Color Emoji', 'Segoe UI Emoji', 'Segoe UI Symbol'; position: relative; color: #74787e; font-size: 15px; line-height: 18px; margin: 0; padding: 10px 0;">Night Shift</td>
</tr>
<tr>
<td align="left" style="box-sizing: border-box; font-family: -apple-system, BlinkMacSystemFont, 'Segoe UI', Roboto, Helvetica, Arial, sans-serif, 'Apple Color Emoji', 'Segoe UI Emoji', 'Segoe UI Symbol'; position: relative; color: #74787e; font-size: 15px; line-height: 18px; margin: 0; padding: 10px 0;">14-08-2027 (Saturday)</td>
<td align="right" style="box-sizing: border-box; font-family: -apple-system, BlinkMacSystemFont, 'Segoe UI', Roboto, Helvetica, Arial, sans-serif, 'Apple Color Emoji', 'Segoe UI Emoji', 'Segoe UI Symbol'; position: relative; color: #74787e; font-size: 15px; line-height: 18px; margin: 0; padding: 10px 0;">Night Shift</td>
</tr>
<tr>
<td align="left" style="box-sizing: border-box; font-family: -apple-system, BlinkMacSystemFont, 'Segoe UI', Roboto, Helvetica, Arial, sans-serif, 'Apple Color Emoji', 'Segoe UI Emoji', 'Segoe UI Symbol'; position: relative; color: #74787e; font-size: 15px; line-height: 18px; margin: 0; padding: 10px 0;">15-08-2027 (Sunday)</td>
<td align="right" style="box-sizing: border-box; font-family: -apple-system, BlinkMacSystemFont, 'Segoe UI', Roboto, Helvetica, Arial, sans-serif, 'Apple Color Emoji', 'Segoe UI Emoji', 'Segoe UI Symbol'; position: relative; color: #74787e; font-size: 15px; line-height: 18px; margin: 0; padding: 10px 0;">Night Shift</td>
</tr>
<tr>
<td align="left" style="box-sizing: border-box; font-family: -apple-system, BlinkMacSystemFont, 'Segoe UI', Roboto, Helvetica, Arial, sans-serif, 'Apple Color Emoji', 'Segoe UI Emoji', 'Segoe UI Symbol'; position: relative; color: #74787e; font-size: 15px; line-height: 18px; margin: 0; padding: 10px 0;">16-08-2027 (Monday)</td>
<td align="right" style="box-sizing: border-box; font-family: -apple-system, BlinkMacSystemFont, 'Segoe UI', Roboto, Helvetica, Arial, sans-serif, 'Apple Color Emoji', 'Segoe UI Emoji', 'Segoe UI Symbol'; position: relative; color: #74787e; font-size: 15px; line-height: 18px; margin: 0; padding: 10px 0;">Night Shift</td>
</tr>
<tr>
<td align="left" style="box-sizing: border-box; font-family: -apple-system, BlinkMacSystemFont, 'Segoe UI', Roboto, Helvetica, Arial, sans-serif, 'Apple Color Emoji', 'Segoe UI Emoji', 'Segoe UI Symbol'; position: relative; color: #74787e; font-size: 15px; line-height: 18px; margin: 0; padding: 10px 0;">17-08-2027 (Tuesday)</td>
<td align="right" style="box-sizing: border-box; font-family: -apple-system, BlinkMacSystemFont, 'Segoe UI', Roboto, Helvetica, Arial, sans-serif, 'Apple Color Emoji', 'Segoe UI Emoji', 'Segoe UI Symbol'; position: relative; color: #74787e; font-size: 15px; line-height: 18px; margin: 0; padding: 10px 0;">Night Shift</td>
</tr>
<tr>
<td align="left" style="box-sizing: border-box; font-family: -apple-system, BlinkMacSystemFont, 'Segoe UI', Roboto, Helvetica, Arial, sans-serif, 'Apple Color Emoji', 'Segoe UI Emoji', 'Segoe UI Symbol'; position: relative; color: #74787e; font-size: 15px; line-height: 18px; margin: 0; padding: 10px 0;">18-08-2027 (Wednesday)</td>
<td align="right" style="box-sizing: border-box; font-family: -apple-system, BlinkMacSystemFont, 'Segoe UI', Roboto, Helvetica, Arial, sans-serif, 'Apple Color Emoji', 'Segoe UI Emoji', 'Segoe UI Symbol'; position: relative; color: #74787e; font-size: 15px; line-height: 18px; margin: 0; padding: 10px 0;">Night Shift</td>
</tr>
<tr>
<td align="left" style="box-sizing: border-box; font-family: -apple-system, BlinkMacSystemFont, 'Segoe UI', Roboto, Helvetica, Arial, sans-serif, 'Apple Color Emoji', 'Segoe UI Emoji', 'Segoe UI Symbol'; position: relative; color: #74787e; font-size: 15px; line-height: 18px; margin: 0; padding: 10px 0;">19-08-2027 (Thursday)</td>
<td align="right" style="box-sizing: border-box; font-family: -apple-system, BlinkMacSystemFont, 'Segoe UI', Roboto, Helvetica, Arial, sans-serif, 'Apple Color Emoji', 'Segoe UI Emoji', 'Segoe UI Symbol'; position: relative; color: #74787e; font-size: 15px; line-height: 18px; margin: 0; padding: 10px 0;">Night Shift</td>
</tr>
<tr>
<td align="left" style="box-sizing: border-box; font-family: -apple-system, BlinkMacSystemFont, 'Segoe UI', Roboto, Helvetica, Arial, sans-serif, 'Apple Color Emoji', 'Segoe UI Emoji', 'Segoe UI Symbol'; position: relative; color: #74787e; font-size: 15px; line-height: 18px; margin: 0; padding: 10px 0;">20-08-2027 (Friday)</td>
<td align="right" style="box-sizing: border-box; font-family: -apple-system, BlinkMacSystemFont, 'Segoe UI', Roboto, Helvetica, Arial, sans-serif, 'Apple Color Emoji', 'Segoe UI Emoji', 'Segoe UI Symbol'; position: relative; color: #74787e; font-size: 15px; line-height: 18px; margin: 0; padding: 10px 0;">Night Shift</td>
</tr>
<tr>
<td align="left" style="box-sizing: border-box; font-family: -apple-system, BlinkMacSystemFont, 'Segoe UI', Roboto, Helvetica, Arial, sans-serif, 'Apple Color Emoji', 'Segoe UI Emoji', 'Segoe UI Symbol'; position: relative; color: #74787e; font-size: 15px; line-height: 18px; margin: 0; padding: 10px 0;">21-08-2027 (Saturday)</td>
<td align="right" style="box-sizing: border-box; font-family: -apple-system, BlinkMacSystemFont, 'Segoe UI', Roboto, Helvetica, Arial, sans-serif, 'Apple Color Emoji', 'Segoe UI Emoji', 'Segoe UI Symbol'; position: relative; color: #74787e; font-size: 15px; line-height: 18px; margin: 0; padding: 10px 0;">Night Shift</td>
</tr>
<tr>
<td align="left" style="box-sizing: border-box; font-family: -apple-system, BlinkMacSystemFont, 'Segoe UI', Roboto, Helvetica, Arial, sans-serif, 'Apple Color Emoji', 'Segoe UI Emoji', 'Segoe UI Symbol'; position: relative; color: #74787e; font-size: 15px; line-height: 18px; margin: 0; padding: 10px 0;">22-08-2027 (Sunday)</td>
<td align="right" style="box-sizing: border-box; font-family: -apple-system, BlinkMacSystemFont, 'Segoe UI', Roboto, Helvetica, Arial, sans-serif, 'Apple Color Emoji', 'Segoe UI Emoji', 'Segoe UI Symbol'; position: relative; color: #74787e; font-size: 15px; line-height: 18px; margin: 0; padding: 10px 0;">Night Shift</td>
</tr>
<tr>
<td align="left" style="box-sizing: border-box; font-family: -apple-system, BlinkMacSystemFont, 'Segoe UI', Roboto, Helvetica, Arial, sans-serif, 'Apple Color Emoji', 'Segoe UI Emoji', 'Segoe UI Symbol'; position: relative; color: #74787e; font-size: 15px; line-height: 18px; margin: 0; padding: 10px 0;">23-08-2027 (Monday)</td>
<td align="right" style="box-sizing: border-box; font-family: -apple-system, BlinkMacSystemFont, 'Segoe UI', Roboto, Helvetica, Arial, sans-serif, 'Apple Color Emoji', 'Segoe UI Emoji', 'Segoe UI Symbol'; position: relative; color: #74787e; font-size: 15px; line-height: 18px; margin: 0; padding: 10px 0;">Night Shift</td>
</tr>
<tr>
<td align="left" style="box-sizing: border-box; font-family: -apple-system, BlinkMacSystemFont, 'Segoe UI', Roboto, Helvetica, Arial, sans-serif, 'Apple Color Emoji', 'Segoe UI Emoji', 'Segoe UI Symbol'; position: relative; color: #74787e; font-size: 15px; line-height: 18px; margin: 0; padding: 10px 0;">24-08-2027 (Tuesday)</td>
<td align="right" style="box-sizing: border-box; font-family: -apple-system, BlinkMacSystemFont, 'Segoe UI', Roboto, Helvetica, Arial, sans-serif, 'Apple Color Emoji', 'Segoe UI Emoji', 'Segoe UI Symbol'; position: relative; color: #74787e; font-size: 15px; line-height: 18px; margin: 0; padding: 10px 0;">Night Shift</td>
</tr>
<tr>
<td align="left" style="box-sizing: border-box; font-family: -apple-system, BlinkMacSystemFont, 'Segoe UI', Roboto, Helvetica, Arial, sans-serif, 'Apple Color Emoji', 'Segoe UI Emoji', 'Segoe UI Symbol'; position: relative; color: #74787e; font-size: 15px; line-height: 18px; margin: 0; padding: 10px 0;">25-08-2027 (Wednesday)</td>
<td align="right" style="box-sizing: border-box; font-family: -apple-system, BlinkMacSystemFont, 'Segoe UI', Roboto, Helvetica, Arial, sans-serif, 'Apple Color Emoji', 'Segoe UI Emoji', 'Segoe UI Symbol'; position: relative; color: #74787e; font-size: 15px; line-height: 18px; margin: 0; padding: 10px 0;">Night Shift</td>
</tr>
<tr>
<td align="left" style="box-sizing: border-box; font-family: -apple-system, BlinkMacSystemFont, 'Segoe UI', Roboto, Helvetica, Arial, sans-serif, 'Apple Color Emoji', 'Segoe UI Emoji', 'Segoe UI Symbol'; position: relative; color: #74787e; font-size: 15px; line-height: 18px; margin: 0; padding: 10px 0;">26-08-2027 (Thursday)</td>
<td align="right" style="box-sizing: border-box; font-family: -apple-system, BlinkMacSystemFont, 'Segoe UI', Roboto, Helvetica, Arial, sans-serif, 'Apple Color Emoji', 'Segoe UI Emoji', 'Segoe UI Symbol'; position: relative; color: #74787e; font-size: 15px; line-height: 18px; margin: 0; padding: 10px 0;">Night Shift</td>
</tr>
<tr>
<td align="left" style="box-sizing: border-box; font-family: -apple-system, BlinkMacSystemFont, 'Segoe UI', Roboto, Helvetica, Arial, sans-serif, 'Apple Color Emoji', 'Segoe UI Emoji', 'Segoe UI Symbol'; position: relative; color: #74787e; font-size: 15px; line-height: 18px; margin: 0; padding: 10px 0;">27-08-2027 (Friday)</td>
<td align="right" style="box-sizing: border-box; font-family: -apple-system, BlinkMacSystemFont, 'Segoe UI', Roboto, Helvetica, Arial, sans-serif, 'Apple Color Emoji', 'Segoe UI Emoji', 'Segoe UI Symbol'; position: relative; color: #74787e; font-size: 15px; line-height: 18px; margin: 0; padding: 10px 0;">Night Shift</td>
</tr>
<tr>
<td align="left" style="box-sizing: border-box; font-family: -apple-system, BlinkMacSystemFont, 'Segoe UI', Roboto, Helvetica, Arial, sans-serif, 'Apple Color Emoji', 'Segoe UI Emoji', 'Segoe UI Symbol'; position: relative; color: #74787e; font-size: 15px; line-height: 18px; margin: 0; padding: 10px 0;">28-08-2027 (Saturday)</td>
<td align="right" style="box-sizing: border-box; font-family: -apple-system, BlinkMacSystemFont, 'Segoe UI', Roboto, Helvetica, Arial, sans-serif, 'Apple Color Emoji', 'Segoe UI Emoji', 'Segoe UI Symbol'; position: relative; color: #74787e; font-size: 15px; line-height: 18px; margin: 0; padding: 10px 0;">Night Shift</td>
</tr>
<tr>
<td align="left" style="box-sizing: border-box; font-family: -apple-system, BlinkMacSystemFont, 'Segoe UI', Roboto, Helvetica, Arial, sans-serif, 'Apple Color Emoji', 'Segoe UI Emoji', 'Segoe UI Symbol'; position: relative; color: #74787e; font-size: 15px; line-height: 18px; margin: 0; padding: 10px 0;">29-08-2027 (Sunday)</td>
<td align="right" style="box-sizing: border-box; font-family: -apple-system, BlinkMacSystemFont, 'Segoe UI', Roboto, Helvetica, Arial, sans-serif, 'Apple Color Emoji', 'Segoe UI Emoji', 'Segoe UI Symbol'; position: relative; color: #74787e; font-size: 15px; line-height: 18px; margin: 0; padding: 10px 0;">Night Shift</td>
</tr>
<tr>
<td align="left" style="box-sizing: border-box; font-family: -apple-system, BlinkMacSystemFont, 'Segoe UI', Roboto, Helvetica, Arial, sans-serif, 'Apple Color Emoji', 'Segoe UI Emoji', 'Segoe UI Symbol'; position: relative; color: #74787e; font-size: 15px; line-height: 18px; margin: 0; padding: 10px 0;">30-08-2027 (Monday)</td>
<td align="right" style="box-sizing: border-box; font-family: -apple-system, BlinkMacSystemFont, 'Segoe UI', Roboto, Helvetica, Arial, sans-serif, 'Apple Color Emoji', 'Segoe UI Emoji', 'Segoe UI Symbol'; position: relative; color: #74787e; font-size: 15px; line-height: 18px; margin: 0; padding: 10px 0;">Night Shift</td>
</tr>
<tr>
<td align="left" style="box-sizing: border-box; font-family: -apple-system, BlinkMacSystemFont, 'Segoe UI', Roboto, Helvetica, Arial, sans-serif, 'Apple Color Emoji', 'Segoe UI Emoji', 'Segoe UI Symbol'; position: relative; color: #74787e; font-size: 15px; line-height: 18px; margin: 0; padding: 10px 0;">31-08-2027 (Tuesday)</td>
<td align="right" style="box-sizing: border-box; font-family: -apple-system, BlinkMacSystemFont, 'Segoe UI', Roboto, Helvetica, Arial, sans-serif, 'Apple Color Emoji', 'Segoe UI Emoji', 'Segoe UI Symbol'; position: relative; color: #74787e; font-size: 15px; line-height: 18px; margin: 0; padding: 10px 0;">Night Shift</td>
</tr>
</tbody>
</table>
</div>
<p style="box-sizing: border-box; font-family: -apple-system, BlinkMacSystemFont, 'Segoe UI', Roboto, Helvetica, Arial, sans-serif, 'Apple Color Emoji', 'Segoe UI Emoji', 'Segoe UI Symbol'; position: relative; font-size: 16px; line-height: 1.5em; margin-top: 0; text-align: left;">Regards,<br>
BranZo Techno Solution</p>



</td>
</tr>
</table>
</td>
</tr>

<tr>
<td style="box-sizing: border-box; font-family: -apple-system, BlinkMacSystemFont, 'Segoe UI', Roboto, Helvetica, Arial, sans-serif, 'Apple Color Emoji', 'Segoe UI Emoji', 'Segoe UI Symbol'; position: relative;">
<table class="footer" align="center" width="570" cellpadding="0" cellspacing="0" role="presentation" style="box-sizing: border-box; font-family: -apple-system, BlinkMacSystemFont, 'Segoe UI', Roboto, Helvetica, Arial, sans-serif, 'Apple Color Emoji', 'Segoe UI Emoji', 'Segoe UI Symbol'; position: relative; -premailer-cellpadding: 0; -premailer-cellspacing: 0; -premailer-width: 570px; margin: 0 auto; padding: 0; text-align: center; width: 570px;">
<tr>
<td class="content-cell" align="center" style="box-sizing: border-box; font-family: -apple-system, BlinkMacSystemFont, 'Segoe UI', Roboto, Helvetica, Arial, sans-serif, 'Apple Color Emoji', 'Segoe UI Emoji', 'Segoe UI Symbol'; position: relative; max-width: 100vw; padding: 32px;">
<p style="box-sizing: border-box; font-family: -apple-system, BlinkMacSystemFont, 'Segoe UI', Roboto, Helvetica, Arial, sans-serif, 'Apple Color Emoji', 'Segoe UI Emoji', 'Segoe UI Symbol'; position: relative; line-height: 1.5em; margin-top: 0; color: #b0adc5; font-size: 12px; text-align: center;">© 2026 BranZo Techno Solution. All rights reserved.</p>

</td>
</tr>
</table>
</td>
</tr>
</table>
</td>
</tr>
</table>
</body>
</html>
--86HOxGeM--
  
[2026-08-27 18:07:40] codecanyon.DEBUG: From: BranZo Techno Solution <company@email.com>
Reply-To: BranZo Techno Solution <company@email.com>
To: mani@gmail.com
Subject: Schedule Update: Your Shifts have been Assigned
MIME-Version: 1.0
Date: Thu, 27 Aug 2026 18:07:40 +0000
Message-ID: <53225603d1cb5e2e4d4162db03abbcd9@email.com>
Content-Type: multipart/alternative; boundary=m5ho83Fc

--m5ho83Fc
Content-Type: text/plain; charset=utf-8
Content-Transfer-Encoding: quoted-printable

BranZo Techno Solution: http://127.0.0.1:8000

# Schedule Update: Your Shifts have been Assigned
| Date         | Employee Shift  |
|:------------- | --------:|
| 27-08-2026 (Thursday)      | Night Shift      |
| 28-08-2026 (Friday)      | Night Shift      |
| 29-08-2026 (Saturday)      | Day Shift      |
| 30-08-2026 (Sunday)      | Day Shift      |
| 31-08-2026 (Monday)      | Night Shift      |
| 01-09-2026 (Tuesday)      | Night Shift      |
| 02-09-2026 (Wednesday)      | Night Shift      |
| 03-09-2026 (Thursday)      | Night Shift      |
| 04-09-2026 (Friday)      | Night Shift      |
| 05-09-2026 (Saturday)      | Day Shift      |
| 06-09-2026 (Sunday)      | Day Shift      |
| 07-09-2026 (Monday)      | Night Shift      |
| 08-09-2026 (Tuesday)      | Night Shift      |
| 09-09-2026 (Wednesday)      | Night Shift      |
| 10-09-2026 (Thursday)      | Night Shift      |
| 11-09-2026 (Friday)      | Night Shift      |
| 12-09-2026 (Saturday)      | Day Shift      |
| 13-09-2026 (Sunday)      | Day Shift      |
| 14-09-2026 (Monday)      | Night Shift      |
| 15-09-2026 (Tuesday)      | Night Shift      |
| 16-09-2026 (Wednesday)      | Night Shift      |
| 17-09-2026 (Thursday)      | Night Shift      |
| 18-09-2026 (Friday)      | Night Shift      |
| 19-09-2026 (Saturday)      | Day Shift      |
| 20-09-2026 (Sunday)      | Day Shift      |
| 21-09-2026 (Monday)      | Night Shift      |
| 22-09-2026 (Tuesday)      | Night Shift      |
| 23-09-2026 (Wednesday)      | Night Shift      |
| 24-09-2026 (Thursday)      | Night Shift      |
| 25-09-2026 (Friday)      | Night Shift      |
| 26-09-2026 (Saturday)      | Day Shift      |
| 27-09-2026 (Sunday)      | Day Shift      |
| 28-09-2026 (Monday)      | Night Shift      |
| 29-09-2026 (Tuesday)      | Night Shift      |
| 30-09-2026 (Wednesday)      | Night Shift      |
| 01-10-2026 (Thursday)      | Night Shift      |
| 02-10-2026 (Friday)      | Night Shift      |
| 03-10-2026 (Saturday)      | Day Shift      |
| 04-10-2026 (Sunday)      | Day Shift      |
| 05-10-2026 (Monday)      | Night Shift      |
| 06-10-2026 (Tuesday)      | Night Shift      |
| 07-10-2026 (Wednesday)      | Night Shift      |
| 08-10-2026 (Thursday)      | Night Shift      |
| 09-10-2026 (Friday)      | Night Shift      |
| 10-10-2026 (Saturday)      | Day Shift      |
| 11-10-2026 (Sunday)      | Day Shift      |
| 12-10-2026 (Monday)      | Night Shift      |
| 13-10-2026 (Tuesday)      | Night Shift      |
| 14-10-2026 (Wednesday)      | Night Shift      |
| 15-10-2026 (Thursday)      | Night Shift      |
| 16-10-2026 (Friday)      | Night Shift      |
| 17-10-2026 (Saturday)      | Day Shift      |
| 18-10-2026 (Sunday)      | Day Shift      |
| 19-10-2026 (Monday)      | Night Shift      |
| 20-10-2026 (Tuesday)      | Night Shift      |
| 21-10-2026 (Wednesday)      | Night Shift      |
| 22-10-2026 (Thursday)      | Night Shift      |
| 23-10-2026 (Friday)      | Night Shift      |
| 24-10-2026 (Saturday)      | Day Shift      |
| 25-10-2026 (Sunday)      | Day Shift      |
| 26-10-2026 (Monday)      | Night Shift      |
| 27-10-2026 (Tuesday)      | Night Shift      |
| 28-10-2026 (Wednesday)      | Night Shift      |
| 29-10-2026 (Thursday)      | Night Shift      |
| 30-10-2026 (Friday)      | Night Shift      |
| 31-10-2026 (Saturday)      | Day Shift      |
| 01-11-2026 (Sunday)      | Day Shift      |
| 02-11-2026 (Monday)      | Night Shift      |
| 03-11-2026 (Tuesday)      | Night Shift      |
| 04-11-2026 (Wednesday)      | Night Shift      |
| 05-11-2026 (Thursday)      | Night Shift      |
| 06-11-2026 (Friday)      | Night Shift      |
| 07-11-2026 (Saturday)      | Day Shift      |
| 08-11-2026 (Sunday)      | Day Shift      |
| 09-11-2026 (Monday)      | Night Shift      |
| 10-11-2026 (Tuesday)      | Night Shift      |
| 11-11-2026 (Wednesday)      | Night Shift      |
| 12-11-2026 (Thursday)      | Night Shift      |
| 13-11-2026 (Friday)      | Night Shift      |
| 14-11-2026 (Saturday)      | Day Shift      |
| 15-11-2026 (Sunday)      | Day Shift      |
| 16-11-2026 (Monday)      | Night Shift      |
| 17-11-2026 (Tuesday)      | Night Shift      |
| 18-11-2026 (Wednesday)      | Night Shift      |
| 19-11-2026 (Thursday)      | Night Shift      |
| 20-11-2026 (Friday)      | Night Shift      |
| 21-11-2026 (Saturday)      | Day Shift      |
| 22-11-2026 (Sunday)      | Day Shift      |
| 23-11-2026 (Monday)      | Night Shift      |
| 24-11-2026 (Tuesday)      | Night Shift      |
| 25-11-2026 (Wednesday)      | Night Shift      |
| 26-11-2026 (Thursday)      | Night Shift      |
| 27-11-2026 (Friday)      | Night Shift      |
| 28-11-2026 (Saturday)      | Day Shift      |
| 29-11-2026 (Sunday)      | Day Shift      |
| 30-11-2026 (Monday)      | Night Shift      |
| 01-12-2026 (Tuesday)      | Night Shift      |
| 02-12-2026 (Wednesday)      | Night Shift      |
| 03-12-2026 (Thursday)      | Night Shift      |
| 04-12-2026 (Friday)      | Night Shift      |
| 05-12-2026 (Saturday)      | Day Shift      |
| 06-12-2026 (Sunday)      | Day Shift      |
| 07-12-2026 (Monday)      | Night Shift      |
| 08-12-2026 (Tuesday)      | Night Shift      |
| 09-12-2026 (Wednesday)      | Night Shift      |
| 10-12-2026 (Thursday)      | Night Shift      |
| 11-12-2026 (Friday)      | Night Shift      |
| 12-12-2026 (Saturday)      | Day Shift      |
| 13-12-2026 (Sunday)      | Day Shift      |
| 14-12-2026 (Monday)      | Night Shift      |
| 15-12-2026 (Tuesday)      | Night Shift      |
| 16-12-2026 (Wednesday)      | Night Shift      |
| 17-12-2026 (Thursday)      | Night Shift      |
| 18-12-2026 (Friday)      | Night Shift      |
| 19-12-2026 (Saturday)      | Day Shift      |
| 20-12-2026 (Sunday)      | Day Shift      |
| 21-12-2026 (Monday)      | Night Shift      |
| 22-12-2026 (Tuesday)      | Night Shift      |
| 23-12-2026 (Wednesday)      | Night Shift      |
| 24-12-2026 (Thursday)      | Night Shift      |
| 25-12-2026 (Friday)      | Night Shift      |
| 26-12-2026 (Saturday)      | Day Shift      |
| 27-12-2026 (Sunday)      | Day Shift      |
| 28-12-2026 (Monday)      | Night Shift      |
| 29-12-2026 (Tuesday)      | Night Shift      |
| 30-12-2026 (Wednesday)      | Night Shift      |
| 31-12-2026 (Thursday)      | Night Shift      |
| 01-01-2027 (Friday)      | Night Shift      |
| 02-01-2027 (Saturday)      | Day Shift      |
| 03-01-2027 (Sunday)      | Day Shift      |
| 04-01-2027 (Monday)      | Night Shift      |
| 05-01-2027 (Tuesday)      | Night Shift      |
| 06-01-2027 (Wednesday)      | Night Shift      |
| 07-01-2027 (Thursday)      | Night Shift      |
| 08-01-2027 (Friday)      | Night Shift      |
| 09-01-2027 (Saturday)      | Day Shift      |
| 10-01-2027 (Sunday)      | Day Shift      |
| 11-01-2027 (Monday)      | Night Shift      |
| 12-01-2027 (Tuesday)      | Night Shift      |
| 13-01-2027 (Wednesday)      | Night Shift      |
| 14-01-2027 (Thursday)      | Night Shift      |
| 15-01-2027 (Friday)      | Night Shift      |
| 16-01-2027 (Saturday)      | Day Shift      |
| 17-01-2027 (Sunday)      | Day Shift      |
| 18-01-2027 (Monday)      | Night Shift      |
| 19-01-2027 (Tuesday)      | Night Shift      |
| 20-01-2027 (Wednesday)      | Night Shift      |
| 21-01-2027 (Thursday)      | Night Shift      |
| 22-01-2027 (Friday)      | Night Shift      |
| 23-01-2027 (Saturday)      | Day Shift      |
| 24-01-2027 (Sunday)      | Day Shift      |
| 25-01-2027 (Monday)      | Night Shift      |
| 26-01-2027 (Tuesday)      | Night Shift      |
| 27-01-2027 (Wednesday)      | Night Shift      |
| 28-01-2027 (Thursday)      | Night Shift      |
| 29-01-2027 (Friday)      | Night Shift      |
| 30-01-2027 (Saturday)      | Day Shift      |
| 31-01-2027 (Sunday)      | Day Shift      |
| 01-02-2027 (Monday)      | Night Shift      |
| 02-02-2027 (Tuesday)      | Night Shift      |
| 03-02-2027 (Wednesday)      | Night Shift      |
| 04-02-2027 (Thursday)      | Night Shift      |
| 05-02-2027 (Friday)      | Night Shift      |
| 06-02-2027 (Saturday)      | Day Shift      |
| 07-02-2027 (Sunday)      | Day Shift      |
| 08-02-2027 (Monday)      | Night Shift      |
| 09-02-2027 (Tuesday)      | Night Shift      |
| 10-02-2027 (Wednesday)      | Night Shift      |
| 11-02-2027 (Thursday)      | Night Shift      |
| 12-02-2027 (Friday)      | Night Shift      |
| 13-02-2027 (Saturday)      | Day Shift      |
| 14-02-2027 (Sunday)      | Day Shift      |
| 15-02-2027 (Monday)      | Night Shift      |
| 16-02-2027 (Tuesday)      | Night Shift      |
| 17-02-2027 (Wednesday)      | Night Shift      |
| 18-02-2027 (Thursday)      | Night Shift      |
| 19-02-2027 (Friday)      | Night Shift      |
| 20-02-2027 (Saturday)      | Day Shift      |
| 21-02-2027 (Sunday)      | Day Shift      |
| 22-02-2027 (Monday)      | Night Shift      |
| 23-02-2027 (Tuesday)      | Night Shift      |
| 24-02-2027 (Wednesday)      | Night Shift      |
| 25-02-2027 (Thursday)      | Night Shift      |
| 26-02-2027 (Friday)      | Night Shift      |
| 27-02-2027 (Saturday)      | Day Shift      |
| 28-02-2027 (Sunday)      | Day Shift      |
| 01-03-2027 (Monday)      | Night Shift      |
| 02-03-2027 (Tuesday)      | Night Shift      |
| 03-03-2027 (Wednesday)      | Night Shift      |
| 04-03-2027 (Thursday)      | Night Shift      |
| 05-03-2027 (Friday)      | Night Shift      |
| 06-03-2027 (Saturday)      | Day Shift      |
| 07-03-2027 (Sunday)      | Day Shift      |
| 08-03-2027 (Monday)      | Night Shift      |
| 09-03-2027 (Tuesday)      | Night Shift      |
| 10-03-2027 (Wednesday)      | Night Shift      |
| 11-03-2027 (Thursday)      | Night Shift      |
| 12-03-2027 (Friday)      | Night Shift      |
| 13-03-2027 (Saturday)      | Day Shift      |
| 14-03-2027 (Sunday)      | Day Shift      |
| 15-03-2027 (Monday)      | Night Shift      |
| 16-03-2027 (Tuesday)      | Night Shift      |
| 17-03-2027 (Wednesday)      | Night Shift      |
| 18-03-2027 (Thursday)      | Night Shift      |
| 19-03-2027 (Friday)      | Night Shift      |
| 20-03-2027 (Saturday)      | Day Shift      |
| 21-03-2027 (Sunday)      | Day Shift      |
| 22-03-2027 (Monday)      | Night Shift      |
| 23-03-2027 (Tuesday)      | Night Shift      |
| 24-03-2027 (Wednesday)      | Night Shift      |
| 25-03-2027 (Thursday)      | Night Shift      |
| 26-03-2027 (Friday)      | Night Shift      |
| 27-03-2027 (Saturday)      | Day Shift      |
| 28-03-2027 (Sunday)      | Day Shift      |
| 29-03-2027 (Monday)      | Night Shift      |
| 30-03-2027 (Tuesday)      | Night Shift      |
| 31-03-2027 (Wednesday)      | Night Shift      |
| 01-04-2027 (Thursday)      | Night Shift      |
| 02-04-2027 (Friday)      | Night Shift      |
| 03-04-2027 (Saturday)      | Day Shift      |
| 04-04-2027 (Sunday)      | Day Shift      |
| 05-04-2027 (Monday)      | Night Shift      |
| 06-04-2027 (Tuesday)      | Night Shift      |
| 07-04-2027 (Wednesday)      | Night Shift      |
| 08-04-2027 (Thursday)      | Night Shift      |
| 09-04-2027 (Friday)      | Night Shift      |
| 10-04-2027 (Saturday)      | Day Shift      |
| 11-04-2027 (Sunday)      | Day Shift      |
| 12-04-2027 (Monday)      | Night Shift      |
| 13-04-2027 (Tuesday)      | Night Shift      |
| 14-04-2027 (Wednesday)      | Night Shift      |
| 15-04-2027 (Thursday)      | Night Shift      |
| 16-04-2027 (Friday)      | Night Shift      |
| 17-04-2027 (Saturday)      | Day Shift      |
| 18-04-2027 (Sunday)      | Day Shift      |
| 19-04-2027 (Monday)      | Night Shift      |
| 20-04-2027 (Tuesday)      | Night Shift      |
| 21-04-2027 (Wednesday)      | Night Shift      |
| 22-04-2027 (Thursday)      | Night Shift      |
| 23-04-2027 (Friday)      | Night Shift      |
| 24-04-2027 (Saturday)      | Day Shift      |
| 25-04-2027 (Sunday)      | Day Shift      |
| 26-04-2027 (Monday)      | Night Shift      |
| 27-04-2027 (Tuesday)      | Night Shift      |
| 28-04-2027 (Wednesday)      | Night Shift      |
| 29-04-2027 (Thursday)      | Night Shift      |
| 30-04-2027 (Friday)      | Night Shift      |
| 01-05-2027 (Saturday)      | Day Shift      |
| 02-05-2027 (Sunday)      | Day Shift      |
| 03-05-2027 (Monday)      | Night Shift      |
| 04-05-2027 (Tuesday)      | Night Shift      |
| 05-05-2027 (Wednesday)      | Night Shift      |
| 06-05-2027 (Thursday)      | Night Shift      |
| 07-05-2027 (Friday)      | Night Shift      |
| 08-05-2027 (Saturday)      | Day Shift      |
| 09-05-2027 (Sunday)      | Day Shift      |
| 10-05-2027 (Monday)      | Night Shift      |
| 11-05-2027 (Tuesday)      | Night Shift      |
| 12-05-2027 (Wednesday)      | Night Shift      |
| 13-05-2027 (Thursday)      | Night Shift      |
| 14-05-2027 (Friday)      | Night Shift      |
| 15-05-2027 (Saturday)      | Day Shift      |
| 16-05-2027 (Sunday)      | Day Shift      |
| 17-05-2027 (Monday)      | Night Shift      |
| 18-05-2027 (Tuesday)      | Night Shift      |
| 19-05-2027 (Wednesday)      | Night Shift      |
| 20-05-2027 (Thursday)      | Night Shift      |
| 21-05-2027 (Friday)      | Night Shift      |
| 22-05-2027 (Saturday)      | Day Shift      |
| 23-05-2027 (Sunday)      | Day Shift      |
| 24-05-2027 (Monday)      | Night Shift      |
| 25-05-2027 (Tuesday)      | Night Shift      |
| 26-05-2027 (Wednesday)      | Night Shift      |
| 27-05-2027 (Thursday)      | Night Shift      |
| 28-05-2027 (Friday)      | Night Shift      |
| 29-05-2027 (Saturday)      | Day Shift      |
| 30-05-2027 (Sunday)      | Day Shift      |
| 31-05-2027 (Monday)      | Night Shift      |
| 01-06-2027 (Tuesday)      | Night Shift      |
| 02-06-2027 (Wednesday)      | Night Shift      |
| 03-06-2027 (Thursday)      | Night Shift      |
| 04-06-2027 (Friday)      | Night Shift      |
| 05-06-2027 (Saturday)      | Day Shift      |
| 06-06-2027 (Sunday)      | Day Shift      |
| 07-06-2027 (Monday)      | Night Shift      |
| 08-06-2027 (Tuesday)      | Night Shift      |
| 09-06-2027 (Wednesday)      | Night Shift      |
| 10-06-2027 (Thursday)      | Night Shift      |
| 11-06-2027 (Friday)      | Night Shift      |
| 12-06-2027 (Saturday)      | Day Shift      |
| 13-06-2027 (Sunday)      | Day Shift      |
| 14-06-2027 (Monday)      | Night Shift      |
| 15-06-2027 (Tuesday)      | Night Shift      |
| 16-06-2027 (Wednesday)      | Night Shift      |
| 17-06-2027 (Thursday)      | Night Shift      |
| 18-06-2027 (Friday)      | Night Shift      |
| 19-06-2027 (Saturday)      | Day Shift      |
| 20-06-2027 (Sunday)      | Day Shift      |
| 21-06-2027 (Monday)      | Night Shift      |
| 22-06-2027 (Tuesday)      | Night Shift      |
| 23-06-2027 (Wednesday)      | Night Shift      |
| 24-06-2027 (Thursday)      | Night Shift      |
| 25-06-2027 (Friday)      | Night Shift      |
| 26-06-2027 (Saturday)      | Day Shift      |
| 27-06-2027 (Sunday)      | Day Shift      |
| 28-06-2027 (Monday)      | Night Shift      |
| 29-06-2027 (Tuesday)      | Night Shift      |
| 30-06-2027 (Wednesday)      | Night Shift      |
| 01-07-2027 (Thursday)      | Night Shift      |
| 02-07-2027 (Friday)      | Night Shift      |
| 03-07-2027 (Saturday)      | Day Shift      |
| 04-07-2027 (Sunday)      | Day Shift      |
| 05-07-2027 (Monday)      | Night Shift      |
| 06-07-2027 (Tuesday)      | Night Shift      |
| 07-07-2027 (Wednesday)      | Night Shift      |
| 08-07-2027 (Thursday)      | Night Shift      |
| 09-07-2027 (Friday)      | Night Shift      |
| 10-07-2027 (Saturday)      | Day Shift      |
| 11-07-2027 (Sunday)      | Day Shift      |
| 12-07-2027 (Monday)      | Night Shift      |
| 13-07-2027 (Tuesday)      | Night Shift      |
| 14-07-2027 (Wednesday)      | Night Shift      |
| 15-07-2027 (Thursday)      | Night Shift      |
| 16-07-2027 (Friday)      | Night Shift      |
| 17-07-2027 (Saturday)      | Day Shift      |
| 18-07-2027 (Sunday)      | Day Shift      |
| 19-07-2027 (Monday)      | Night Shift      |
| 20-07-2027 (Tuesday)      | Night Shift      |
| 21-07-2027 (Wednesday)      | Night Shift      |
| 22-07-2027 (Thursday)      | Night Shift      |
| 23-07-2027 (Friday)      | Night Shift      |
| 24-07-2027 (Saturday)      | Day Shift      |
| 25-07-2027 (Sunday)      | Day Shift      |
| 26-07-2027 (Monday)      | Night Shift      |
| 27-07-2027 (Tuesday)      | Night Shift      |
| 28-07-2027 (Wednesday)      | Night Shift      |
| 29-07-2027 (Thursday)      | Night Shift      |
| 30-07-2027 (Friday)      | Night Shift      |
| 31-07-2027 (Saturday)      | Day Shift      |
| 01-08-2027 (Sunday)      | Day Shift      |
| 02-08-2027 (Monday)      | Night Shift      |
| 03-08-2027 (Tuesday)      | Night Shift      |
| 04-08-2027 (Wednesday)      | Night Shift      |
| 05-08-2027 (Thursday)      | Night Shift      |
| 06-08-2027 (Friday)      | Night Shift      |
| 07-08-2027 (Saturday)      | Day Shift      |
| 08-08-2027 (Sunday)      | Day Shift      |
| 09-08-2027 (Monday)      | Night Shift      |
| 10-08-2027 (Tuesday)      | Night Shift      |
| 11-08-2027 (Wednesday)      | Night Shift      |
| 12-08-2027 (Thursday)      | Night Shift      |
| 13-08-2027 (Friday)      | Night Shift      |
| 14-08-2027 (Saturday)      | Day Shift      |
| 15-08-2027 (Sunday)      | Day Shift      |
| 16-08-2027 (Monday)      | Night Shift      |
| 17-08-2027 (Tuesday)      | Night Shift      |
| 18-08-2027 (Wednesday)      | Night Shift      |
| 19-08-2027 (Thursday)      | Night Shift      |
| 20-08-2027 (Friday)      | Night Shift      |
| 21-08-2027 (Saturday)      | Day Shift      |
| 22-08-2027 (Sunday)      | Day Shift      |
| 23-08-2027 (Monday)      | Night Shift      |
| 24-08-2027 (Tuesday)      | Night Shift      |
| 25-08-2027 (Wednesday)      | Night Shift      |
| 26-08-2027 (Thursday)      | Night Shift      |
| 27-08-2027 (Friday)      | Night Shift      |
| 28-08-2027 (Saturday)      | Day Shift      |
| 29-08-2027 (Sunday)      | Day Shift      |
| 30-08-2027 (Monday)      | Night Shift      |
| 31-08-2027 (Tuesday)      | Night Shift      |

Regards,
BranZo Techno Solution

© 2026 BranZo Techno Solution. All rights reserved.

--m5ho83Fc
Content-Type: text/html; charset=utf-8
Content-Transfer-Encoding: quoted-printable

<!DOCTYPE html PUBLIC "-//W3C//DTD XHTML 1.0 Transitional//EN" "http://www.w3.org/TR/xhtml1/DTD/xhtml1-transitional.dtd">
<html xmlns="http://www.w3.org/1999/xhtml">
<head>
<title>BranZo Techno Solution</title>
<meta name="viewport" content="width=device-width, initial-scale=1.0">
<meta http-equiv="Content-Type" content="text/html; charset=UTF-8">
<meta name="color-scheme" content="light">
<meta name="supported-color-schemes" content="light">
<style>
@media only screen and (max-width: 600px) {
.inner-body {
width: 100% !important;
}

.footer {
width: 100% !important;
}
}

@media only screen and (max-width: 500px) {
.button {
width: 100% !important;
}
}
</style>
</head>
<body style="box-sizing: border-box; font-family: -apple-system, BlinkMacSystemFont, 'Segoe UI', Roboto, Helvetica, Arial, sans-serif, 'Apple Color Emoji', 'Segoe UI Emoji', 'Segoe UI Symbol'; position: relative; -webkit-text-size-adjust: none; background-color: #ffffff; color: #718096; height: 100%; line-height: 1.4; margin: 0; padding: 0; width: 100% !important;">

<table class="wrapper" width="100%" cellpadding="0" cellspacing="0" role="presentation" style="box-sizing: border-box; font-family: -apple-system, BlinkMacSystemFont, 'Segoe UI', Roboto, Helvetica, Arial, sans-serif, 'Apple Color Emoji', 'Segoe UI Emoji', 'Segoe UI Symbol'; position: relative; -premailer-cellpadding: 0; -premailer-cellspacing: 0; -premailer-width: 100%; background-color: #edf2f7; margin: 0; padding: 0; width: 100%;">
<tr>
<td align="center" style="box-sizing: border-box; font-family: -apple-system, BlinkMacSystemFont, 'Segoe UI', Roboto, Helvetica, Arial, sans-serif, 'Apple Color Emoji', 'Segoe UI Emoji', 'Segoe UI Symbol'; position: relative;">
<table class="content" width="100%" cellpadding="0" cellspacing="0" role="presentation" style="box-sizing: border-box; font-family: -apple-system, BlinkMacSystemFont, 'Segoe UI', Roboto, Helvetica, Arial, sans-serif, 'Apple Color Emoji', 'Segoe UI Emoji', 'Segoe UI Symbol'; position: relative; -premailer-cellpadding: 0; -premailer-cellspacing: 0; -premailer-width: 100%; margin: 0; padding: 0; width: 100%;">
<tr>
<td class="header" style="box-sizing: border-box; font-family: -apple-system, BlinkMacSystemFont, 'Segoe UI', Roboto, Helvetica, Arial, sans-serif, 'Apple Color Emoji', 'Segoe UI Emoji', 'Segoe UI Symbol'; position: relative; padding: 25px 0; text-align: center;">
<a href="http://127.0.0.1:8000" style="box-sizing: border-box; font-family: -apple-system, BlinkMacSystemFont, 'Segoe UI', Roboto, Helvetica, Arial, sans-serif, 'Apple Color Emoji', 'Segoe UI Emoji', 'Segoe UI Symbol'; position: relative; color: #3d4852; font-size: 19px; font-weight: bold; text-decoration: none; display: inline-block;">
BranZo Techno Solution
</a>
</td>
</tr>

<!-- Email Body -->
<tr>
<td class="body" width="100%" cellpadding="0" cellspacing="0" style="box-sizing: border-box; font-family: -apple-system, BlinkMacSystemFont, 'Segoe UI', Roboto, Helvetica, Arial, sans-serif, 'Apple Color Emoji', 'Segoe UI Emoji', 'Segoe UI Symbol'; position: relative; -premailer-cellpadding: 0; -premailer-cellspacing: 0; -premailer-width: 100%; background-color: #edf2f7; border-bottom: 1px solid #edf2f7; border-top: 1px solid #edf2f7; margin: 0; padding: 0; width: 100%; border: hidden !important;">
<table class="inner-body" align="center" width="570" cellpadding="0" cellspacing="0" role="presentation" style="box-sizing: border-box; font-family: -apple-system, BlinkMacSystemFont, 'Segoe UI', Roboto, Helvetica, Arial, sans-serif, 'Apple Color Emoji', 'Segoe UI Emoji', 'Segoe UI Symbol'; position: relative; -premailer-cellpadding: 0; -premailer-cellspacing: 0; -premailer-width: 570px; background-color: #ffffff; border-color: #e8e5ef; border-radius: 2px; border-width: 1px; box-shadow: 0 2px 0 rgba(0, 0, 150, 0.025), 2px 4px 0 rgba(0, 0, 150, 0.015); margin: 0 auto; padding: 0; width: 570px;">
<!-- Body content -->
<tr>
<td class="content-cell" style="box-sizing: border-box; font-family: -apple-system, BlinkMacSystemFont, 'Segoe UI', Roboto, Helvetica, Arial, sans-serif, 'Apple Color Emoji', 'Segoe UI Emoji', 'Segoe UI Symbol'; position: relative; max-width: 100vw; padding: 32px;">
<h1 style="box-sizing: border-box; font-family: -apple-system, BlinkMacSystemFont, 'Segoe UI', Roboto, Helvetica, Arial, sans-serif, 'Apple Color Emoji', 'Segoe UI Emoji', 'Segoe UI Symbol'; position: relative; color: #3d4852; font-size: 18px; font-weight: bold; margin-top: 0; text-align: left;">Schedule Update: Your Shifts have been Assigned</h1>
<div class="table" style="box-sizing: border-box; font-family: -apple-system, BlinkMacSystemFont, 'Segoe UI', Roboto, Helvetica, Arial, sans-serif, 'Apple Color Emoji', 'Segoe UI Emoji', 'Segoe UI Symbol'; position: relative;">
<table style="box-sizing: border-box; font-family: -apple-system, BlinkMacSystemFont, 'Segoe UI', Roboto, Helvetica, Arial, sans-serif, 'Apple Color Emoji', 'Segoe UI Emoji', 'Segoe UI Symbol'; position: relative; -premailer-cellpadding: 0; -premailer-cellspacing: 0; -premailer-width: 100%; margin: 30px auto; width: 100%;">
<thead style="box-sizing: border-box; font-family: -apple-system, BlinkMacSystemFont, 'Segoe UI', Roboto, Helvetica, Arial, sans-serif, 'Apple Color Emoji', 'Segoe UI Emoji', 'Segoe UI Symbol'; position: relative;">
<tr>
<th align="left" style="box-sizing: border-box; font-family: -apple-system, BlinkMacSystemFont, 'Segoe UI', Roboto, Helvetica, Arial, sans-serif, 'Apple Color Emoji', 'Segoe UI Emoji', 'Segoe UI Symbol'; position: relative; border-bottom: 1px solid #edeff2; margin: 0; padding-bottom: 8px;">Date</th>
<th align="right" style="box-sizing: border-box; font-family: -apple-system, BlinkMacSystemFont, 'Segoe UI', Roboto, Helvetica, Arial, sans-serif, 'Apple Color Emoji', 'Segoe UI Emoji', 'Segoe UI Symbol'; position: relative; border-bottom: 1px solid #edeff2; margin: 0; padding-bottom: 8px;">Employee Shift</th>
</tr>
</thead>
<tbody style="box-sizing: border-box; font-family: -apple-system, BlinkMacSystemFont, 'Segoe UI', Roboto, Helvetica, Arial, sans-serif, 'Apple Color Emoji', 'Segoe UI Emoji', 'Segoe UI Symbol'; position: relative;">
<tr>
<td align="left" style="box-sizing: border-box; font-family: -apple-system, BlinkMacSystemFont, 'Segoe UI', Roboto, Helvetica, Arial, sans-serif, 'Apple Color Emoji', 'Segoe UI Emoji', 'Segoe UI Symbol'; position: relative; color: #74787e; font-size: 15px; line-height: 18px; margin: 0; padding: 10px 0;">27-08-2026 (Thursday)</td>
<td align="right" style="box-sizing: border-box; font-family: -apple-system, BlinkMacSystemFont, 'Segoe UI', Roboto, Helvetica, Arial, sans-serif, 'Apple Color Emoji', 'Segoe UI Emoji', 'Segoe UI Symbol'; position: relative; color: #74787e; font-size: 15px; line-height: 18px; margin: 0; padding: 10px 0;">Night Shift</td>
</tr>
<tr>
<td align="left" style="box-sizing: border-box; font-family: -apple-system, BlinkMacSystemFont, 'Segoe UI', Roboto, Helvetica, Arial, sans-serif, 'Apple Color Emoji', 'Segoe UI Emoji', 'Segoe UI Symbol'; position: relative; color: #74787e; font-size: 15px; line-height: 18px; margin: 0; padding: 10px 0;">28-08-2026 (Friday)</td>
<td align="right" style="box-sizing: border-box; font-family: -apple-system, BlinkMacSystemFont, 'Segoe UI', Roboto, Helvetica, Arial, sans-serif, 'Apple Color Emoji', 'Segoe UI Emoji', 'Segoe UI Symbol'; position: relative; color: #74787e; font-size: 15px; line-height: 18px; margin: 0; padding: 10px 0;">Night Shift</td>
</tr>
<tr>
<td align="left" style="box-sizing: border-box; font-family: -apple-system, BlinkMacSystemFont, 'Segoe UI', Roboto, Helvetica, Arial, sans-serif, 'Apple Color Emoji', 'Segoe UI Emoji', 'Segoe UI Symbol'; position: relative; color: #74787e; font-size: 15px; line-height: 18px; margin: 0; padding: 10px 0;">29-08-2026 (Saturday)</td>
<td align="right" style="box-sizing: border-box; font-family: -apple-system, BlinkMacSystemFont, 'Segoe UI', Roboto, Helvetica, Arial, sans-serif, 'Apple Color Emoji', 'Segoe UI Emoji', 'Segoe UI Symbol'; position: relative; color: #74787e; font-size: 15px; line-height: 18px; margin: 0; padding: 10px 0;">Day Shift</td>
</tr>
<tr>
<td align="left" style="box-sizing: border-box; font-family: -apple-system, BlinkMacSystemFont, 'Segoe UI', Roboto, Helvetica, Arial, sans-serif, 'Apple Color Emoji', 'Segoe UI Emoji', 'Segoe UI Symbol'; position: relative; color: #74787e; font-size: 15px; line-height: 18px; margin: 0; padding: 10px 0;">30-08-2026 (Sunday)</td>
<td align="right" style="box-sizing: border-box; font-family: -apple-system, BlinkMacSystemFont, 'Segoe UI', Roboto, Helvetica, Arial, sans-serif, 'Apple Color Emoji', 'Segoe UI Emoji', 'Segoe UI Symbol'; position: relative; color: #74787e; font-size: 15px; line-height: 18px; margin: 0; padding: 10px 0;">Day Shift</td>
</tr>
<tr>
<td align="left" style="box-sizing: border-box; font-family: -apple-system, BlinkMacSystemFont, 'Segoe UI', Roboto, Helvetica, Arial, sans-serif, 'Apple Color Emoji', 'Segoe UI Emoji', 'Segoe UI Symbol'; position: relative; color: #74787e; font-size: 15px; line-height: 18px; margin: 0; padding: 10px 0;">31-08-2026 (Monday)</td>
<td align="right" style="box-sizing: border-box; font-family: -apple-system, BlinkMacSystemFont, 'Segoe UI', Roboto, Helvetica, Arial, sans-serif, 'Apple Color Emoji', 'Segoe UI Emoji', 'Segoe UI Symbol'; position: relative; color: #74787e; font-size: 15px; line-height: 18px; margin: 0; padding: 10px 0;">Night Shift</td>
</tr>
<tr>
<td align="left" style="box-sizing: border-box; font-family: -apple-system, BlinkMacSystemFont, 'Segoe UI', Roboto, Helvetica, Arial, sans-serif, 'Apple Color Emoji', 'Segoe UI Emoji', 'Segoe UI Symbol'; position: relative; color: #74787e; font-size: 15px; line-height: 18px; margin: 0; padding: 10px 0;">01-09-2026 (Tuesday)</td>
<td align="right" style="box-sizing: border-box; font-family: -apple-system, BlinkMacSystemFont, 'Segoe UI', Roboto, Helvetica, Arial, sans-serif, 'Apple Color Emoji', 'Segoe UI Emoji', 'Segoe UI Symbol'; position: relative; color: #74787e; font-size: 15px; line-height: 18px; margin: 0; padding: 10px 0;">Night Shift</td>
</tr>
<tr>
<td align="left" style="box-sizing: border-box; font-family: -apple-system, BlinkMacSystemFont, 'Segoe UI', Roboto, Helvetica, Arial, sans-serif, 'Apple Color Emoji', 'Segoe UI Emoji', 'Segoe UI Symbol'; position: relative; color: #74787e; font-size: 15px; line-height: 18px; margin: 0; padding: 10px 0;">02-09-2026 (Wednesday)</td>
<td align="right" style="box-sizing: border-box; font-family: -apple-system, BlinkMacSystemFont, 'Segoe UI', Roboto, Helvetica, Arial, sans-serif, 'Apple Color Emoji', 'Segoe UI Emoji', 'Segoe UI Symbol'; position: relative; color: #74787e; font-size: 15px; line-height: 18px; margin: 0; padding: 10px 0;">Night Shift</td>
</tr>
<tr>
<td align="left" style="box-sizing: border-box; font-family: -apple-system, BlinkMacSystemFont, 'Segoe UI', Roboto, Helvetica, Arial, sans-serif, 'Apple Color Emoji', 'Segoe UI Emoji', 'Segoe UI Symbol'; position: relative; color: #74787e; font-size: 15px; line-height: 18px; margin: 0; padding: 10px 0;">03-09-2026 (Thursday)</td>
<td align="right" style="box-sizing: border-box; font-family: -apple-system, BlinkMacSystemFont, 'Segoe UI', Roboto, Helvetica, Arial, sans-serif, 'Apple Color Emoji', 'Segoe UI Emoji', 'Segoe UI Symbol'; position: relative; color: #74787e; font-size: 15px; line-height: 18px; margin: 0; padding: 10px 0;">Night Shift</td>
</tr>
<tr>
<td align="left" style="box-sizing: border-box; font-family: -apple-system, BlinkMacSystemFont, 'Segoe UI', Roboto, Helvetica, Arial, sans-serif, 'Apple Color Emoji', 'Segoe UI Emoji', 'Segoe UI Symbol'; position: relative; color: #74787e; font-size: 15px; line-height: 18px; margin: 0; padding: 10px 0;">04-09-2026 (Friday)</td>
<td align="right" style="box-sizing: border-box; font-family: -apple-system, BlinkMacSystemFont, 'Segoe UI', Roboto, Helvetica, Arial, sans-serif, 'Apple Color Emoji', 'Segoe UI Emoji', 'Segoe UI Symbol'; position: relative; color: #74787e; font-size: 15px; line-height: 18px; margin: 0; padding: 10px 0;">Night Shift</td>
</tr>
<tr>
<td align="left" style="box-sizing: border-box; font-family: -apple-system, BlinkMacSystemFont, 'Segoe UI', Roboto, Helvetica, Arial, sans-serif, 'Apple Color Emoji', 'Segoe UI Emoji', 'Segoe UI Symbol'; position: relative; color: #74787e; font-size: 15px; line-height: 18px; margin: 0; padding: 10px 0;">05-09-2026 (Saturday)</td>
<td align="right" style="box-sizing: border-box; font-family: -apple-system, BlinkMacSystemFont, 'Segoe UI', Roboto, Helvetica, Arial, sans-serif, 'Apple Color Emoji', 'Segoe UI Emoji', 'Segoe UI Symbol'; position: relative; color: #74787e; font-size: 15px; line-height: 18px; margin: 0; padding: 10px 0;">Day Shift</td>
</tr>
<tr>
<td align="left" style="box-sizing: border-box; font-family: -apple-system, BlinkMacSystemFont, 'Segoe UI', Roboto, Helvetica, Arial, sans-serif, 'Apple Color Emoji', 'Segoe UI Emoji', 'Segoe UI Symbol'; position: relative; color: #74787e; font-size: 15px; line-height: 18px; margin: 0; padding: 10px 0;">06-09-2026 (Sunday)</td>
<td align="right" style="box-sizing: border-box; font-family: -apple-system, BlinkMacSystemFont, 'Segoe UI', Roboto, Helvetica, Arial, sans-serif, 'Apple Color Emoji', 'Segoe UI Emoji', 'Segoe UI Symbol'; position: relative; color: #74787e; font-size: 15px; line-height: 18px; margin: 0; padding: 10px 0;">Day Shift</td>
</tr>
<tr>
<td align="left" style="box-sizing: border-box; font-family: -apple-system, BlinkMacSystemFont, 'Segoe UI', Roboto, Helvetica, Arial, sans-serif, 'Apple Color Emoji', 'Segoe UI Emoji', 'Segoe UI Symbol'; position: relative; color: #74787e; font-size: 15px; line-height: 18px; margin: 0; padding: 10px 0;">07-09-2026 (Monday)</td>
<td align="right" style="box-sizing: border-box; font-family: -apple-system, BlinkMacSystemFont, 'Segoe UI', Roboto, Helvetica, Arial, sans-serif, 'Apple Color Emoji', 'Segoe UI Emoji', 'Segoe UI Symbol'; position: relative; color: #74787e; font-size: 15px; line-height: 18px; margin: 0; padding: 10px 0;">Night Shift</td>
</tr>
<tr>
<td align="left" style="box-sizing: border-box; font-family: -apple-system, BlinkMacSystemFont, 'Segoe UI', Roboto, Helvetica, Arial, sans-serif, 'Apple Color Emoji', 'Segoe UI Emoji', 'Segoe UI Symbol'; position: relative; color: #74787e; font-size: 15px; line-height: 18px; margin: 0; padding: 10px 0;">08-09-2026 (Tuesday)</td>
<td align="right" style="box-sizing: border-box; font-family: -apple-system, BlinkMacSystemFont, 'Segoe UI', Roboto, Helvetica, Arial, sans-serif, 'Apple Color Emoji', 'Segoe UI Emoji', 'Segoe UI Symbol'; position: relative; color: #74787e; font-size: 15px; line-height: 18px; margin: 0; padding: 10px 0;">Night Shift</td>
</tr>
<tr>
<td align="left" style="box-sizing: border-box; font-family: -apple-system, BlinkMacSystemFont, 'Segoe UI', Roboto, Helvetica, Arial, sans-serif, 'Apple Color Emoji', 'Segoe UI Emoji', 'Segoe UI Symbol'; position: relative; color: #74787e; font-size: 15px; line-height: 18px; margin: 0; padding: 10px 0;">09-09-2026 (Wednesday)</td>
<td align="right" style="box-sizing: border-box; font-family: -apple-system, BlinkMacSystemFont, 'Segoe UI', Roboto, Helvetica, Arial, sans-serif, 'Apple Color Emoji', 'Segoe UI Emoji', 'Segoe UI Symbol'; position: relative; color: #74787e; font-size: 15px; line-height: 18px; margin: 0; padding: 10px 0;">Night Shift</td>
</tr>
<tr>
<td align="left" style="box-sizing: border-box; font-family: -apple-system, BlinkMacSystemFont, 'Segoe UI', Roboto, Helvetica, Arial, sans-serif, 'Apple Color Emoji', 'Segoe UI Emoji', 'Segoe UI Symbol'; position: relative; color: #74787e; font-size: 15px; line-height: 18px; margin: 0; padding: 10px 0;">10-09-2026 (Thursday)</td>
<td align="right" style="box-sizing: border-box; font-family: -apple-system, BlinkMacSystemFont, 'Segoe UI', Roboto, Helvetica, Arial, sans-serif, 'Apple Color Emoji', 'Segoe UI Emoji', 'Segoe UI Symbol'; position: relative; color: #74787e; font-size: 15px; line-height: 18px; margin: 0; padding: 10px 0;">Night Shift</td>
</tr>
<tr>
<td align="left" style="box-sizing: border-box; font-family: -apple-system, BlinkMacSystemFont, 'Segoe UI', Roboto, Helvetica, Arial, sans-serif, 'Apple Color Emoji', 'Segoe UI Emoji', 'Segoe UI Symbol'; position: relative; color: #74787e; font-size: 15px; line-height: 18px; margin: 0; padding: 10px 0;">11-09-2026 (Friday)</td>
<td align="right" style="box-sizing: border-box; font-family: -apple-system, BlinkMacSystemFont, 'Segoe UI', Roboto, Helvetica, Arial, sans-serif, 'Apple Color Emoji', 'Segoe UI Emoji', 'Segoe UI Symbol'; position: relative; color: #74787e; font-size: 15px; line-height: 18px; margin: 0; padding: 10px 0;">Night Shift</td>
</tr>
<tr>
<td align="left" style="box-sizing: border-box; font-family: -apple-system, BlinkMacSystemFont, 'Segoe UI', Roboto, Helvetica, Arial, sans-serif, 'Apple Color Emoji', 'Segoe UI Emoji', 'Segoe UI Symbol'; position: relative; color: #74787e; font-size: 15px; line-height: 18px; margin: 0; padding: 10px 0;">12-09-2026 (Saturday)</td>
<td align="right" style="box-sizing: border-box; font-family: -apple-system, BlinkMacSystemFont, 'Segoe UI', Roboto, Helvetica, Arial, sans-serif, 'Apple Color Emoji', 'Segoe UI Emoji', 'Segoe UI Symbol'; position: relative; color: #74787e; font-size: 15px; line-height: 18px; margin: 0; padding: 10px 0;">Day Shift</td>
</tr>
<tr>
<td align="left" style="box-sizing: border-box; font-family: -apple-system, BlinkMacSystemFont, 'Segoe UI', Roboto, Helvetica, Arial, sans-serif, 'Apple Color Emoji', 'Segoe UI Emoji', 'Segoe UI Symbol'; position: relative; color: #74787e; font-size: 15px; line-height: 18px; margin: 0; padding: 10px 0;">13-09-2026 (Sunday)</td>
<td align="right" style="box-sizing: border-box; font-family: -apple-system, BlinkMacSystemFont, 'Segoe UI', Roboto, Helvetica, Arial, sans-serif, 'Apple Color Emoji', 'Segoe UI Emoji', 'Segoe UI Symbol'; position: relative; color: #74787e; font-size: 15px; line-height: 18px; margin: 0; padding: 10px 0;">Day Shift</td>
</tr>
<tr>
<td align="left" style="box-sizing: border-box; font-family: -apple-system, BlinkMacSystemFont, 'Segoe UI', Roboto, Helvetica, Arial, sans-serif, 'Apple Color Emoji', 'Segoe UI Emoji', 'Segoe UI Symbol'; position: relative; color: #74787e; font-size: 15px; line-height: 18px; margin: 0; padding: 10px 0;">14-09-2026 (Monday)</td>
<td align="right" style="box-sizing: border-box; font-family: -apple-system, BlinkMacSystemFont, 'Segoe UI', Roboto, Helvetica, Arial, sans-serif, 'Apple Color Emoji', 'Segoe UI Emoji', 'Segoe UI Symbol'; position: relative; color: #74787e; font-size: 15px; line-height: 18px; margin: 0; padding: 10px 0;">Night Shift</td>
</tr>
<tr>
<td align="left" style="box-sizing: border-box; font-family: -apple-system, BlinkMacSystemFont, 'Segoe UI', Roboto, Helvetica, Arial, sans-serif, 'Apple Color Emoji', 'Segoe UI Emoji', 'Segoe UI Symbol'; position: relative; color: #74787e; font-size: 15px; line-height: 18px; margin: 0; padding: 10px 0;">15-09-2026 (Tuesday)</td>
<td align="right" style="box-sizing: border-box; font-family: -apple-system, BlinkMacSystemFont, 'Segoe UI', Roboto, Helvetica, Arial, sans-serif, 'Apple Color Emoji', 'Segoe UI Emoji', 'Segoe UI Symbol'; position: relative; color: #74787e; font-size: 15px; line-height: 18px; margin: 0; padding: 10px 0;">Night Shift</td>
</tr>
<tr>
<td align="left" style="box-sizing: border-box; font-family: -apple-system, BlinkMacSystemFont, 'Segoe UI', Roboto, Helvetica, Arial, sans-serif, 'Apple Color Emoji', 'Segoe UI Emoji', 'Segoe UI Symbol'; position: relative; color: #74787e; font-size: 15px; line-height: 18px; margin: 0; padding: 10px 0;">16-09-2026 (Wednesday)</td>
<td align="right" style="box-sizing: border-box; font-family: -apple-system, BlinkMacSystemFont, 'Segoe UI', Roboto, Helvetica, Arial, sans-serif, 'Apple Color Emoji', 'Segoe UI Emoji', 'Segoe UI Symbol'; position: relative; color: #74787e; font-size: 15px; line-height: 18px; margin: 0; padding: 10px 0;">Night Shift</td>
</tr>
<tr>
<td align="left" style="box-sizing: border-box; font-family: -apple-system, BlinkMacSystemFont, 'Segoe UI', Roboto, Helvetica, Arial, sans-serif, 'Apple Color Emoji', 'Segoe UI Emoji', 'Segoe UI Symbol'; position: relative; color: #74787e; font-size: 15px; line-height: 18px; margin: 0; padding: 10px 0;">17-09-2026 (Thursday)</td>
<td align="right" style="box-sizing: border-box; font-family: -apple-system, BlinkMacSystemFont, 'Segoe UI', Roboto, Helvetica, Arial, sans-serif, 'Apple Color Emoji', 'Segoe UI Emoji', 'Segoe UI Symbol'; position: relative; color: #74787e; font-size: 15px; line-height: 18px; margin: 0; padding: 10px 0;">Night Shift</td>
</tr>
<tr>
<td align="left" style="box-sizing: border-box; font-family: -apple-system, BlinkMacSystemFont, 'Segoe UI', Roboto, Helvetica, Arial, sans-serif, 'Apple Color Emoji', 'Segoe UI Emoji', 'Segoe UI Symbol'; position: relative; color: #74787e; font-size: 15px; line-height: 18px; margin: 0; padding: 10px 0;">18-09-2026 (Friday)</td>
<td align="right" style="box-sizing: border-box; font-family: -apple-system, BlinkMacSystemFont, 'Segoe UI', Roboto, Helvetica, Arial, sans-serif, 'Apple Color Emoji', 'Segoe UI Emoji', 'Segoe UI Symbol'; position: relative; color: #74787e; font-size: 15px; line-height: 18px; margin: 0; padding: 10px 0;">Night Shift</td>
</tr>
<tr>
<td align="left" style="box-sizing: border-box; font-family: -apple-system, BlinkMacSystemFont, 'Segoe UI', Roboto, Helvetica, Arial, sans-serif, 'Apple Color Emoji', 'Segoe UI Emoji', 'Segoe UI Symbol'; position: relative; color: #74787e; font-size: 15px; line-height: 18px; margin: 0; padding: 10px 0;">19-09-2026 (Saturday)</td>
<td align="right" style="box-sizing: border-box; font-family: -apple-system, BlinkMacSystemFont, 'Segoe UI', Roboto, Helvetica, Arial, sans-serif, 'Apple Color Emoji', 'Segoe UI Emoji', 'Segoe UI Symbol'; position: relative; color: #74787e; font-size: 15px; line-height: 18px; margin: 0; padding: 10px 0;">Day Shift</td>
</tr>
<tr>
<td align="left" style="box-sizing: border-box; font-family: -apple-system, BlinkMacSystemFont, 'Segoe UI', Roboto, Helvetica, Arial, sans-serif, 'Apple Color Emoji', 'Segoe UI Emoji', 'Segoe UI Symbol'; position: relative; color: #74787e; font-size: 15px; line-height: 18px; margin: 0; padding: 10px 0;">20-09-2026 (Sunday)</td>
<td align="right" style="box-sizing: border-box; font-family: -apple-system, BlinkMacSystemFont, 'Segoe UI', Roboto, Helvetica, Arial, sans-serif, 'Apple Color Emoji', 'Segoe UI Emoji', 'Segoe UI Symbol'; position: relative; color: #74787e; font-size: 15px; line-height: 18px; margin: 0; padding: 10px 0;">Day Shift</td>
</tr>
<tr>
<td align="left" style="box-sizing: border-box; font-family: -apple-system, BlinkMacSystemFont, 'Segoe UI', Roboto, Helvetica, Arial, sans-serif, 'Apple Color Emoji', 'Segoe UI Emoji', 'Segoe UI Symbol'; position: relative; color: #74787e; font-size: 15px; line-height: 18px; margin: 0; padding: 10px 0;">21-09-2026 (Monday)</td>
<td align="right" style="box-sizing: border-box; font-family: -apple-system, BlinkMacSystemFont, 'Segoe UI', Roboto, Helvetica, Arial, sans-serif, 'Apple Color Emoji', 'Segoe UI Emoji', 'Segoe UI Symbol'; position: relative; color: #74787e; font-size: 15px; line-height: 18px; margin: 0; padding: 10px 0;">Night Shift</td>
</tr>
<tr>
<td align="left" style="box-sizing: border-box; font-family: -apple-system, BlinkMacSystemFont, 'Segoe UI', Roboto, Helvetica, Arial, sans-serif, 'Apple Color Emoji', 'Segoe UI Emoji', 'Segoe UI Symbol'; position: relative; color: #74787e; font-size: 15px; line-height: 18px; margin: 0; padding: 10px 0;">22-09-2026 (Tuesday)</td>
<td align="right" style="box-sizing: border-box; font-family: -apple-system, BlinkMacSystemFont, 'Segoe UI', Roboto, Helvetica, Arial, sans-serif, 'Apple Color Emoji', 'Segoe UI Emoji', 'Segoe UI Symbol'; position: relative; color: #74787e; font-size: 15px; line-height: 18px; margin: 0; padding: 10px 0;">Night Shift</td>
</tr>
<tr>
<td align="left" style="box-sizing: border-box; font-family: -apple-system, BlinkMacSystemFont, 'Segoe UI', Roboto, Helvetica, Arial, sans-serif, 'Apple Color Emoji', 'Segoe UI Emoji', 'Segoe UI Symbol'; position: relative; color: #74787e; font-size: 15px; line-height: 18px; margin: 0; padding: 10px 0;">23-09-2026 (Wednesday)</td>
<td align="right" style="box-sizing: border-box; font-family: -apple-system, BlinkMacSystemFont, 'Segoe UI', Roboto, Helvetica, Arial, sans-serif, 'Apple Color Emoji', 'Segoe UI Emoji', 'Segoe UI Symbol'; position: relative; color: #74787e; font-size: 15px; line-height: 18px; margin: 0; padding: 10px 0;">Night Shift</td>
</tr>
<tr>
<td align="left" style="box-sizing: border-box; font-family: -apple-system, BlinkMacSystemFont, 'Segoe UI', Roboto, Helvetica, Arial, sans-serif, 'Apple Color Emoji', 'Segoe UI Emoji', 'Segoe UI Symbol'; position: relative; color: #74787e; font-size: 15px; line-height: 18px; margin: 0; padding: 10px 0;">24-09-2026 (Thursday)</td>
<td align="right" style="box-sizing: border-box; font-family: -apple-system, BlinkMacSystemFont, 'Segoe UI', Roboto, Helvetica, Arial, sans-serif, 'Apple Color Emoji', 'Segoe UI Emoji', 'Segoe UI Symbol'; position: relative; color: #74787e; font-size: 15px; line-height: 18px; margin: 0; padding: 10px 0;">Night Shift</td>
</tr>
<tr>
<td align="left" style="box-sizing: border-box; font-family: -apple-system, BlinkMacSystemFont, 'Segoe UI', Roboto, Helvetica, Arial, sans-serif, 'Apple Color Emoji', 'Segoe UI Emoji', 'Segoe UI Symbol'; position: relative; color: #74787e; font-size: 15px; line-height: 18px; margin: 0; padding: 10px 0;">25-09-2026 (Friday)</td>
<td align="right" style="box-sizing: border-box; font-family: -apple-system, BlinkMacSystemFont, 'Segoe UI', Roboto, Helvetica, Arial, sans-serif, 'Apple Color Emoji', 'Segoe UI Emoji', 'Segoe UI Symbol'; position: relative; color: #74787e; font-size: 15px; line-height: 18px; margin: 0; padding: 10px 0;">Night Shift</td>
</tr>
<tr>
<td align="left" style="box-sizing: border-box; font-family: -apple-system, BlinkMacSystemFont, 'Segoe UI', Roboto, Helvetica, Arial, sans-serif, 'Apple Color Emoji', 'Segoe UI Emoji', 'Segoe UI Symbol'; position: relative; color: #74787e; font-size: 15px; line-height: 18px; margin: 0; padding: 10px 0;">26-09-2026 (Saturday)</td>
<td align="right" style="box-sizing: border-box; font-family: -apple-system, BlinkMacSystemFont, 'Segoe UI', Roboto, Helvetica, Arial, sans-serif, 'Apple Color Emoji', 'Segoe UI Emoji', 'Segoe UI Symbol'; position: relative; color: #74787e; font-size: 15px; line-height: 18px; margin: 0; padding: 10px 0;">Day Shift</td>
</tr>
<tr>
<td align="left" style="box-sizing: border-box; font-family: -apple-system, BlinkMacSystemFont, 'Segoe UI', Roboto, Helvetica, Arial, sans-serif, 'Apple Color Emoji', 'Segoe UI Emoji', 'Segoe UI Symbol'; position: relative; color: #74787e; font-size: 15px; line-height: 18px; margin: 0; padding: 10px 0;">27-09-2026 (Sunday)</td>
<td align="right" style="box-sizing: border-box; font-family: -apple-system, BlinkMacSystemFont, 'Segoe UI', Roboto, Helvetica, Arial, sans-serif, 'Apple Color Emoji', 'Segoe UI Emoji', 'Segoe UI Symbol'; position: relative; color: #74787e; font-size: 15px; line-height: 18px; margin: 0; padding: 10px 0;">Day Shift</td>
</tr>
<tr>
<td align="left" style="box-sizing: border-box; font-family: -apple-system, BlinkMacSystemFont, 'Segoe UI', Roboto, Helvetica, Arial, sans-serif, 'Apple Color Emoji', 'Segoe UI Emoji', 'Segoe UI Symbol'; position: relative; color: #74787e; font-size: 15px; line-height: 18px; margin: 0; padding: 10px 0;">28-09-2026 (Monday)</td>
<td align="right" style="box-sizing: border-box; font-family: -apple-system, BlinkMacSystemFont, 'Segoe UI', Roboto, Helvetica, Arial, sans-serif, 'Apple Color Emoji', 'Segoe UI Emoji', 'Segoe UI Symbol'; position: relative; color: #74787e; font-size: 15px; line-height: 18px; margin: 0; padding: 10px 0;">Night Shift</td>
</tr>
<tr>
<td align="left" style="box-sizing: border-box; font-family: -apple-system, BlinkMacSystemFont, 'Segoe UI', Roboto, Helvetica, Arial, sans-serif, 'Apple Color Emoji', 'Segoe UI Emoji', 'Segoe UI Symbol'; position: relative; color: #74787e; font-size: 15px; line-height: 18px; margin: 0; padding: 10px 0;">29-09-2026 (Tuesday)</td>
<td align="right" style="box-sizing: border-box; font-family: -apple-system, BlinkMacSystemFont, 'Segoe UI', Roboto, Helvetica, Arial, sans-serif, 'Apple Color Emoji', 'Segoe UI Emoji', 'Segoe UI Symbol'; position: relative; color: #74787e; font-size: 15px; line-height: 18px; margin: 0; padding: 10px 0;">Night Shift</td>
</tr>
<tr>
<td align="left" style="box-sizing: border-box; font-family: -apple-system, BlinkMacSystemFont, 'Segoe UI', Roboto, Helvetica, Arial, sans-serif, 'Apple Color Emoji', 'Segoe UI Emoji', 'Segoe UI Symbol'; position: relative; color: #74787e; font-size: 15px; line-height: 18px; margin: 0; padding: 10px 0;">30-09-2026 (Wednesday)</td>
<td align="right" style="box-sizing: border-box; font-family: -apple-system, BlinkMacSystemFont, 'Segoe UI', Roboto, Helvetica, Arial, sans-serif, 'Apple Color Emoji', 'Segoe UI Emoji', 'Segoe UI Symbol'; position: relative; color: #74787e; font-size: 15px; line-height: 18px; margin: 0; padding: 10px 0;">Night Shift</td>
</tr>
<tr>
<td align="left" style="box-sizing: border-box; font-family: -apple-system, BlinkMacSystemFont, 'Segoe UI', Roboto, Helvetica, Arial, sans-serif, 'Apple Color Emoji', 'Segoe UI Emoji', 'Segoe UI Symbol'; position: relative; color: #74787e; font-size: 15px; line-height: 18px; margin: 0; padding: 10px 0;">01-10-2026 (Thursday)</td>
<td align="right" style="box-sizing: border-box; font-family: -apple-system, BlinkMacSystemFont, 'Segoe UI', Roboto, Helvetica, Arial, sans-serif, 'Apple Color Emoji', 'Segoe UI Emoji', 'Segoe UI Symbol'; position: relative; color: #74787e; font-size: 15px; line-height: 18px; margin: 0; padding: 10px 0;">Night Shift</td>
</tr>
<tr>
<td align="left" style="box-sizing: border-box; font-family: -apple-system, BlinkMacSystemFont, 'Segoe UI', Roboto, Helvetica, Arial, sans-serif, 'Apple Color Emoji', 'Segoe UI Emoji', 'Segoe UI Symbol'; position: relative; color: #74787e; font-size: 15px; line-height: 18px; margin: 0; padding: 10px 0;">02-10-2026 (Friday)</td>
<td align="right" style="box-sizing: border-box; font-family: -apple-system, BlinkMacSystemFont, 'Segoe UI', Roboto, Helvetica, Arial, sans-serif, 'Apple Color Emoji', 'Segoe UI Emoji', 'Segoe UI Symbol'; position: relative; color: #74787e; font-size: 15px; line-height: 18px; margin: 0; padding: 10px 0;">Night Shift</td>
</tr>
<tr>
<td align="left" style="box-sizing: border-box; font-family: -apple-system, BlinkMacSystemFont, 'Segoe UI', Roboto, Helvetica, Arial, sans-serif, 'Apple Color Emoji', 'Segoe UI Emoji', 'Segoe UI Symbol'; position: relative; color: #74787e; font-size: 15px; line-height: 18px; margin: 0; padding: 10px 0;">03-10-2026 (Saturday)</td>
<td align="right" style="box-sizing: border-box; font-family: -apple-system, BlinkMacSystemFont, 'Segoe UI', Roboto, Helvetica, Arial, sans-serif, 'Apple Color Emoji', 'Segoe UI Emoji', 'Segoe UI Symbol'; position: relative; color: #74787e; font-size: 15px; line-height: 18px; margin: 0; padding: 10px 0;">Day Shift</td>
</tr>
<tr>
<td align="left" style="box-sizing: border-box; font-family: -apple-system, BlinkMacSystemFont, 'Segoe UI', Roboto, Helvetica, Arial, sans-serif, 'Apple Color Emoji', 'Segoe UI Emoji', 'Segoe UI Symbol'; position: relative; color: #74787e; font-size: 15px; line-height: 18px; margin: 0; padding: 10px 0;">04-10-2026 (Sunday)</td>
<td align="right" style="box-sizing: border-box; font-family: -apple-system, BlinkMacSystemFont, 'Segoe UI', Roboto, Helvetica, Arial, sans-serif, 'Apple Color Emoji', 'Segoe UI Emoji', 'Segoe UI Symbol'; position: relative; color: #74787e; font-size: 15px; line-height: 18px; margin: 0; padding: 10px 0;">Day Shift</td>
</tr>
<tr>
<td align="left" style="box-sizing: border-box; font-family: -apple-system, BlinkMacSystemFont, 'Segoe UI', Roboto, Helvetica, Arial, sans-serif, 'Apple Color Emoji', 'Segoe UI Emoji', 'Segoe UI Symbol'; position: relative; color: #74787e; font-size: 15px; line-height: 18px; margin: 0; padding: 10px 0;">05-10-2026 (Monday)</td>
<td align="right" style="box-sizing: border-box; font-family: -apple-system, BlinkMacSystemFont, 'Segoe UI', Roboto, Helvetica, Arial, sans-serif, 'Apple Color Emoji', 'Segoe UI Emoji', 'Segoe UI Symbol'; position: relative; color: #74787e; font-size: 15px; line-height: 18px; margin: 0; padding: 10px 0;">Night Shift</td>
</tr>
<tr>
<td align="left" style="box-sizing: border-box; font-family: -apple-system, BlinkMacSystemFont, 'Segoe UI', Roboto, Helvetica, Arial, sans-serif, 'Apple Color Emoji', 'Segoe UI Emoji', 'Segoe UI Symbol'; position: relative; color: #74787e; font-size: 15px; line-height: 18px; margin: 0; padding: 10px 0;">06-10-2026 (Tuesday)</td>
<td align="right" style="box-sizing: border-box; font-family: -apple-system, BlinkMacSystemFont, 'Segoe UI', Roboto, Helvetica, Arial, sans-serif, 'Apple Color Emoji', 'Segoe UI Emoji', 'Segoe UI Symbol'; position: relative; color: #74787e; font-size: 15px; line-height: 18px; margin: 0; padding: 10px 0;">Night Shift</td>
</tr>
<tr>
<td align="left" style="box-sizing: border-box; font-family: -apple-system, BlinkMacSystemFont, 'Segoe UI', Roboto, Helvetica, Arial, sans-serif, 'Apple Color Emoji', 'Segoe UI Emoji', 'Segoe UI Symbol'; position: relative; color: #74787e; font-size: 15px; line-height: 18px; margin: 0; padding: 10px 0;">07-10-2026 (Wednesday)</td>
<td align="right" style="box-sizing: border-box; font-family: -apple-system, BlinkMacSystemFont, 'Segoe UI', Roboto, Helvetica, Arial, sans-serif, 'Apple Color Emoji', 'Segoe UI Emoji', 'Segoe UI Symbol'; position: relative; color: #74787e; font-size: 15px; line-height: 18px; margin: 0; padding: 10px 0;">Night Shift</td>
</tr>
<tr>
<td align="left" style="box-sizing: border-box; font-family: -apple-system, BlinkMacSystemFont, 'Segoe UI', Roboto, Helvetica, Arial, sans-serif, 'Apple Color Emoji', 'Segoe UI Emoji', 'Segoe UI Symbol'; position: relative; color: #74787e; font-size: 15px; line-height: 18px; margin: 0; padding: 10px 0;">08-10-2026 (Thursday)</td>
<td align="right" style="box-sizing: border-box; font-family: -apple-system, BlinkMacSystemFont, 'Segoe UI', Roboto, Helvetica, Arial, sans-serif, 'Apple Color Emoji', 'Segoe UI Emoji', 'Segoe UI Symbol'; position: relative; color: #74787e; font-size: 15px; line-height: 18px; margin: 0; padding: 10px 0;">Night Shift</td>
</tr>
<tr>
<td align="left" style="box-sizing: border-box; font-family: -apple-system, BlinkMacSystemFont, 'Segoe UI', Roboto, Helvetica, Arial, sans-serif, 'Apple Color Emoji', 'Segoe UI Emoji', 'Segoe UI Symbol'; position: relative; color: #74787e; font-size: 15px; line-height: 18px; margin: 0; padding: 10px 0;">09-10-2026 (Friday)</td>
<td align="right" style="box-sizing: border-box; font-family: -apple-system, BlinkMacSystemFont, 'Segoe UI', Roboto, Helvetica, Arial, sans-serif, 'Apple Color Emoji', 'Segoe UI Emoji', 'Segoe UI Symbol'; position: relative; color: #74787e; font-size: 15px; line-height: 18px; margin: 0; padding: 10px 0;">Night Shift</td>
</tr>
<tr>
<td align="left" style="box-sizing: border-box; font-family: -apple-system, BlinkMacSystemFont, 'Segoe UI', Roboto, Helvetica, Arial, sans-serif, 'Apple Color Emoji', 'Segoe UI Emoji', 'Segoe UI Symbol'; position: relative; color: #74787e; font-size: 15px; line-height: 18px; margin: 0; padding: 10px 0;">10-10-2026 (Saturday)</td>
<td align="right" style="box-sizing: border-box; font-family: -apple-system, BlinkMacSystemFont, 'Segoe UI', Roboto, Helvetica, Arial, sans-serif, 'Apple Color Emoji', 'Segoe UI Emoji', 'Segoe UI Symbol'; position: relative; color: #74787e; font-size: 15px; line-height: 18px; margin: 0; padding: 10px 0;">Day Shift</td>
</tr>
<tr>
<td align="left" style="box-sizing: border-box; font-family: -apple-system, BlinkMacSystemFont, 'Segoe UI', Roboto, Helvetica, Arial, sans-serif, 'Apple Color Emoji', 'Segoe UI Emoji', 'Segoe UI Symbol'; position: relative; color: #74787e; font-size: 15px; line-height: 18px; margin: 0; padding: 10px 0;">11-10-2026 (Sunday)</td>
<td align="right" style="box-sizing: border-box; font-family: -apple-system, BlinkMacSystemFont, 'Segoe UI', Roboto, Helvetica, Arial, sans-serif, 'Apple Color Emoji', 'Segoe UI Emoji', 'Segoe UI Symbol'; position: relative; color: #74787e; font-size: 15px; line-height: 18px; margin: 0; padding: 10px 0;">Day Shift</td>
</tr>
<tr>
<td align="left" style="box-sizing: border-box; font-family: -apple-system, BlinkMacSystemFont, 'Segoe UI', Roboto, Helvetica, Arial, sans-serif, 'Apple Color Emoji', 'Segoe UI Emoji', 'Segoe UI Symbol'; position: relative; color: #74787e; font-size: 15px; line-height: 18px; margin: 0; padding: 10px 0;">12-10-2026 (Monday)</td>
<td align="right" style="box-sizing: border-box; font-family: -apple-system, BlinkMacSystemFont, 'Segoe UI', Roboto, Helvetica, Arial, sans-serif, 'Apple Color Emoji', 'Segoe UI Emoji', 'Segoe UI Symbol'; position: relative; color: #74787e; font-size: 15px; line-height: 18px; margin: 0; padding: 10px 0;">Night Shift</td>
</tr>
<tr>
<td align="left" style="box-sizing: border-box; font-family: -apple-system, BlinkMacSystemFont, 'Segoe UI', Roboto, Helvetica, Arial, sans-serif, 'Apple Color Emoji', 'Segoe UI Emoji', 'Segoe UI Symbol'; position: relative; color: #74787e; font-size: 15px; line-height: 18px; margin: 0; padding: 10px 0;">13-10-2026 (Tuesday)</td>
<td align="right" style="box-sizing: border-box; font-family: -apple-system, BlinkMacSystemFont, 'Segoe UI', Roboto, Helvetica, Arial, sans-serif, 'Apple Color Emoji', 'Segoe UI Emoji', 'Segoe UI Symbol'; position: relative; color: #74787e; font-size: 15px; line-height: 18px; margin: 0; padding: 10px 0;">Night Shift</td>
</tr>
<tr>
<td align="left" style="box-sizing: border-box; font-family: -apple-system, BlinkMacSystemFont, 'Segoe UI', Roboto, Helvetica, Arial, sans-serif, 'Apple Color Emoji', 'Segoe UI Emoji', 'Segoe UI Symbol'; position: relative; color: #74787e; font-size: 15px; line-height: 18px; margin: 0; padding: 10px 0;">14-10-2026 (Wednesday)</td>
<td align="right" style="box-sizing: border-box; font-family: -apple-system, BlinkMacSystemFont, 'Segoe UI', Roboto, Helvetica, Arial, sans-serif, 'Apple Color Emoji', 'Segoe UI Emoji', 'Segoe UI Symbol'; position: relative; color: #74787e; font-size: 15px; line-height: 18px; margin: 0; padding: 10px 0;">Night Shift</td>
</tr>
<tr>
<td align="left" style="box-sizing: border-box; font-family: -apple-system, BlinkMacSystemFont, 'Segoe UI', Roboto, Helvetica, Arial, sans-serif, 'Apple Color Emoji', 'Segoe UI Emoji', 'Segoe UI Symbol'; position: relative; color: #74787e; font-size: 15px; line-height: 18px; margin: 0; padding: 10px 0;">15-10-2026 (Thursday)</td>
<td align="right" style="box-sizing: border-box; font-family: -apple-system, BlinkMacSystemFont, 'Segoe UI', Roboto, Helvetica, Arial, sans-serif, 'Apple Color Emoji', 'Segoe UI Emoji', 'Segoe UI Symbol'; position: relative; color: #74787e; font-size: 15px; line-height: 18px; margin: 0; padding: 10px 0;">Night Shift</td>
</tr>
<tr>
<td align="left" style="box-sizing: border-box; font-family: -apple-system, BlinkMacSystemFont, 'Segoe UI', Roboto, Helvetica, Arial, sans-serif, 'Apple Color Emoji', 'Segoe UI Emoji', 'Segoe UI Symbol'; position: relative; color: #74787e; font-size: 15px; line-height: 18px; margin: 0; padding: 10px 0;">16-10-2026 (Friday)</td>
<td align="right" style="box-sizing: border-box; font-family: -apple-system, BlinkMacSystemFont, 'Segoe UI', Roboto, Helvetica, Arial, sans-serif, 'Apple Color Emoji', 'Segoe UI Emoji', 'Segoe UI Symbol'; position: relative; color: #74787e; font-size: 15px; line-height: 18px; margin: 0; padding: 10px 0;">Night Shift</td>
</tr>
<tr>
<td align="left" style="box-sizing: border-box; font-family: -apple-system, BlinkMacSystemFont, 'Segoe UI', Roboto, Helvetica, Arial, sans-serif, 'Apple Color Emoji', 'Segoe UI Emoji', 'Segoe UI Symbol'; position: relative; color: #74787e; font-size: 15px; line-height: 18px; margin: 0; padding: 10px 0;">17-10-2026 (Saturday)</td>
<td align="right" style="box-sizing: border-box; font-family: -apple-system, BlinkMacSystemFont, 'Segoe UI', Roboto, Helvetica, Arial, sans-serif, 'Apple Color Emoji', 'Segoe UI Emoji', 'Segoe UI Symbol'; position: relative; color: #74787e; font-size: 15px; line-height: 18px; margin: 0; padding: 10px 0;">Day Shift</td>
</tr>
<tr>
<td align="left" style="box-sizing: border-box; font-family: -apple-system, BlinkMacSystemFont, 'Segoe UI', Roboto, Helvetica, Arial, sans-serif, 'Apple Color Emoji', 'Segoe UI Emoji', 'Segoe UI Symbol'; position: relative; color: #74787e; font-size: 15px; line-height: 18px; margin: 0; padding: 10px 0;">18-10-2026 (Sunday)</td>
<td align="right" style="box-sizing: border-box; font-family: -apple-system, BlinkMacSystemFont, 'Segoe UI', Roboto, Helvetica, Arial, sans-serif, 'Apple Color Emoji', 'Segoe UI Emoji', 'Segoe UI Symbol'; position: relative; color: #74787e; font-size: 15px; line-height: 18px; margin: 0; padding: 10px 0;">Day Shift</td>
</tr>
<tr>
<td align="left" style="box-sizing: border-box; font-family: -apple-system, BlinkMacSystemFont, 'Segoe UI', Roboto, Helvetica, Arial, sans-serif, 'Apple Color Emoji', 'Segoe UI Emoji', 'Segoe UI Symbol'; position: relative; color: #74787e; font-size: 15px; line-height: 18px; margin: 0; padding: 10px 0;">19-10-2026 (Monday)</td>
<td align="right" style="box-sizing: border-box; font-family: -apple-system, BlinkMacSystemFont, 'Segoe UI', Roboto, Helvetica, Arial, sans-serif, 'Apple Color Emoji', 'Segoe UI Emoji', 'Segoe UI Symbol'; position: relative; color: #74787e; font-size: 15px; line-height: 18px; margin: 0; padding: 10px 0;">Night Shift</td>
</tr>
<tr>
<td align="left" style="box-sizing: border-box; font-family: -apple-system, BlinkMacSystemFont, 'Segoe UI', Roboto, Helvetica, Arial, sans-serif, 'Apple Color Emoji', 'Segoe UI Emoji', 'Segoe UI Symbol'; position: relative; color: #74787e; font-size: 15px; line-height: 18px; margin: 0; padding: 10px 0;">20-10-2026 (Tuesday)</td>
<td align="right" style="box-sizing: border-box; font-family: -apple-system, BlinkMacSystemFont, 'Segoe UI', Roboto, Helvetica, Arial, sans-serif, 'Apple Color Emoji', 'Segoe UI Emoji', 'Segoe UI Symbol'; position: relative; color: #74787e; font-size: 15px; line-height: 18px; margin: 0; padding: 10px 0;">Night Shift</td>
</tr>
<tr>
<td align="left" style="box-sizing: border-box; font-family: -apple-system, BlinkMacSystemFont, 'Segoe UI', Roboto, Helvetica, Arial, sans-serif, 'Apple Color Emoji', 'Segoe UI Emoji', 'Segoe UI Symbol'; position: relative; color: #74787e; font-size: 15px; line-height: 18px; margin: 0; padding: 10px 0;">21-10-2026 (Wednesday)</td>
<td align="right" style="box-sizing: border-box; font-family: -apple-system, BlinkMacSystemFont, 'Segoe UI', Roboto, Helvetica, Arial, sans-serif, 'Apple Color Emoji', 'Segoe UI Emoji', 'Segoe UI Symbol'; position: relative; color: #74787e; font-size: 15px; line-height: 18px; margin: 0; padding: 10px 0;">Night Shift</td>
</tr>
<tr>
<td align="left" style="box-sizing: border-box; font-family: -apple-system, BlinkMacSystemFont, 'Segoe UI', Roboto, Helvetica, Arial, sans-serif, 'Apple Color Emoji', 'Segoe UI Emoji', 'Segoe UI Symbol'; position: relative; color: #74787e; font-size: 15px; line-height: 18px; margin: 0; padding: 10px 0;">22-10-2026 (Thursday)</td>
<td align="right" style="box-sizing: border-box; font-family: -apple-system, BlinkMacSystemFont, 'Segoe UI', Roboto, Helvetica, Arial, sans-serif, 'Apple Color Emoji', 'Segoe UI Emoji', 'Segoe UI Symbol'; position: relative; color: #74787e; font-size: 15px; line-height: 18px; margin: 0; padding: 10px 0;">Night Shift</td>
</tr>
<tr>
<td align="left" style="box-sizing: border-box; font-family: -apple-system, BlinkMacSystemFont, 'Segoe UI', Roboto, Helvetica, Arial, sans-serif, 'Apple Color Emoji', 'Segoe UI Emoji', 'Segoe UI Symbol'; position: relative; color: #74787e; font-size: 15px; line-height: 18px; margin: 0; padding: 10px 0;">23-10-2026 (Friday)</td>
<td align="right" style="box-sizing: border-box; font-family: -apple-system, BlinkMacSystemFont, 'Segoe UI', Roboto, Helvetica, Arial, sans-serif, 'Apple Color Emoji', 'Segoe UI Emoji', 'Segoe UI Symbol'; position: relative; color: #74787e; font-size: 15px; line-height: 18px; margin: 0; padding: 10px 0;">Night Shift</td>
</tr>
<tr>
<td align="left" style="box-sizing: border-box; font-family: -apple-system, BlinkMacSystemFont, 'Segoe UI', Roboto, Helvetica, Arial, sans-serif, 'Apple Color Emoji', 'Segoe UI Emoji', 'Segoe UI Symbol'; position: relative; color: #74787e; font-size: 15px; line-height: 18px; margin: 0; padding: 10px 0;">24-10-2026 (Saturday)</td>
<td align="right" style="box-sizing: border-box; font-family: -apple-system, BlinkMacSystemFont, 'Segoe UI', Roboto, Helvetica, Arial, sans-serif, 'Apple Color Emoji', 'Segoe UI Emoji', 'Segoe UI Symbol'; position: relative; color: #74787e; font-size: 15px; line-height: 18px; margin: 0; padding: 10px 0;">Day Shift</td>
</tr>
<tr>
<td align="left" style="box-sizing: border-box; font-family: -apple-system, BlinkMacSystemFont, 'Segoe UI', Roboto, Helvetica, Arial, sans-serif, 'Apple Color Emoji', 'Segoe UI Emoji', 'Segoe UI Symbol'; position: relative; color: #74787e; font-size: 15px; line-height: 18px; margin: 0; padding: 10px 0;">25-10-2026 (Sunday)</td>
<td align="right" style="box-sizing: border-box; font-family: -apple-system, BlinkMacSystemFont, 'Segoe UI', Roboto, Helvetica, Arial, sans-serif, 'Apple Color Emoji', 'Segoe UI Emoji', 'Segoe UI Symbol'; position: relative; color: #74787e; font-size: 15px; line-height: 18px; margin: 0; padding: 10px 0;">Day Shift</td>
</tr>
<tr>
<td align="left" style="box-sizing: border-box; font-family: -apple-system, BlinkMacSystemFont, 'Segoe UI', Roboto, Helvetica, Arial, sans-serif, 'Apple Color Emoji', 'Segoe UI Emoji', 'Segoe UI Symbol'; position: relative; color: #74787e; font-size: 15px; line-height: 18px; margin: 0; padding: 10px 0;">26-10-2026 (Monday)</td>
<td align="right" style="box-sizing: border-box; font-family: -apple-system, BlinkMacSystemFont, 'Segoe UI', Roboto, Helvetica, Arial, sans-serif, 'Apple Color Emoji', 'Segoe UI Emoji', 'Segoe UI Symbol'; position: relative; color: #74787e; font-size: 15px; line-height: 18px; margin: 0; padding: 10px 0;">Night Shift</td>
</tr>
<tr>
<td align="left" style="box-sizing: border-box; font-family: -apple-system, BlinkMacSystemFont, 'Segoe UI', Roboto, Helvetica, Arial, sans-serif, 'Apple Color Emoji', 'Segoe UI Emoji', 'Segoe UI Symbol'; position: relative; color: #74787e; font-size: 15px; line-height: 18px; margin: 0; padding: 10px 0;">27-10-2026 (Tuesday)</td>
<td align="right" style="box-sizing: border-box; font-family: -apple-system, BlinkMacSystemFont, 'Segoe UI', Roboto, Helvetica, Arial, sans-serif, 'Apple Color Emoji', 'Segoe UI Emoji', 'Segoe UI Symbol'; position: relative; color: #74787e; font-size: 15px; line-height: 18px; margin: 0; padding: 10px 0;">Night Shift</td>
</tr>
<tr>
<td align="left" style="box-sizing: border-box; font-family: -apple-system, BlinkMacSystemFont, 'Segoe UI', Roboto, Helvetica, Arial, sans-serif, 'Apple Color Emoji', 'Segoe UI Emoji', 'Segoe UI Symbol'; position: relative; color: #74787e; font-size: 15px; line-height: 18px; margin: 0; padding: 10px 0;">28-10-2026 (Wednesday)</td>
<td align="right" style="box-sizing: border-box; font-family: -apple-system, BlinkMacSystemFont, 'Segoe UI', Roboto, Helvetica, Arial, sans-serif, 'Apple Color Emoji', 'Segoe UI Emoji', 'Segoe UI Symbol'; position: relative; color: #74787e; font-size: 15px; line-height: 18px; margin: 0; padding: 10px 0;">Night Shift</td>
</tr>
<tr>
<td align="left" style="box-sizing: border-box; font-family: -apple-system, BlinkMacSystemFont, 'Segoe UI', Roboto, Helvetica, Arial, sans-serif, 'Apple Color Emoji', 'Segoe UI Emoji', 'Segoe UI Symbol'; position: relative; color: #74787e; font-size: 15px; line-height: 18px; margin: 0; padding: 10px 0;">29-10-2026 (Thursday)</td>
<td align="right" style="box-sizing: border-box; font-family: -apple-system, BlinkMacSystemFont, 'Segoe UI', Roboto, Helvetica, Arial, sans-serif, 'Apple Color Emoji', 'Segoe UI Emoji', 'Segoe UI Symbol'; position: relative; color: #74787e; font-size: 15px; line-height: 18px; margin: 0; padding: 10px 0;">Night Shift</td>
</tr>
<tr>
<td align="left" style="box-sizing: border-box; font-family: -apple-system, BlinkMacSystemFont, 'Segoe UI', Roboto, Helvetica, Arial, sans-serif, 'Apple Color Emoji', 'Segoe UI Emoji', 'Segoe UI Symbol'; position: relative; color: #74787e; font-size: 15px; line-height: 18px; margin: 0; padding: 10px 0;">30-10-2026 (Friday)</td>
<td align="right" style="box-sizing: border-box; font-family: -apple-system, BlinkMacSystemFont, 'Segoe UI', Roboto, Helvetica, Arial, sans-serif, 'Apple Color Emoji', 'Segoe UI Emoji', 'Segoe UI Symbol'; position: relative; color: #74787e; font-size: 15px; line-height: 18px; margin: 0; padding: 10px 0;">Night Shift</td>
</tr>
<tr>
<td align="left" style="box-sizing: border-box; font-family: -apple-system, BlinkMacSystemFont, 'Segoe UI', Roboto, Helvetica, Arial, sans-serif, 'Apple Color Emoji', 'Segoe UI Emoji', 'Segoe UI Symbol'; position: relative; color: #74787e; font-size: 15px; line-height: 18px; margin: 0; padding: 10px 0;">31-10-2026 (Saturday)</td>
<td align="right" style="box-sizing: border-box; font-family: -apple-system, BlinkMacSystemFont, 'Segoe UI', Roboto, Helvetica, Arial, sans-serif, 'Apple Color Emoji', 'Segoe UI Emoji', 'Segoe UI Symbol'; position: relative; color: #74787e; font-size: 15px; line-height: 18px; margin: 0; padding: 10px 0;">Day Shift</td>
</tr>
<tr>
<td align="left" style="box-sizing: border-box; font-family: -apple-system, BlinkMacSystemFont, 'Segoe UI', Roboto, Helvetica, Arial, sans-serif, 'Apple Color Emoji', 'Segoe UI Emoji', 'Segoe UI Symbol'; position: relative; color: #74787e; font-size: 15px; line-height: 18px; margin: 0; padding: 10px 0;">01-11-2026 (Sunday)</td>
<td align="right" style="box-sizing: border-box; font-family: -apple-system, BlinkMacSystemFont, 'Segoe UI', Roboto, Helvetica, Arial, sans-serif, 'Apple Color Emoji', 'Segoe UI Emoji', 'Segoe UI Symbol'; position: relative; color: #74787e; font-size: 15px; line-height: 18px; margin: 0; padding: 10px 0;">Day Shift</td>
</tr>
<tr>
<td align="left" style="box-sizing: border-box; font-family: -apple-system, BlinkMacSystemFont, 'Segoe UI', Roboto, Helvetica, Arial, sans-serif, 'Apple Color Emoji', 'Segoe UI Emoji', 'Segoe UI Symbol'; position: relative; color: #74787e; font-size: 15px; line-height: 18px; margin: 0; padding: 10px 0;">02-11-2026 (Monday)</td>
<td align="right" style="box-sizing: border-box; font-family: -apple-system, BlinkMacSystemFont, 'Segoe UI', Roboto, Helvetica, Arial, sans-serif, 'Apple Color Emoji', 'Segoe UI Emoji', 'Segoe UI Symbol'; position: relative; color: #74787e; font-size: 15px; line-height: 18px; margin: 0; padding: 10px 0;">Night Shift</td>
</tr>
<tr>
<td align="left" style="box-sizing: border-box; font-family: -apple-system, BlinkMacSystemFont, 'Segoe UI', Roboto, Helvetica, Arial, sans-serif, 'Apple Color Emoji', 'Segoe UI Emoji', 'Segoe UI Symbol'; position: relative; color: #74787e; font-size: 15px; line-height: 18px; margin: 0; padding: 10px 0;">03-11-2026 (Tuesday)</td>
<td align="right" style="box-sizing: border-box; font-family: -apple-system, BlinkMacSystemFont, 'Segoe UI', Roboto, Helvetica, Arial, sans-serif, 'Apple Color Emoji', 'Segoe UI Emoji', 'Segoe UI Symbol'; position: relative; color: #74787e; font-size: 15px; line-height: 18px; margin: 0; padding: 10px 0;">Night Shift</td>
</tr>
<tr>
<td align="left" style="box-sizing: border-box; font-family: -apple-system, BlinkMacSystemFont, 'Segoe UI', Roboto, Helvetica, Arial, sans-serif, 'Apple Color Emoji', 'Segoe UI Emoji', 'Segoe UI Symbol'; position: relative; color: #74787e; font-size: 15px; line-height: 18px; margin: 0; padding: 10px 0;">04-11-2026 (Wednesday)</td>
<td align="right" style="box-sizing: border-box; font-family: -apple-system, BlinkMacSystemFont, 'Segoe UI', Roboto, Helvetica, Arial, sans-serif, 'Apple Color Emoji', 'Segoe UI Emoji', 'Segoe UI Symbol'; position: relative; color: #74787e; font-size: 15px; line-height: 18px; margin: 0; padding: 10px 0;">Night Shift</td>
</tr>
<tr>
<td align="left" style="box-sizing: border-box; font-family: -apple-system, BlinkMacSystemFont, 'Segoe UI', Roboto, Helvetica, Arial, sans-serif, 'Apple Color Emoji', 'Segoe UI Emoji', 'Segoe UI Symbol'; position: relative; color: #74787e; font-size: 15px; line-height: 18px; margin: 0; padding: 10px 0;">05-11-2026 (Thursday)</td>
<td align="right" style="box-sizing: border-box; font-family: -apple-system, BlinkMacSystemFont, 'Segoe UI', Roboto, Helvetica, Arial, sans-serif, 'Apple Color Emoji', 'Segoe UI Emoji', 'Segoe UI Symbol'; position: relative; color: #74787e; font-size: 15px; line-height: 18px; margin: 0; padding: 10px 0;">Night Shift</td>
</tr>
<tr>
<td align="left" style="box-sizing: border-box; font-family: -apple-system, BlinkMacSystemFont, 'Segoe UI', Roboto, Helvetica, Arial, sans-serif, 'Apple Color Emoji', 'Segoe UI Emoji', 'Segoe UI Symbol'; position: relative; color: #74787e; font-size: 15px; line-height: 18px; margin: 0; padding: 10px 0;">06-11-2026 (Friday)</td>
<td align="right" style="box-sizing: border-box; font-family: -apple-system, BlinkMacSystemFont, 'Segoe UI', Roboto, Helvetica, Arial, sans-serif, 'Apple Color Emoji', 'Segoe UI Emoji', 'Segoe UI Symbol'; position: relative; color: #74787e; font-size: 15px; line-height: 18px; margin: 0; padding: 10px 0;">Night Shift</td>
</tr>
<tr>
<td align="left" style="box-sizing: border-box; font-family: -apple-system, BlinkMacSystemFont, 'Segoe UI', Roboto, Helvetica, Arial, sans-serif, 'Apple Color Emoji', 'Segoe UI Emoji', 'Segoe UI Symbol'; position: relative; color: #74787e; font-size: 15px; line-height: 18px; margin: 0; padding: 10px 0;">07-11-2026 (Saturday)</td>
<td align="right" style="box-sizing: border-box; font-family: -apple-system, BlinkMacSystemFont, 'Segoe UI', Roboto, Helvetica, Arial, sans-serif, 'Apple Color Emoji', 'Segoe UI Emoji', 'Segoe UI Symbol'; position: relative; color: #74787e; font-size: 15px; line-height: 18px; margin: 0; padding: 10px 0;">Day Shift</td>
</tr>
<tr>
<td align="left" style="box-sizing: border-box; font-family: -apple-system, BlinkMacSystemFont, 'Segoe UI', Roboto, Helvetica, Arial, sans-serif, 'Apple Color Emoji', 'Segoe UI Emoji', 'Segoe UI Symbol'; position: relative; color: #74787e; font-size: 15px; line-height: 18px; margin: 0; padding: 10px 0;">08-11-2026 (Sunday)</td>
<td align="right" style="box-sizing: border-box; font-family: -apple-system, BlinkMacSystemFont, 'Segoe UI', Roboto, Helvetica, Arial, sans-serif, 'Apple Color Emoji', 'Segoe UI Emoji', 'Segoe UI Symbol'; position: relative; color: #74787e; font-size: 15px; line-height: 18px; margin: 0; padding: 10px 0;">Day Shift</td>
</tr>
<tr>
<td align="left" style="box-sizing: border-box; font-family: -apple-system, BlinkMacSystemFont, 'Segoe UI', Roboto, Helvetica, Arial, sans-serif, 'Apple Color Emoji', 'Segoe UI Emoji', 'Segoe UI Symbol'; position: relative; color: #74787e; font-size: 15px; line-height: 18px; margin: 0; padding: 10px 0;">09-11-2026 (Monday)</td>
<td align="right" style="box-sizing: border-box; font-family: -apple-system, BlinkMacSystemFont, 'Segoe UI', Roboto, Helvetica, Arial, sans-serif, 'Apple Color Emoji', 'Segoe UI Emoji', 'Segoe UI Symbol'; position: relative; color: #74787e; font-size: 15px; line-height: 18px; margin: 0; padding: 10px 0;">Night Shift</td>
</tr>
<tr>
<td align="left" style="box-sizing: border-box; font-family: -apple-system, BlinkMacSystemFont, 'Segoe UI', Roboto, Helvetica, Arial, sans-serif, 'Apple Color Emoji', 'Segoe UI Emoji', 'Segoe UI Symbol'; position: relative; color: #74787e; font-size: 15px; line-height: 18px; margin: 0; padding: 10px 0;">10-11-2026 (Tuesday)</td>
<td align="right" style="box-sizing: border-box; font-family: -apple-system, BlinkMacSystemFont, 'Segoe UI', Roboto, Helvetica, Arial, sans-serif, 'Apple Color Emoji', 'Segoe UI Emoji', 'Segoe UI Symbol'; position: relative; color: #74787e; font-size: 15px; line-height: 18px; margin: 0; padding: 10px 0;">Night Shift</td>
</tr>
<tr>
<td align="left" style="box-sizing: border-box; font-family: -apple-system, BlinkMacSystemFont, 'Segoe UI', Roboto, Helvetica, Arial, sans-serif, 'Apple Color Emoji', 'Segoe UI Emoji', 'Segoe UI Symbol'; position: relative; color: #74787e; font-size: 15px; line-height: 18px; margin: 0; padding: 10px 0;">11-11-2026 (Wednesday)</td>
<td align="right" style="box-sizing: border-box; font-family: -apple-system, BlinkMacSystemFont, 'Segoe UI', Roboto, Helvetica, Arial, sans-serif, 'Apple Color Emoji', 'Segoe UI Emoji', 'Segoe UI Symbol'; position: relative; color: #74787e; font-size: 15px; line-height: 18px; margin: 0; padding: 10px 0;">Night Shift</td>
</tr>
<tr>
<td align="left" style="box-sizing: border-box; font-family: -apple-system, BlinkMacSystemFont, 'Segoe UI', Roboto, Helvetica, Arial, sans-serif, 'Apple Color Emoji', 'Segoe UI Emoji', 'Segoe UI Symbol'; position: relative; color: #74787e; font-size: 15px; line-height: 18px; margin: 0; padding: 10px 0;">12-11-2026 (Thursday)</td>
<td align="right" style="box-sizing: border-box; font-family: -apple-system, BlinkMacSystemFont, 'Segoe UI', Roboto, Helvetica, Arial, sans-serif, 'Apple Color Emoji', 'Segoe UI Emoji', 'Segoe UI Symbol'; position: relative; color: #74787e; font-size: 15px; line-height: 18px; margin: 0; padding: 10px 0;">Night Shift</td>
</tr>
<tr>
<td align="left" style="box-sizing: border-box; font-family: -apple-system, BlinkMacSystemFont, 'Segoe UI', Roboto, Helvetica, Arial, sans-serif, 'Apple Color Emoji', 'Segoe UI Emoji', 'Segoe UI Symbol'; position: relative; color: #74787e; font-size: 15px; line-height: 18px; margin: 0; padding: 10px 0;">13-11-2026 (Friday)</td>
<td align="right" style="box-sizing: border-box; font-family: -apple-system, BlinkMacSystemFont, 'Segoe UI', Roboto, Helvetica, Arial, sans-serif, 'Apple Color Emoji', 'Segoe UI Emoji', 'Segoe UI Symbol'; position: relative; color: #74787e; font-size: 15px; line-height: 18px; margin: 0; padding: 10px 0;">Night Shift</td>
</tr>
<tr>
<td align="left" style="box-sizing: border-box; font-family: -apple-system, BlinkMacSystemFont, 'Segoe UI', Roboto, Helvetica, Arial, sans-serif, 'Apple Color Emoji', 'Segoe UI Emoji', 'Segoe UI Symbol'; position: relative; color: #74787e; font-size: 15px; line-height: 18px; margin: 0; padding: 10px 0;">14-11-2026 (Saturday)</td>
<td align="right" style="box-sizing: border-box; font-family: -apple-system, BlinkMacSystemFont, 'Segoe UI', Roboto, Helvetica, Arial, sans-serif, 'Apple Color Emoji', 'Segoe UI Emoji', 'Segoe UI Symbol'; position: relative; color: #74787e; font-size: 15px; line-height: 18px; margin: 0; padding: 10px 0;">Day Shift</td>
</tr>
<tr>
<td align="left" style="box-sizing: border-box; font-family: -apple-system, BlinkMacSystemFont, 'Segoe UI', Roboto, Helvetica, Arial, sans-serif, 'Apple Color Emoji', 'Segoe UI Emoji', 'Segoe UI Symbol'; position: relative; color: #74787e; font-size: 15px; line-height: 18px; margin: 0; padding: 10px 0;">15-11-2026 (Sunday)</td>
<td align="right" style="box-sizing: border-box; font-family: -apple-system, BlinkMacSystemFont, 'Segoe UI', Roboto, Helvetica, Arial, sans-serif, 'Apple Color Emoji', 'Segoe UI Emoji', 'Segoe UI Symbol'; position: relative; color: #74787e; font-size: 15px; line-height: 18px; margin: 0; padding: 10px 0;">Day Shift</td>
</tr>
<tr>
<td align="left" style="box-sizing: border-box; font-family: -apple-system, BlinkMacSystemFont, 'Segoe UI', Roboto, Helvetica, Arial, sans-serif, 'Apple Color Emoji', 'Segoe UI Emoji', 'Segoe UI Symbol'; position: relative; color: #74787e; font-size: 15px; line-height: 18px; margin: 0; padding: 10px 0;">16-11-2026 (Monday)</td>
<td align="right" style="box-sizing: border-box; font-family: -apple-system, BlinkMacSystemFont, 'Segoe UI', Roboto, Helvetica, Arial, sans-serif, 'Apple Color Emoji', 'Segoe UI Emoji', 'Segoe UI Symbol'; position: relative; color: #74787e; font-size: 15px; line-height: 18px; margin: 0; padding: 10px 0;">Night Shift</td>
</tr>
<tr>
<td align="left" style="box-sizing: border-box; font-family: -apple-system, BlinkMacSystemFont, 'Segoe UI', Roboto, Helvetica, Arial, sans-serif, 'Apple Color Emoji', 'Segoe UI Emoji', 'Segoe UI Symbol'; position: relative; color: #74787e; font-size: 15px; line-height: 18px; margin: 0; padding: 10px 0;">17-11-2026 (Tuesday)</td>
<td align="right" style="box-sizing: border-box; font-family: -apple-system, BlinkMacSystemFont, 'Segoe UI', Roboto, Helvetica, Arial, sans-serif, 'Apple Color Emoji', 'Segoe UI Emoji', 'Segoe UI Symbol'; position: relative; color: #74787e; font-size: 15px; line-height: 18px; margin: 0; padding: 10px 0;">Night Shift</td>
</tr>
<tr>
<td align="left" style="box-sizing: border-box; font-family: -apple-system, BlinkMacSystemFont, 'Segoe UI', Roboto, Helvetica, Arial, sans-serif, 'Apple Color Emoji', 'Segoe UI Emoji', 'Segoe UI Symbol'; position: relative; color: #74787e; font-size: 15px; line-height: 18px; margin: 0; padding: 10px 0;">18-11-2026 (Wednesday)</td>
<td align="right" style="box-sizing: border-box; font-family: -apple-system, BlinkMacSystemFont, 'Segoe UI', Roboto, Helvetica, Arial, sans-serif, 'Apple Color Emoji', 'Segoe UI Emoji', 'Segoe UI Symbol'; position: relative; color: #74787e; font-size: 15px; line-height: 18px; margin: 0; padding: 10px 0;">Night Shift</td>
</tr>
<tr>
<td align="left" style="box-sizing: border-box; font-family: -apple-system, BlinkMacSystemFont, 'Segoe UI', Roboto, Helvetica, Arial, sans-serif, 'Apple Color Emoji', 'Segoe UI Emoji', 'Segoe UI Symbol'; position: relative; color: #74787e; font-size: 15px; line-height: 18px; margin: 0; padding: 10px 0;">19-11-2026 (Thursday)</td>
<td align="right" style="box-sizing: border-box; font-family: -apple-system, BlinkMacSystemFont, 'Segoe UI', Roboto, Helvetica, Arial, sans-serif, 'Apple Color Emoji', 'Segoe UI Emoji', 'Segoe UI Symbol'; position: relative; color: #74787e; font-size: 15px; line-height: 18px; margin: 0; padding: 10px 0;">Night Shift</td>
</tr>
<tr>
<td align="left" style="box-sizing: border-box; font-family: -apple-system, BlinkMacSystemFont, 'Segoe UI', Roboto, Helvetica, Arial, sans-serif, 'Apple Color Emoji', 'Segoe UI Emoji', 'Segoe UI Symbol'; position: relative; color: #74787e; font-size: 15px; line-height: 18px; margin: 0; padding: 10px 0;">20-11-2026 (Friday)</td>
<td align="right" style="box-sizing: border-box; font-family: -apple-system, BlinkMacSystemFont, 'Segoe UI', Roboto, Helvetica, Arial, sans-serif, 'Apple Color Emoji', 'Segoe UI Emoji', 'Segoe UI Symbol'; position: relative; color: #74787e; font-size: 15px; line-height: 18px; margin: 0; padding: 10px 0;">Night Shift</td>
</tr>
<tr>
<td align="left" style="box-sizing: border-box; font-family: -apple-system, BlinkMacSystemFont, 'Segoe UI', Roboto, Helvetica, Arial, sans-serif, 'Apple Color Emoji', 'Segoe UI Emoji', 'Segoe UI Symbol'; position: relative; color: #74787e; font-size: 15px; line-height: 18px; margin: 0; padding: 10px 0;">21-11-2026 (Saturday)</td>
<td align="right" style="box-sizing: border-box; font-family: -apple-system, BlinkMacSystemFont, 'Segoe UI', Roboto, Helvetica, Arial, sans-serif, 'Apple Color Emoji', 'Segoe UI Emoji', 'Segoe UI Symbol'; position: relative; color: #74787e; font-size: 15px; line-height: 18px; margin: 0; padding: 10px 0;">Day Shift</td>
</tr>
<tr>
<td align="left" style="box-sizing: border-box; font-family: -apple-system, BlinkMacSystemFont, 'Segoe UI', Roboto, Helvetica, Arial, sans-serif, 'Apple Color Emoji', 'Segoe UI Emoji', 'Segoe UI Symbol'; position: relative; color: #74787e; font-size: 15px; line-height: 18px; margin: 0; padding: 10px 0;">22-11-2026 (Sunday)</td>
<td align="right" style="box-sizing: border-box; font-family: -apple-system, BlinkMacSystemFont, 'Segoe UI', Roboto, Helvetica, Arial, sans-serif, 'Apple Color Emoji', 'Segoe UI Emoji', 'Segoe UI Symbol'; position: relative; color: #74787e; font-size: 15px; line-height: 18px; margin: 0; padding: 10px 0;">Day Shift</td>
</tr>
<tr>
<td align="left" style="box-sizing: border-box; font-family: -apple-system, BlinkMacSystemFont, 'Segoe UI', Roboto, Helvetica, Arial, sans-serif, 'Apple Color Emoji', 'Segoe UI Emoji', 'Segoe UI Symbol'; position: relative; color: #74787e; font-size: 15px; line-height: 18px; margin: 0; padding: 10px 0;">23-11-2026 (Monday)</td>
<td align="right" style="box-sizing: border-box; font-family: -apple-system, BlinkMacSystemFont, 'Segoe UI', Roboto, Helvetica, Arial, sans-serif, 'Apple Color Emoji', 'Segoe UI Emoji', 'Segoe UI Symbol'; position: relative; color: #74787e; font-size: 15px; line-height: 18px; margin: 0; padding: 10px 0;">Night Shift</td>
</tr>
<tr>
<td align="left" style="box-sizing: border-box; font-family: -apple-system, BlinkMacSystemFont, 'Segoe UI', Roboto, Helvetica, Arial, sans-serif, 'Apple Color Emoji', 'Segoe UI Emoji', 'Segoe UI Symbol'; position: relative; color: #74787e; font-size: 15px; line-height: 18px; margin: 0; padding: 10px 0;">24-11-2026 (Tuesday)</td>
<td align="right" style="box-sizing: border-box; font-family: -apple-system, BlinkMacSystemFont, 'Segoe UI', Roboto, Helvetica, Arial, sans-serif, 'Apple Color Emoji', 'Segoe UI Emoji', 'Segoe UI Symbol'; position: relative; color: #74787e; font-size: 15px; line-height: 18px; margin: 0; padding: 10px 0;">Night Shift</td>
</tr>
<tr>
<td align="left" style="box-sizing: border-box; font-family: -apple-system, BlinkMacSystemFont, 'Segoe UI', Roboto, Helvetica, Arial, sans-serif, 'Apple Color Emoji', 'Segoe UI Emoji', 'Segoe UI Symbol'; position: relative; color: #74787e; font-size: 15px; line-height: 18px; margin: 0; padding: 10px 0;">25-11-2026 (Wednesday)</td>
<td align="right" style="box-sizing: border-box; font-family: -apple-system, BlinkMacSystemFont, 'Segoe UI', Roboto, Helvetica, Arial, sans-serif, 'Apple Color Emoji', 'Segoe UI Emoji', 'Segoe UI Symbol'; position: relative; color: #74787e; font-size: 15px; line-height: 18px; margin: 0; padding: 10px 0;">Night Shift</td>
</tr>
<tr>
<td align="left" style="box-sizing: border-box; font-family: -apple-system, BlinkMacSystemFont, 'Segoe UI', Roboto, Helvetica, Arial, sans-serif, 'Apple Color Emoji', 'Segoe UI Emoji', 'Segoe UI Symbol'; position: relative; color: #74787e; font-size: 15px; line-height: 18px; margin: 0; padding: 10px 0;">26-11-2026 (Thursday)</td>
<td align="right" style="box-sizing: border-box; font-family: -apple-system, BlinkMacSystemFont, 'Segoe UI', Roboto, Helvetica, Arial, sans-serif, 'Apple Color Emoji', 'Segoe UI Emoji', 'Segoe UI Symbol'; position: relative; color: #74787e; font-size: 15px; line-height: 18px; margin: 0; padding: 10px 0;">Night Shift</td>
</tr>
<tr>
<td align="left" style="box-sizing: border-box; font-family: -apple-system, BlinkMacSystemFont, 'Segoe UI', Roboto, Helvetica, Arial, sans-serif, 'Apple Color Emoji', 'Segoe UI Emoji', 'Segoe UI Symbol'; position: relative; color: #74787e; font-size: 15px; line-height: 18px; margin: 0; padding: 10px 0;">27-11-2026 (Friday)</td>
<td align="right" style="box-sizing: border-box; font-family: -apple-system, BlinkMacSystemFont, 'Segoe UI', Roboto, Helvetica, Arial, sans-serif, 'Apple Color Emoji', 'Segoe UI Emoji', 'Segoe UI Symbol'; position: relative; color: #74787e; font-size: 15px; line-height: 18px; margin: 0; padding: 10px 0;">Night Shift</td>
</tr>
<tr>
<td align="left" style="box-sizing: border-box; font-family: -apple-system, BlinkMacSystemFont, 'Segoe UI', Roboto, Helvetica, Arial, sans-serif, 'Apple Color Emoji', 'Segoe UI Emoji', 'Segoe UI Symbol'; position: relative; color: #74787e; font-size: 15px; line-height: 18px; margin: 0; padding: 10px 0;">28-11-2026 (Saturday)</td>
<td align="right" style="box-sizing: border-box; font-family: -apple-system, BlinkMacSystemFont, 'Segoe UI', Roboto, Helvetica, Arial, sans-serif, 'Apple Color Emoji', 'Segoe UI Emoji', 'Segoe UI Symbol'; position: relative; color: #74787e; font-size: 15px; line-height: 18px; margin: 0; padding: 10px 0;">Day Shift</td>
</tr>
<tr>
<td align="left" style="box-sizing: border-box; font-family: -apple-system, BlinkMacSystemFont, 'Segoe UI', Roboto, Helvetica, Arial, sans-serif, 'Apple Color Emoji', 'Segoe UI Emoji', 'Segoe UI Symbol'; position: relative; color: #74787e; font-size: 15px; line-height: 18px; margin: 0; padding: 10px 0;">29-11-2026 (Sunday)</td>
<td align="right" style="box-sizing: border-box; font-family: -apple-system, BlinkMacSystemFont, 'Segoe UI', Roboto, Helvetica, Arial, sans-serif, 'Apple Color Emoji', 'Segoe UI Emoji', 'Segoe UI Symbol'; position: relative; color: #74787e; font-size: 15px; line-height: 18px; margin: 0; padding: 10px 0;">Day Shift</td>
</tr>
<tr>
<td align="left" style="box-sizing: border-box; font-family: -apple-system, BlinkMacSystemFont, 'Segoe UI', Roboto, Helvetica, Arial, sans-serif, 'Apple Color Emoji', 'Segoe UI Emoji', 'Segoe UI Symbol'; position: relative; color: #74787e; font-size: 15px; line-height: 18px; margin: 0; padding: 10px 0;">30-11-2026 (Monday)</td>
<td align="right" style="box-sizing: border-box; font-family: -apple-system, BlinkMacSystemFont, 'Segoe UI', Roboto, Helvetica, Arial, sans-serif, 'Apple Color Emoji', 'Segoe UI Emoji', 'Segoe UI Symbol'; position: relative; color: #74787e; font-size: 15px; line-height: 18px; margin: 0; padding: 10px 0;">Night Shift</td>
</tr>
<tr>
<td align="left" style="box-sizing: border-box; font-family: -apple-system, BlinkMacSystemFont, 'Segoe UI', Roboto, Helvetica, Arial, sans-serif, 'Apple Color Emoji', 'Segoe UI Emoji', 'Segoe UI Symbol'; position: relative; color: #74787e; font-size: 15px; line-height: 18px; margin: 0; padding: 10px 0;">01-12-2026 (Tuesday)</td>
<td align="right" style="box-sizing: border-box; font-family: -apple-system, BlinkMacSystemFont, 'Segoe UI', Roboto, Helvetica, Arial, sans-serif, 'Apple Color Emoji', 'Segoe UI Emoji', 'Segoe UI Symbol'; position: relative; color: #74787e; font-size: 15px; line-height: 18px; margin: 0; padding: 10px 0;">Night Shift</td>
</tr>
<tr>
<td align="left" style="box-sizing: border-box; font-family: -apple-system, BlinkMacSystemFont, 'Segoe UI', Roboto, Helvetica, Arial, sans-serif, 'Apple Color Emoji', 'Segoe UI Emoji', 'Segoe UI Symbol'; position: relative; color: #74787e; font-size: 15px; line-height: 18px; margin: 0; padding: 10px 0;">02-12-2026 (Wednesday)</td>
<td align="right" style="box-sizing: border-box; font-family: -apple-system, BlinkMacSystemFont, 'Segoe UI', Roboto, Helvetica, Arial, sans-serif, 'Apple Color Emoji', 'Segoe UI Emoji', 'Segoe UI Symbol'; position: relative; color: #74787e; font-size: 15px; line-height: 18px; margin: 0; padding: 10px 0;">Night Shift</td>
</tr>
<tr>
<td align="left" style="box-sizing: border-box; font-family: -apple-system, BlinkMacSystemFont, 'Segoe UI', Roboto, Helvetica, Arial, sans-serif, 'Apple Color Emoji', 'Segoe UI Emoji', 'Segoe UI Symbol'; position: relative; color: #74787e; font-size: 15px; line-height: 18px; margin: 0; padding: 10px 0;">03-12-2026 (Thursday)</td>
<td align="right" style="box-sizing: border-box; font-family: -apple-system, BlinkMacSystemFont, 'Segoe UI', Roboto, Helvetica, Arial, sans-serif, 'Apple Color Emoji', 'Segoe UI Emoji', 'Segoe UI Symbol'; position: relative; color: #74787e; font-size: 15px; line-height: 18px; margin: 0; padding: 10px 0;">Night Shift</td>
</tr>
<tr>
<td align="left" style="box-sizing: border-box; font-family: -apple-system, BlinkMacSystemFont, 'Segoe UI', Roboto, Helvetica, Arial, sans-serif, 'Apple Color Emoji', 'Segoe UI Emoji', 'Segoe UI Symbol'; position: relative; color: #74787e; font-size: 15px; line-height: 18px; margin: 0; padding: 10px 0;">04-12-2026 (Friday)</td>
<td align="right" style="box-sizing: border-box; font-family: -apple-system, BlinkMacSystemFont, 'Segoe UI', Roboto, Helvetica, Arial, sans-serif, 'Apple Color Emoji', 'Segoe UI Emoji', 'Segoe UI Symbol'; position: relative; color: #74787e; font-size: 15px; line-height: 18px; margin: 0; padding: 10px 0;">Night Shift</td>
</tr>
<tr>
<td align="left" style="box-sizing: border-box; font-family: -apple-system, BlinkMacSystemFont, 'Segoe UI', Roboto, Helvetica, Arial, sans-serif, 'Apple Color Emoji', 'Segoe UI Emoji', 'Segoe UI Symbol'; position: relative; color: #74787e; font-size: 15px; line-height: 18px; margin: 0; padding: 10px 0;">05-12-2026 (Saturday)</td>
<td align="right" style="box-sizing: border-box; font-family: -apple-system, BlinkMacSystemFont, 'Segoe UI', Roboto, Helvetica, Arial, sans-serif, 'Apple Color Emoji', 'Segoe UI Emoji', 'Segoe UI Symbol'; position: relative; color: #74787e; font-size: 15px; line-height: 18px; margin: 0; padding: 10px 0;">Day Shift</td>
</tr>
<tr>
<td align="left" style="box-sizing: border-box; font-family: -apple-system, BlinkMacSystemFont, 'Segoe UI', Roboto, Helvetica, Arial, sans-serif, 'Apple Color Emoji', 'Segoe UI Emoji', 'Segoe UI Symbol'; position: relative; color: #74787e; font-size: 15px; line-height: 18px; margin: 0; padding: 10px 0;">06-12-2026 (Sunday)</td>
<td align="right" style="box-sizing: border-box; font-family: -apple-system, BlinkMacSystemFont, 'Segoe UI', Roboto, Helvetica, Arial, sans-serif, 'Apple Color Emoji', 'Segoe UI Emoji', 'Segoe UI Symbol'; position: relative; color: #74787e; font-size: 15px; line-height: 18px; margin: 0; padding: 10px 0;">Day Shift</td>
</tr>
<tr>
<td align="left" style="box-sizing: border-box; font-family: -apple-system, BlinkMacSystemFont, 'Segoe UI', Roboto, Helvetica, Arial, sans-serif, 'Apple Color Emoji', 'Segoe UI Emoji', 'Segoe UI Symbol'; position: relative; color: #74787e; font-size: 15px; line-height: 18px; margin: 0; padding: 10px 0;">07-12-2026 (Monday)</td>
<td align="right" style="box-sizing: border-box; font-family: -apple-system, BlinkMacSystemFont, 'Segoe UI', Roboto, Helvetica, Arial, sans-serif, 'Apple Color Emoji', 'Segoe UI Emoji', 'Segoe UI Symbol'; position: relative; color: #74787e; font-size: 15px; line-height: 18px; margin: 0; padding: 10px 0;">Night Shift</td>
</tr>
<tr>
<td align="left" style="box-sizing: border-box; font-family: -apple-system, BlinkMacSystemFont, 'Segoe UI', Roboto, Helvetica, Arial, sans-serif, 'Apple Color Emoji', 'Segoe UI Emoji', 'Segoe UI Symbol'; position: relative; color: #74787e; font-size: 15px; line-height: 18px; margin: 0; padding: 10px 0;">08-12-2026 (Tuesday)</td>
<td align="right" style="box-sizing: border-box; font-family: -apple-system, BlinkMacSystemFont, 'Segoe UI', Roboto, Helvetica, Arial, sans-serif, 'Apple Color Emoji', 'Segoe UI Emoji', 'Segoe UI Symbol'; position: relative; color: #74787e; font-size: 15px; line-height: 18px; margin: 0; padding: 10px 0;">Night Shift</td>
</tr>
<tr>
<td align="left" style="box-sizing: border-box; font-family: -apple-system, BlinkMacSystemFont, 'Segoe UI', Roboto, Helvetica, Arial, sans-serif, 'Apple Color Emoji', 'Segoe UI Emoji', 'Segoe UI Symbol'; position: relative; color: #74787e; font-size: 15px; line-height: 18px; margin: 0; padding: 10px 0;">09-12-2026 (Wednesday)</td>
<td align="right" style="box-sizing: border-box; font-family: -apple-system, BlinkMacSystemFont, 'Segoe UI', Roboto, Helvetica, Arial, sans-serif, 'Apple Color Emoji', 'Segoe UI Emoji', 'Segoe UI Symbol'; position: relative; color: #74787e; font-size: 15px; line-height: 18px; margin: 0; padding: 10px 0;">Night Shift</td>
</tr>
<tr>
<td align="left" style="box-sizing: border-box; font-family: -apple-system, BlinkMacSystemFont, 'Segoe UI', Roboto, Helvetica, Arial, sans-serif, 'Apple Color Emoji', 'Segoe UI Emoji', 'Segoe UI Symbol'; position: relative; color: #74787e; font-size: 15px; line-height: 18px; margin: 0; padding: 10px 0;">10-12-2026 (Thursday)</td>
<td align="right" style="box-sizing: border-box; font-family: -apple-system, BlinkMacSystemFont, 'Segoe UI', Roboto, Helvetica, Arial, sans-serif, 'Apple Color Emoji', 'Segoe UI Emoji', 'Segoe UI Symbol'; position: relative; color: #74787e; font-size: 15px; line-height: 18px; margin: 0; padding: 10px 0;">Night Shift</td>
</tr>
<tr>
<td align="left" style="box-sizing: border-box; font-family: -apple-system, BlinkMacSystemFont, 'Segoe UI', Roboto, Helvetica, Arial, sans-serif, 'Apple Color Emoji', 'Segoe UI Emoji', 'Segoe UI Symbol'; position: relative; color: #74787e; font-size: 15px; line-height: 18px; margin: 0; padding: 10px 0;">11-12-2026 (Friday)</td>
<td align="right" style="box-sizing: border-box; font-family: -apple-system, BlinkMacSystemFont, 'Segoe UI', Roboto, Helvetica, Arial, sans-serif, 'Apple Color Emoji', 'Segoe UI Emoji', 'Segoe UI Symbol'; position: relative; color: #74787e; font-size: 15px; line-height: 18px; margin: 0; padding: 10px 0;">Night Shift</td>
</tr>
<tr>
<td align="left" style="box-sizing: border-box; font-family: -apple-system, BlinkMacSystemFont, 'Segoe UI', Roboto, Helvetica, Arial, sans-serif, 'Apple Color Emoji', 'Segoe UI Emoji', 'Segoe UI Symbol'; position: relative; color: #74787e; font-size: 15px; line-height: 18px; margin: 0; padding: 10px 0;">12-12-2026 (Saturday)</td>
<td align="right" style="box-sizing: border-box; font-family: -apple-system, BlinkMacSystemFont, 'Segoe UI', Roboto, Helvetica, Arial, sans-serif, 'Apple Color Emoji', 'Segoe UI Emoji', 'Segoe UI Symbol'; position: relative; color: #74787e; font-size: 15px; line-height: 18px; margin: 0; padding: 10px 0;">Day Shift</td>
</tr>
<tr>
<td align="left" style="box-sizing: border-box; font-family: -apple-system, BlinkMacSystemFont, 'Segoe UI', Roboto, Helvetica, Arial, sans-serif, 'Apple Color Emoji', 'Segoe UI Emoji', 'Segoe UI Symbol'; position: relative; color: #74787e; font-size: 15px; line-height: 18px; margin: 0; padding: 10px 0;">13-12-2026 (Sunday)</td>
<td align="right" style="box-sizing: border-box; font-family: -apple-system, BlinkMacSystemFont, 'Segoe UI', Roboto, Helvetica, Arial, sans-serif, 'Apple Color Emoji', 'Segoe UI Emoji', 'Segoe UI Symbol'; position: relative; color: #74787e; font-size: 15px; line-height: 18px; margin: 0; padding: 10px 0;">Day Shift</td>
</tr>
<tr>
<td align="left" style="box-sizing: border-box; font-family: -apple-system, BlinkMacSystemFont, 'Segoe UI', Roboto, Helvetica, Arial, sans-serif, 'Apple Color Emoji', 'Segoe UI Emoji', 'Segoe UI Symbol'; position: relative; color: #74787e; font-size: 15px; line-height: 18px; margin: 0; padding: 10px 0;">14-12-2026 (Monday)</td>
<td align="right" style="box-sizing: border-box; font-family: -apple-system, BlinkMacSystemFont, 'Segoe UI', Roboto, Helvetica, Arial, sans-serif, 'Apple Color Emoji', 'Segoe UI Emoji', 'Segoe UI Symbol'; position: relative; color: #74787e; font-size: 15px; line-height: 18px; margin: 0; padding: 10px 0;">Night Shift</td>
</tr>
<tr>
<td align="left" style="box-sizing: border-box; font-family: -apple-system, BlinkMacSystemFont, 'Segoe UI', Roboto, Helvetica, Arial, sans-serif, 'Apple Color Emoji', 'Segoe UI Emoji', 'Segoe UI Symbol'; position: relative; color: #74787e; font-size: 15px; line-height: 18px; margin: 0; padding: 10px 0;">15-12-2026 (Tuesday)</td>
<td align="right" style="box-sizing: border-box; font-family: -apple-system, BlinkMacSystemFont, 'Segoe UI', Roboto, Helvetica, Arial, sans-serif, 'Apple Color Emoji', 'Segoe UI Emoji', 'Segoe UI Symbol'; position: relative; color: #74787e; font-size: 15px; line-height: 18px; margin: 0; padding: 10px 0;">Night Shift</td>
</tr>
<tr>
<td align="left" style="box-sizing: border-box; font-family: -apple-system, BlinkMacSystemFont, 'Segoe UI', Roboto, Helvetica, Arial, sans-serif, 'Apple Color Emoji', 'Segoe UI Emoji', 'Segoe UI Symbol'; position: relative; color: #74787e; font-size: 15px; line-height: 18px; margin: 0; padding: 10px 0;">16-12-2026 (Wednesday)</td>
<td align="right" style="box-sizing: border-box; font-family: -apple-system, BlinkMacSystemFont, 'Segoe UI', Roboto, Helvetica, Arial, sans-serif, 'Apple Color Emoji', 'Segoe UI Emoji', 'Segoe UI Symbol'; position: relative; color: #74787e; font-size: 15px; line-height: 18px; margin: 0; padding: 10px 0;">Night Shift</td>
</tr>
<tr>
<td align="left" style="box-sizing: border-box; font-family: -apple-system, BlinkMacSystemFont, 'Segoe UI', Roboto, Helvetica, Arial, sans-serif, 'Apple Color Emoji', 'Segoe UI Emoji', 'Segoe UI Symbol'; position: relative; color: #74787e; font-size: 15px; line-height: 18px; margin: 0; padding: 10px 0;">17-12-2026 (Thursday)</td>
<td align="right" style="box-sizing: border-box; font-family: -apple-system, BlinkMacSystemFont, 'Segoe UI', Roboto, Helvetica, Arial, sans-serif, 'Apple Color Emoji', 'Segoe UI Emoji', 'Segoe UI Symbol'; position: relative; color: #74787e; font-size: 15px; line-height: 18px; margin: 0; padding: 10px 0;">Night Shift</td>
</tr>
<tr>
<td align="left" style="box-sizing: border-box; font-family: -apple-system, BlinkMacSystemFont, 'Segoe UI', Roboto, Helvetica, Arial, sans-serif, 'Apple Color Emoji', 'Segoe UI Emoji', 'Segoe UI Symbol'; position: relative; color: #74787e; font-size: 15px; line-height: 18px; margin: 0; padding: 10px 0;">18-12-2026 (Friday)</td>
<td align="right" style="box-sizing: border-box; font-family: -apple-system, BlinkMacSystemFont, 'Segoe UI', Roboto, Helvetica, Arial, sans-serif, 'Apple Color Emoji', 'Segoe UI Emoji', 'Segoe UI Symbol'; position: relative; color: #74787e; font-size: 15px; line-height: 18px; margin: 0; padding: 10px 0;">Night Shift</td>
</tr>
<tr>
<td align="left" style="box-sizing: border-box; font-family: -apple-system, BlinkMacSystemFont, 'Segoe UI', Roboto, Helvetica, Arial, sans-serif, 'Apple Color Emoji', 'Segoe UI Emoji', 'Segoe UI Symbol'; position: relative; color: #74787e; font-size: 15px; line-height: 18px; margin: 0; padding: 10px 0;">19-12-2026 (Saturday)</td>
<td align="right" style="box-sizing: border-box; font-family: -apple-system, BlinkMacSystemFont, 'Segoe UI', Roboto, Helvetica, Arial, sans-serif, 'Apple Color Emoji', 'Segoe UI Emoji', 'Segoe UI Symbol'; position: relative; color: #74787e; font-size: 15px; line-height: 18px; margin: 0; padding: 10px 0;">Day Shift</td>
</tr>
<tr>
<td align="left" style="box-sizing: border-box; font-family: -apple-system, BlinkMacSystemFont, 'Segoe UI', Roboto, Helvetica, Arial, sans-serif, 'Apple Color Emoji', 'Segoe UI Emoji', 'Segoe UI Symbol'; position: relative; color: #74787e; font-size: 15px; line-height: 18px; margin: 0; padding: 10px 0;">20-12-2026 (Sunday)</td>
<td align="right" style="box-sizing: border-box; font-family: -apple-system, BlinkMacSystemFont, 'Segoe UI', Roboto, Helvetica, Arial, sans-serif, 'Apple Color Emoji', 'Segoe UI Emoji', 'Segoe UI Symbol'; position: relative; color: #74787e; font-size: 15px; line-height: 18px; margin: 0; padding: 10px 0;">Day Shift</td>
</tr>
<tr>
<td align="left" style="box-sizing: border-box; font-family: -apple-system, BlinkMacSystemFont, 'Segoe UI', Roboto, Helvetica, Arial, sans-serif, 'Apple Color Emoji', 'Segoe UI Emoji', 'Segoe UI Symbol'; position: relative; color: #74787e; font-size: 15px; line-height: 18px; margin: 0; padding: 10px 0;">21-12-2026 (Monday)</td>
<td align="right" style="box-sizing: border-box; font-family: -apple-system, BlinkMacSystemFont, 'Segoe UI', Roboto, Helvetica, Arial, sans-serif, 'Apple Color Emoji', 'Segoe UI Emoji', 'Segoe UI Symbol'; position: relative; color: #74787e; font-size: 15px; line-height: 18px; margin: 0; padding: 10px 0;">Night Shift</td>
</tr>
<tr>
<td align="left" style="box-sizing: border-box; font-family: -apple-system, BlinkMacSystemFont, 'Segoe UI', Roboto, Helvetica, Arial, sans-serif, 'Apple Color Emoji', 'Segoe UI Emoji', 'Segoe UI Symbol'; position: relative; color: #74787e; font-size: 15px; line-height: 18px; margin: 0; padding: 10px 0;">22-12-2026 (Tuesday)</td>
<td align="right" style="box-sizing: border-box; font-family: -apple-system, BlinkMacSystemFont, 'Segoe UI', Roboto, Helvetica, Arial, sans-serif, 'Apple Color Emoji', 'Segoe UI Emoji', 'Segoe UI Symbol'; position: relative; color: #74787e; font-size: 15px; line-height: 18px; margin: 0; padding: 10px 0;">Night Shift</td>
</tr>
<tr>
<td align="left" style="box-sizing: border-box; font-family: -apple-system, BlinkMacSystemFont, 'Segoe UI', Roboto, Helvetica, Arial, sans-serif, 'Apple Color Emoji', 'Segoe UI Emoji', 'Segoe UI Symbol'; position: relative; color: #74787e; font-size: 15px; line-height: 18px; margin: 0; padding: 10px 0;">23-12-2026 (Wednesday)</td>
<td align="right" style="box-sizing: border-box; font-family: -apple-system, BlinkMacSystemFont, 'Segoe UI', Roboto, Helvetica, Arial, sans-serif, 'Apple Color Emoji', 'Segoe UI Emoji', 'Segoe UI Symbol'; position: relative; color: #74787e; font-size: 15px; line-height: 18px; margin: 0; padding: 10px 0;">Night Shift</td>
</tr>
<tr>
<td align="left" style="box-sizing: border-box; font-family: -apple-system, BlinkMacSystemFont, 'Segoe UI', Roboto, Helvetica, Arial, sans-serif, 'Apple Color Emoji', 'Segoe UI Emoji', 'Segoe UI Symbol'; position: relative; color: #74787e; font-size: 15px; line-height: 18px; margin: 0; padding: 10px 0;">24-12-2026 (Thursday)</td>
<td align="right" style="box-sizing: border-box; font-family: -apple-system, BlinkMacSystemFont, 'Segoe UI', Roboto, Helvetica, Arial, sans-serif, 'Apple Color Emoji', 'Segoe UI Emoji', 'Segoe UI Symbol'; position: relative; color: #74787e; font-size: 15px; line-height: 18px; margin: 0; padding: 10px 0;">Night Shift</td>
</tr>
<tr>
<td align="left" style="box-sizing: border-box; font-family: -apple-system, BlinkMacSystemFont, 'Segoe UI', Roboto, Helvetica, Arial, sans-serif, 'Apple Color Emoji', 'Segoe UI Emoji', 'Segoe UI Symbol'; position: relative; color: #74787e; font-size: 15px; line-height: 18px; margin: 0; padding: 10px 0;">25-12-2026 (Friday)</td>
<td align="right" style="box-sizing: border-box; font-family: -apple-system, BlinkMacSystemFont, 'Segoe UI', Roboto, Helvetica, Arial, sans-serif, 'Apple Color Emoji', 'Segoe UI Emoji', 'Segoe UI Symbol'; position: relative; color: #74787e; font-size: 15px; line-height: 18px; margin: 0; padding: 10px 0;">Night Shift</td>
</tr>
<tr>
<td align="left" style="box-sizing: border-box; font-family: -apple-system, BlinkMacSystemFont, 'Segoe UI', Roboto, Helvetica, Arial, sans-serif, 'Apple Color Emoji', 'Segoe UI Emoji', 'Segoe UI Symbol'; position: relative; color: #74787e; font-size: 15px; line-height: 18px; margin: 0; padding: 10px 0;">26-12-2026 (Saturday)</td>
<td align="right" style="box-sizing: border-box; font-family: -apple-system, BlinkMacSystemFont, 'Segoe UI', Roboto, Helvetica, Arial, sans-serif, 'Apple Color Emoji', 'Segoe UI Emoji', 'Segoe UI Symbol'; position: relative; color: #74787e; font-size: 15px; line-height: 18px; margin: 0; padding: 10px 0;">Day Shift</td>
</tr>
<tr>
<td align="left" style="box-sizing: border-box; font-family: -apple-system, BlinkMacSystemFont, 'Segoe UI', Roboto, Helvetica, Arial, sans-serif, 'Apple Color Emoji', 'Segoe UI Emoji', 'Segoe UI Symbol'; position: relative; color: #74787e; font-size: 15px; line-height: 18px; margin: 0; padding: 10px 0;">27-12-2026 (Sunday)</td>
<td align="right" style="box-sizing: border-box; font-family: -apple-system, BlinkMacSystemFont, 'Segoe UI', Roboto, Helvetica, Arial, sans-serif, 'Apple Color Emoji', 'Segoe UI Emoji', 'Segoe UI Symbol'; position: relative; color: #74787e; font-size: 15px; line-height: 18px; margin: 0; padding: 10px 0;">Day Shift</td>
</tr>
<tr>
<td align="left" style="box-sizing: border-box; font-family: -apple-system, BlinkMacSystemFont, 'Segoe UI', Roboto, Helvetica, Arial, sans-serif, 'Apple Color Emoji', 'Segoe UI Emoji', 'Segoe UI Symbol'; position: relative; color: #74787e; font-size: 15px; line-height: 18px; margin: 0; padding: 10px 0;">28-12-2026 (Monday)</td>
<td align="right" style="box-sizing: border-box; font-family: -apple-system, BlinkMacSystemFont, 'Segoe UI', Roboto, Helvetica, Arial, sans-serif, 'Apple Color Emoji', 'Segoe UI Emoji', 'Segoe UI Symbol'; position: relative; color: #74787e; font-size: 15px; line-height: 18px; margin: 0; padding: 10px 0;">Night Shift</td>
</tr>
<tr>
<td align="left" style="box-sizing: border-box; font-family: -apple-system, BlinkMacSystemFont, 'Segoe UI', Roboto, Helvetica, Arial, sans-serif, 'Apple Color Emoji', 'Segoe UI Emoji', 'Segoe UI Symbol'; position: relative; color: #74787e; font-size: 15px; line-height: 18px; margin: 0; padding: 10px 0;">29-12-2026 (Tuesday)</td>
<td align="right" style="box-sizing: border-box; font-family: -apple-system, BlinkMacSystemFont, 'Segoe UI', Roboto, Helvetica, Arial, sans-serif, 'Apple Color Emoji', 'Segoe UI Emoji', 'Segoe UI Symbol'; position: relative; color: #74787e; font-size: 15px; line-height: 18px; margin: 0; padding: 10px 0;">Night Shift</td>
</tr>
<tr>
<td align="left" style="box-sizing: border-box; font-family: -apple-system, BlinkMacSystemFont, 'Segoe UI', Roboto, Helvetica, Arial, sans-serif, 'Apple Color Emoji', 'Segoe UI Emoji', 'Segoe UI Symbol'; position: relative; color: #74787e; font-size: 15px; line-height: 18px; margin: 0; padding: 10px 0;">30-12-2026 (Wednesday)</td>
<td align="right" style="box-sizing: border-box; font-family: -apple-system, BlinkMacSystemFont, 'Segoe UI', Roboto, Helvetica, Arial, sans-serif, 'Apple Color Emoji', 'Segoe UI Emoji', 'Segoe UI Symbol'; position: relative; color: #74787e; font-size: 15px; line-height: 18px; margin: 0; padding: 10px 0;">Night Shift</td>
</tr>
<tr>
<td align="left" style="box-sizing: border-box; font-family: -apple-system, BlinkMacSystemFont, 'Segoe UI', Roboto, Helvetica, Arial, sans-serif, 'Apple Color Emoji', 'Segoe UI Emoji', 'Segoe UI Symbol'; position: relative; color: #74787e; font-size: 15px; line-height: 18px; margin: 0; padding: 10px 0;">31-12-2026 (Thursday)</td>
<td align="right" style="box-sizing: border-box; font-family: -apple-system, BlinkMacSystemFont, 'Segoe UI', Roboto, Helvetica, Arial, sans-serif, 'Apple Color Emoji', 'Segoe UI Emoji', 'Segoe UI Symbol'; position: relative; color: #74787e; font-size: 15px; line-height: 18px; margin: 0; padding: 10px 0;">Night Shift</td>
</tr>
<tr>
<td align="left" style="box-sizing: border-box; font-family: -apple-system, BlinkMacSystemFont, 'Segoe UI', Roboto, Helvetica, Arial, sans-serif, 'Apple Color Emoji', 'Segoe UI Emoji', 'Segoe UI Symbol'; position: relative; color: #74787e; font-size: 15px; line-height: 18px; margin: 0; padding: 10px 0;">01-01-2027 (Friday)</td>
<td align="right" style="box-sizing: border-box; font-family: -apple-system, BlinkMacSystemFont, 'Segoe UI', Roboto, Helvetica, Arial, sans-serif, 'Apple Color Emoji', 'Segoe UI Emoji', 'Segoe UI Symbol'; position: relative; color: #74787e; font-size: 15px; line-height: 18px; margin: 0; padding: 10px 0;">Night Shift</td>
</tr>
<tr>
<td align="left" style="box-sizing: border-box; font-family: -apple-system, BlinkMacSystemFont, 'Segoe UI', Roboto, Helvetica, Arial, sans-serif, 'Apple Color Emoji', 'Segoe UI Emoji', 'Segoe UI Symbol'; position: relative; color: #74787e; font-size: 15px; line-height: 18px; margin: 0; padding: 10px 0;">02-01-2027 (Saturday)</td>
<td align="right" style="box-sizing: border-box; font-family: -apple-system, BlinkMacSystemFont, 'Segoe UI', Roboto, Helvetica, Arial, sans-serif, 'Apple Color Emoji', 'Segoe UI Emoji', 'Segoe UI Symbol'; position: relative; color: #74787e; font-size: 15px; line-height: 18px; margin: 0; padding: 10px 0;">Day Shift</td>
</tr>
<tr>
<td align="left" style="box-sizing: border-box; font-family: -apple-system, BlinkMacSystemFont, 'Segoe UI', Roboto, Helvetica, Arial, sans-serif, 'Apple Color Emoji', 'Segoe UI Emoji', 'Segoe UI Symbol'; position: relative; color: #74787e; font-size: 15px; line-height: 18px; margin: 0; padding: 10px 0;">03-01-2027 (Sunday)</td>
<td align="right" style="box-sizing: border-box; font-family: -apple-system, BlinkMacSystemFont, 'Segoe UI', Roboto, Helvetica, Arial, sans-serif, 'Apple Color Emoji', 'Segoe UI Emoji', 'Segoe UI Symbol'; position: relative; color: #74787e; font-size: 15px; line-height: 18px; margin: 0; padding: 10px 0;">Day Shift</td>
</tr>
<tr>
<td align="left" style="box-sizing: border-box; font-family: -apple-system, BlinkMacSystemFont, 'Segoe UI', Roboto, Helvetica, Arial, sans-serif, 'Apple Color Emoji', 'Segoe UI Emoji', 'Segoe UI Symbol'; position: relative; color: #74787e; font-size: 15px; line-height: 18px; margin: 0; padding: 10px 0;">04-01-2027 (Monday)</td>
<td align="right" style="box-sizing: border-box; font-family: -apple-system, BlinkMacSystemFont, 'Segoe UI', Roboto, Helvetica, Arial, sans-serif, 'Apple Color Emoji', 'Segoe UI Emoji', 'Segoe UI Symbol'; position: relative; color: #74787e; font-size: 15px; line-height: 18px; margin: 0; padding: 10px 0;">Night Shift</td>
</tr>
<tr>
<td align="left" style="box-sizing: border-box; font-family: -apple-system, BlinkMacSystemFont, 'Segoe UI', Roboto, Helvetica, Arial, sans-serif, 'Apple Color Emoji', 'Segoe UI Emoji', 'Segoe UI Symbol'; position: relative; color: #74787e; font-size: 15px; line-height: 18px; margin: 0; padding: 10px 0;">05-01-2027 (Tuesday)</td>
<td align="right" style="box-sizing: border-box; font-family: -apple-system, BlinkMacSystemFont, 'Segoe UI', Roboto, Helvetica, Arial, sans-serif, 'Apple Color Emoji', 'Segoe UI Emoji', 'Segoe UI Symbol'; position: relative; color: #74787e; font-size: 15px; line-height: 18px; margin: 0; padding: 10px 0;">Night Shift</td>
</tr>
<tr>
<td align="left" style="box-sizing: border-box; font-family: -apple-system, BlinkMacSystemFont, 'Segoe UI', Roboto, Helvetica, Arial, sans-serif, 'Apple Color Emoji', 'Segoe UI Emoji', 'Segoe UI Symbol'; position: relative; color: #74787e; font-size: 15px; line-height: 18px; margin: 0; padding: 10px 0;">06-01-2027 (Wednesday)</td>
<td align="right" style="box-sizing: border-box; font-family: -apple-system, BlinkMacSystemFont, 'Segoe UI', Roboto, Helvetica, Arial, sans-serif, 'Apple Color Emoji', 'Segoe UI Emoji', 'Segoe UI Symbol'; position: relative; color: #74787e; font-size: 15px; line-height: 18px; margin: 0; padding: 10px 0;">Night Shift</td>
</tr>
<tr>
<td align="left" style="box-sizing: border-box; font-family: -apple-system, BlinkMacSystemFont, 'Segoe UI', Roboto, Helvetica, Arial, sans-serif, 'Apple Color Emoji', 'Segoe UI Emoji', 'Segoe UI Symbol'; position: relative; color: #74787e; font-size: 15px; line-height: 18px; margin: 0; padding: 10px 0;">07-01-2027 (Thursday)</td>
<td align="right" style="box-sizing: border-box; font-family: -apple-system, BlinkMacSystemFont, 'Segoe UI', Roboto, Helvetica, Arial, sans-serif, 'Apple Color Emoji', 'Segoe UI Emoji', 'Segoe UI Symbol'; position: relative; color: #74787e; font-size: 15px; line-height: 18px; margin: 0; padding: 10px 0;">Night Shift</td>
</tr>
<tr>
<td align="left" style="box-sizing: border-box; font-family: -apple-system, BlinkMacSystemFont, 'Segoe UI', Roboto, Helvetica, Arial, sans-serif, 'Apple Color Emoji', 'Segoe UI Emoji', 'Segoe UI Symbol'; position: relative; color: #74787e; font-size: 15px; line-height: 18px; margin: 0; padding: 10px 0;">08-01-2027 (Friday)</td>
<td align="right" style="box-sizing: border-box; font-family: -apple-system, BlinkMacSystemFont, 'Segoe UI', Roboto, Helvetica, Arial, sans-serif, 'Apple Color Emoji', 'Segoe UI Emoji', 'Segoe UI Symbol'; position: relative; color: #74787e; font-size: 15px; line-height: 18px; margin: 0; padding: 10px 0;">Night Shift</td>
</tr>
<tr>
<td align="left" style="box-sizing: border-box; font-family: -apple-system, BlinkMacSystemFont, 'Segoe UI', Roboto, Helvetica, Arial, sans-serif, 'Apple Color Emoji', 'Segoe UI Emoji', 'Segoe UI Symbol'; position: relative; color: #74787e; font-size: 15px; line-height: 18px; margin: 0; padding: 10px 0;">09-01-2027 (Saturday)</td>
<td align="right" style="box-sizing: border-box; font-family: -apple-system, BlinkMacSystemFont, 'Segoe UI', Roboto, Helvetica, Arial, sans-serif, 'Apple Color Emoji', 'Segoe UI Emoji', 'Segoe UI Symbol'; position: relative; color: #74787e; font-size: 15px; line-height: 18px; margin: 0; padding: 10px 0;">Day Shift</td>
</tr>
<tr>
<td align="left" style="box-sizing: border-box; font-family: -apple-system, BlinkMacSystemFont, 'Segoe UI', Roboto, Helvetica, Arial, sans-serif, 'Apple Color Emoji', 'Segoe UI Emoji', 'Segoe UI Symbol'; position: relative; color: #74787e; font-size: 15px; line-height: 18px; margin: 0; padding: 10px 0;">10-01-2027 (Sunday)</td>
<td align="right" style="box-sizing: border-box; font-family: -apple-system, BlinkMacSystemFont, 'Segoe UI', Roboto, Helvetica, Arial, sans-serif, 'Apple Color Emoji', 'Segoe UI Emoji', 'Segoe UI Symbol'; position: relative; color: #74787e; font-size: 15px; line-height: 18px; margin: 0; padding: 10px 0;">Day Shift</td>
</tr>
<tr>
<td align="left" style="box-sizing: border-box; font-family: -apple-system, BlinkMacSystemFont, 'Segoe UI', Roboto, Helvetica, Arial, sans-serif, 'Apple Color Emoji', 'Segoe UI Emoji', 'Segoe UI Symbol'; position: relative; color: #74787e; font-size: 15px; line-height: 18px; margin: 0; padding: 10px 0;">11-01-2027 (Monday)</td>
<td align="right" style="box-sizing: border-box; font-family: -apple-system, BlinkMacSystemFont, 'Segoe UI', Roboto, Helvetica, Arial, sans-serif, 'Apple Color Emoji', 'Segoe UI Emoji', 'Segoe UI Symbol'; position: relative; color: #74787e; font-size: 15px; line-height: 18px; margin: 0; padding: 10px 0;">Night Shift</td>
</tr>
<tr>
<td align="left" style="box-sizing: border-box; font-family: -apple-system, BlinkMacSystemFont, 'Segoe UI', Roboto, Helvetica, Arial, sans-serif, 'Apple Color Emoji', 'Segoe UI Emoji', 'Segoe UI Symbol'; position: relative; color: #74787e; font-size: 15px; line-height: 18px; margin: 0; padding: 10px 0;">12-01-2027 (Tuesday)</td>
<td align="right" style="box-sizing: border-box; font-family: -apple-system, BlinkMacSystemFont, 'Segoe UI', Roboto, Helvetica, Arial, sans-serif, 'Apple Color Emoji', 'Segoe UI Emoji', 'Segoe UI Symbol'; position: relative; color: #74787e; font-size: 15px; line-height: 18px; margin: 0; padding: 10px 0;">Night Shift</td>
</tr>
<tr>
<td align="left" style="box-sizing: border-box; font-family: -apple-system, BlinkMacSystemFont, 'Segoe UI', Roboto, Helvetica, Arial, sans-serif, 'Apple Color Emoji', 'Segoe UI Emoji', 'Segoe UI Symbol'; position: relative; color: #74787e; font-size: 15px; line-height: 18px; margin: 0; padding: 10px 0;">13-01-2027 (Wednesday)</td>
<td align="right" style="box-sizing: border-box; font-family: -apple-system, BlinkMacSystemFont, 'Segoe UI', Roboto, Helvetica, Arial, sans-serif, 'Apple Color Emoji', 'Segoe UI Emoji', 'Segoe UI Symbol'; position: relative; color: #74787e; font-size: 15px; line-height: 18px; margin: 0; padding: 10px 0;">Night Shift</td>
</tr>
<tr>
<td align="left" style="box-sizing: border-box; font-family: -apple-system, BlinkMacSystemFont, 'Segoe UI', Roboto, Helvetica, Arial, sans-serif, 'Apple Color Emoji', 'Segoe UI Emoji', 'Segoe UI Symbol'; position: relative; color: #74787e; font-size: 15px; line-height: 18px; margin: 0; padding: 10px 0;">14-01-2027 (Thursday)</td>
<td align="right" style="box-sizing: border-box; font-family: -apple-system, BlinkMacSystemFont, 'Segoe UI', Roboto, Helvetica, Arial, sans-serif, 'Apple Color Emoji', 'Segoe UI Emoji', 'Segoe UI Symbol'; position: relative; color: #74787e; font-size: 15px; line-height: 18px; margin: 0; padding: 10px 0;">Night Shift</td>
</tr>
<tr>
<td align="left" style="box-sizing: border-box; font-family: -apple-system, BlinkMacSystemFont, 'Segoe UI', Roboto, Helvetica, Arial, sans-serif, 'Apple Color Emoji', 'Segoe UI Emoji', 'Segoe UI Symbol'; position: relative; color: #74787e; font-size: 15px; line-height: 18px; margin: 0; padding: 10px 0;">15-01-2027 (Friday)</td>
<td align="right" style="box-sizing: border-box; font-family: -apple-system, BlinkMacSystemFont, 'Segoe UI', Roboto, Helvetica, Arial, sans-serif, 'Apple Color Emoji', 'Segoe UI Emoji', 'Segoe UI Symbol'; position: relative; color: #74787e; font-size: 15px; line-height: 18px; margin: 0; padding: 10px 0;">Night Shift</td>
</tr>
<tr>
<td align="left" style="box-sizing: border-box; font-family: -apple-system, BlinkMacSystemFont, 'Segoe UI', Roboto, Helvetica, Arial, sans-serif, 'Apple Color Emoji', 'Segoe UI Emoji', 'Segoe UI Symbol'; position: relative; color: #74787e; font-size: 15px; line-height: 18px; margin: 0; padding: 10px 0;">16-01-2027 (Saturday)</td>
<td align="right" style="box-sizing: border-box; font-family: -apple-system, BlinkMacSystemFont, 'Segoe UI', Roboto, Helvetica, Arial, sans-serif, 'Apple Color Emoji', 'Segoe UI Emoji', 'Segoe UI Symbol'; position: relative; color: #74787e; font-size: 15px; line-height: 18px; margin: 0; padding: 10px 0;">Day Shift</td>
</tr>
<tr>
<td align="left" style="box-sizing: border-box; font-family: -apple-system, BlinkMacSystemFont, 'Segoe UI', Roboto, Helvetica, Arial, sans-serif, 'Apple Color Emoji', 'Segoe UI Emoji', 'Segoe UI Symbol'; position: relative; color: #74787e; font-size: 15px; line-height: 18px; margin: 0; padding: 10px 0;">17-01-2027 (Sunday)</td>
<td align="right" style="box-sizing: border-box; font-family: -apple-system, BlinkMacSystemFont, 'Segoe UI', Roboto, Helvetica, Arial, sans-serif, 'Apple Color Emoji', 'Segoe UI Emoji', 'Segoe UI Symbol'; position: relative; color: #74787e; font-size: 15px; line-height: 18px; margin: 0; padding: 10px 0;">Day Shift</td>
</tr>
<tr>
<td align="left" style="box-sizing: border-box; font-family: -apple-system, BlinkMacSystemFont, 'Segoe UI', Roboto, Helvetica, Arial, sans-serif, 'Apple Color Emoji', 'Segoe UI Emoji', 'Segoe UI Symbol'; position: relative; color: #74787e; font-size: 15px; line-height: 18px; margin: 0; padding: 10px 0;">18-01-2027 (Monday)</td>
<td align="right" style="box-sizing: border-box; font-family: -apple-system, BlinkMacSystemFont, 'Segoe UI', Roboto, Helvetica, Arial, sans-serif, 'Apple Color Emoji', 'Segoe UI Emoji', 'Segoe UI Symbol'; position: relative; color: #74787e; font-size: 15px; line-height: 18px; margin: 0; padding: 10px 0;">Night Shift</td>
</tr>
<tr>
<td align="left" style="box-sizing: border-box; font-family: -apple-system, BlinkMacSystemFont, 'Segoe UI', Roboto, Helvetica, Arial, sans-serif, 'Apple Color Emoji', 'Segoe UI Emoji', 'Segoe UI Symbol'; position: relative; color: #74787e; font-size: 15px; line-height: 18px; margin: 0; padding: 10px 0;">19-01-2027 (Tuesday)</td>
<td align="right" style="box-sizing: border-box; font-family: -apple-system, BlinkMacSystemFont, 'Segoe UI', Roboto, Helvetica, Arial, sans-serif, 'Apple Color Emoji', 'Segoe UI Emoji', 'Segoe UI Symbol'; position: relative; color: #74787e; font-size: 15px; line-height: 18px; margin: 0; padding: 10px 0;">Night Shift</td>
</tr>
<tr>
<td align="left" style="box-sizing: border-box; font-family: -apple-system, BlinkMacSystemFont, 'Segoe UI', Roboto, Helvetica, Arial, sans-serif, 'Apple Color Emoji', 'Segoe UI Emoji', 'Segoe UI Symbol'; position: relative; color: #74787e; font-size: 15px; line-height: 18px; margin: 0; padding: 10px 0;">20-01-2027 (Wednesday)</td>
<td align="right" style="box-sizing: border-box; font-family: -apple-system, BlinkMacSystemFont, 'Segoe UI', Roboto, Helvetica, Arial, sans-serif, 'Apple Color Emoji', 'Segoe UI Emoji', 'Segoe UI Symbol'; position: relative; color: #74787e; font-size: 15px; line-height: 18px; margin: 0; padding: 10px 0;">Night Shift</td>
</tr>
<tr>
<td align="left" style="box-sizing: border-box; font-family: -apple-system, BlinkMacSystemFont, 'Segoe UI', Roboto, Helvetica, Arial, sans-serif, 'Apple Color Emoji', 'Segoe UI Emoji', 'Segoe UI Symbol'; position: relative; color: #74787e; font-size: 15px; line-height: 18px; margin: 0; padding: 10px 0;">21-01-2027 (Thursday)</td>
<td align="right" style="box-sizing: border-box; font-family: -apple-system, BlinkMacSystemFont, 'Segoe UI', Roboto, Helvetica, Arial, sans-serif, 'Apple Color Emoji', 'Segoe UI Emoji', 'Segoe UI Symbol'; position: relative; color: #74787e; font-size: 15px; line-height: 18px; margin: 0; padding: 10px 0;">Night Shift</td>
</tr>
<tr>
<td align="left" style="box-sizing: border-box; font-family: -apple-system, BlinkMacSystemFont, 'Segoe UI', Roboto, Helvetica, Arial, sans-serif, 'Apple Color Emoji', 'Segoe UI Emoji', 'Segoe UI Symbol'; position: relative; color: #74787e; font-size: 15px; line-height: 18px; margin: 0; padding: 10px 0;">22-01-2027 (Friday)</td>
<td align="right" style="box-sizing: border-box; font-family: -apple-system, BlinkMacSystemFont, 'Segoe UI', Roboto, Helvetica, Arial, sans-serif, 'Apple Color Emoji', 'Segoe UI Emoji', 'Segoe UI Symbol'; position: relative; color: #74787e; font-size: 15px; line-height: 18px; margin: 0; padding: 10px 0;">Night Shift</td>
</tr>
<tr>
<td align="left" style="box-sizing: border-box; font-family: -apple-system, BlinkMacSystemFont, 'Segoe UI', Roboto, Helvetica, Arial, sans-serif, 'Apple Color Emoji', 'Segoe UI Emoji', 'Segoe UI Symbol'; position: relative; color: #74787e; font-size: 15px; line-height: 18px; margin: 0; padding: 10px 0;">23-01-2027 (Saturday)</td>
<td align="right" style="box-sizing: border-box; font-family: -apple-system, BlinkMacSystemFont, 'Segoe UI', Roboto, Helvetica, Arial, sans-serif, 'Apple Color Emoji', 'Segoe UI Emoji', 'Segoe UI Symbol'; position: relative; color: #74787e; font-size: 15px; line-height: 18px; margin: 0; padding: 10px 0;">Day Shift</td>
</tr>
<tr>
<td align="left" style="box-sizing: border-box; font-family: -apple-system, BlinkMacSystemFont, 'Segoe UI', Roboto, Helvetica, Arial, sans-serif, 'Apple Color Emoji', 'Segoe UI Emoji', 'Segoe UI Symbol'; position: relative; color: #74787e; font-size: 15px; line-height: 18px; margin: 0; padding: 10px 0;">24-01-2027 (Sunday)</td>
<td align="right" style="box-sizing: border-box; font-family: -apple-system, BlinkMacSystemFont, 'Segoe UI', Roboto, Helvetica, Arial, sans-serif, 'Apple Color Emoji', 'Segoe UI Emoji', 'Segoe UI Symbol'; position: relative; color: #74787e; font-size: 15px; line-height: 18px; margin: 0; padding: 10px 0;">Day Shift</td>
</tr>
<tr>
<td align="left" style="box-sizing: border-box; font-family: -apple-system, BlinkMacSystemFont, 'Segoe UI', Roboto, Helvetica, Arial, sans-serif, 'Apple Color Emoji', 'Segoe UI Emoji', 'Segoe UI Symbol'; position: relative; color: #74787e; font-size: 15px; line-height: 18px; margin: 0; padding: 10px 0;">25-01-2027 (Monday)</td>
<td align="right" style="box-sizing: border-box; font-family: -apple-system, BlinkMacSystemFont, 'Segoe UI', Roboto, Helvetica, Arial, sans-serif, 'Apple Color Emoji', 'Segoe UI Emoji', 'Segoe UI Symbol'; position: relative; color: #74787e; font-size: 15px; line-height: 18px; margin: 0; padding: 10px 0;">Night Shift</td>
</tr>
<tr>
<td align="left" style="box-sizing: border-box; font-family: -apple-system, BlinkMacSystemFont, 'Segoe UI', Roboto, Helvetica, Arial, sans-serif, 'Apple Color Emoji', 'Segoe UI Emoji', 'Segoe UI Symbol'; position: relative; color: #74787e; font-size: 15px; line-height: 18px; margin: 0; padding: 10px 0;">26-01-2027 (Tuesday)</td>
<td align="right" style="box-sizing: border-box; font-family: -apple-system, BlinkMacSystemFont, 'Segoe UI', Roboto, Helvetica, Arial, sans-serif, 'Apple Color Emoji', 'Segoe UI Emoji', 'Segoe UI Symbol'; position: relative; color: #74787e; font-size: 15px; line-height: 18px; margin: 0; padding: 10px 0;">Night Shift</td>
</tr>
<tr>
<td align="left" style="box-sizing: border-box; font-family: -apple-system, BlinkMacSystemFont, 'Segoe UI', Roboto, Helvetica, Arial, sans-serif, 'Apple Color Emoji', 'Segoe UI Emoji', 'Segoe UI Symbol'; position: relative; color: #74787e; font-size: 15px; line-height: 18px; margin: 0; padding: 10px 0;">27-01-2027 (Wednesday)</td>
<td align="right" style="box-sizing: border-box; font-family: -apple-system, BlinkMacSystemFont, 'Segoe UI', Roboto, Helvetica, Arial, sans-serif, 'Apple Color Emoji', 'Segoe UI Emoji', 'Segoe UI Symbol'; position: relative; color: #74787e; font-size: 15px; line-height: 18px; margin: 0; padding: 10px 0;">Night Shift</td>
</tr>
<tr>
<td align="left" style="box-sizing: border-box; font-family: -apple-system, BlinkMacSystemFont, 'Segoe UI', Roboto, Helvetica, Arial, sans-serif, 'Apple Color Emoji', 'Segoe UI Emoji', 'Segoe UI Symbol'; position: relative; color: #74787e; font-size: 15px; line-height: 18px; margin: 0; padding: 10px 0;">28-01-2027 (Thursday)</td>
<td align="right" style="box-sizing: border-box; font-family: -apple-system, BlinkMacSystemFont, 'Segoe UI', Roboto, Helvetica, Arial, sans-serif, 'Apple Color Emoji', 'Segoe UI Emoji', 'Segoe UI Symbol'; position: relative; color: #74787e; font-size: 15px; line-height: 18px; margin: 0; padding: 10px 0;">Night Shift</td>
</tr>
<tr>
<td align="left" style="box-sizing: border-box; font-family: -apple-system, BlinkMacSystemFont, 'Segoe UI', Roboto, Helvetica, Arial, sans-serif, 'Apple Color Emoji', 'Segoe UI Emoji', 'Segoe UI Symbol'; position: relative; color: #74787e; font-size: 15px; line-height: 18px; margin: 0; padding: 10px 0;">29-01-2027 (Friday)</td>
<td align="right" style="box-sizing: border-box; font-family: -apple-system, BlinkMacSystemFont, 'Segoe UI', Roboto, Helvetica, Arial, sans-serif, 'Apple Color Emoji', 'Segoe UI Emoji', 'Segoe UI Symbol'; position: relative; color: #74787e; font-size: 15px; line-height: 18px; margin: 0; padding: 10px 0;">Night Shift</td>
</tr>
<tr>
<td align="left" style="box-sizing: border-box; font-family: -apple-system, BlinkMacSystemFont, 'Segoe UI', Roboto, Helvetica, Arial, sans-serif, 'Apple Color Emoji', 'Segoe UI Emoji', 'Segoe UI Symbol'; position: relative; color: #74787e; font-size: 15px; line-height: 18px; margin: 0; padding: 10px 0;">30-01-2027 (Saturday)</td>
<td align="right" style="box-sizing: border-box; font-family: -apple-system, BlinkMacSystemFont, 'Segoe UI', Roboto, Helvetica, Arial, sans-serif, 'Apple Color Emoji', 'Segoe UI Emoji', 'Segoe UI Symbol'; position: relative; color: #74787e; font-size: 15px; line-height: 18px; margin: 0; padding: 10px 0;">Day Shift</td>
</tr>
<tr>
<td align="left" style="box-sizing: border-box; font-family: -apple-system, BlinkMacSystemFont, 'Segoe UI', Roboto, Helvetica, Arial, sans-serif, 'Apple Color Emoji', 'Segoe UI Emoji', 'Segoe UI Symbol'; position: relative; color: #74787e; font-size: 15px; line-height: 18px; margin: 0; padding: 10px 0;">31-01-2027 (Sunday)</td>
<td align="right" style="box-sizing: border-box; font-family: -apple-system, BlinkMacSystemFont, 'Segoe UI', Roboto, Helvetica, Arial, sans-serif, 'Apple Color Emoji', 'Segoe UI Emoji', 'Segoe UI Symbol'; position: relative; color: #74787e; font-size: 15px; line-height: 18px; margin: 0; padding: 10px 0;">Day Shift</td>
</tr>
<tr>
<td align="left" style="box-sizing: border-box; font-family: -apple-system, BlinkMacSystemFont, 'Segoe UI', Roboto, Helvetica, Arial, sans-serif, 'Apple Color Emoji', 'Segoe UI Emoji', 'Segoe UI Symbol'; position: relative; color: #74787e; font-size: 15px; line-height: 18px; margin: 0; padding: 10px 0;">01-02-2027 (Monday)</td>
<td align="right" style="box-sizing: border-box; font-family: -apple-system, BlinkMacSystemFont, 'Segoe UI', Roboto, Helvetica, Arial, sans-serif, 'Apple Color Emoji', 'Segoe UI Emoji', 'Segoe UI Symbol'; position: relative; color: #74787e; font-size: 15px; line-height: 18px; margin: 0; padding: 10px 0;">Night Shift</td>
</tr>
<tr>
<td align="left" style="box-sizing: border-box; font-family: -apple-system, BlinkMacSystemFont, 'Segoe UI', Roboto, Helvetica, Arial, sans-serif, 'Apple Color Emoji', 'Segoe UI Emoji', 'Segoe UI Symbol'; position: relative; color: #74787e; font-size: 15px; line-height: 18px; margin: 0; padding: 10px 0;">02-02-2027 (Tuesday)</td>
<td align="right" style="box-sizing: border-box; font-family: -apple-system, BlinkMacSystemFont, 'Segoe UI', Roboto, Helvetica, Arial, sans-serif, 'Apple Color Emoji', 'Segoe UI Emoji', 'Segoe UI Symbol'; position: relative; color: #74787e; font-size: 15px; line-height: 18px; margin: 0; padding: 10px 0;">Night Shift</td>
</tr>
<tr>
<td align="left" style="box-sizing: border-box; font-family: -apple-system, BlinkMacSystemFont, 'Segoe UI', Roboto, Helvetica, Arial, sans-serif, 'Apple Color Emoji', 'Segoe UI Emoji', 'Segoe UI Symbol'; position: relative; color: #74787e; font-size: 15px; line-height: 18px; margin: 0; padding: 10px 0;">03-02-2027 (Wednesday)</td>
<td align="right" style="box-sizing: border-box; font-family: -apple-system, BlinkMacSystemFont, 'Segoe UI', Roboto, Helvetica, Arial, sans-serif, 'Apple Color Emoji', 'Segoe UI Emoji', 'Segoe UI Symbol'; position: relative; color: #74787e; font-size: 15px; line-height: 18px; margin: 0; padding: 10px 0;">Night Shift</td>
</tr>
<tr>
<td align="left" style="box-sizing: border-box; font-family: -apple-system, BlinkMacSystemFont, 'Segoe UI', Roboto, Helvetica, Arial, sans-serif, 'Apple Color Emoji', 'Segoe UI Emoji', 'Segoe UI Symbol'; position: relative; color: #74787e; font-size: 15px; line-height: 18px; margin: 0; padding: 10px 0;">04-02-2027 (Thursday)</td>
<td align="right" style="box-sizing: border-box; font-family: -apple-system, BlinkMacSystemFont, 'Segoe UI', Roboto, Helvetica, Arial, sans-serif, 'Apple Color Emoji', 'Segoe UI Emoji', 'Segoe UI Symbol'; position: relative; color: #74787e; font-size: 15px; line-height: 18px; margin: 0; padding: 10px 0;">Night Shift</td>
</tr>
<tr>
<td align="left" style="box-sizing: border-box; font-family: -apple-system, BlinkMacSystemFont, 'Segoe UI', Roboto, Helvetica, Arial, sans-serif, 'Apple Color Emoji', 'Segoe UI Emoji', 'Segoe UI Symbol'; position: relative; color: #74787e; font-size: 15px; line-height: 18px; margin: 0; padding: 10px 0;">05-02-2027 (Friday)</td>
<td align="right" style="box-sizing: border-box; font-family: -apple-system, BlinkMacSystemFont, 'Segoe UI', Roboto, Helvetica, Arial, sans-serif, 'Apple Color Emoji', 'Segoe UI Emoji', 'Segoe UI Symbol'; position: relative; color: #74787e; font-size: 15px; line-height: 18px; margin: 0; padding: 10px 0;">Night Shift</td>
</tr>
<tr>
<td align="left" style="box-sizing: border-box; font-family: -apple-system, BlinkMacSystemFont, 'Segoe UI', Roboto, Helvetica, Arial, sans-serif, 'Apple Color Emoji', 'Segoe UI Emoji', 'Segoe UI Symbol'; position: relative; color: #74787e; font-size: 15px; line-height: 18px; margin: 0; padding: 10px 0;">06-02-2027 (Saturday)</td>
<td align="right" style="box-sizing: border-box; font-family: -apple-system, BlinkMacSystemFont, 'Segoe UI', Roboto, Helvetica, Arial, sans-serif, 'Apple Color Emoji', 'Segoe UI Emoji', 'Segoe UI Symbol'; position: relative; color: #74787e; font-size: 15px; line-height: 18px; margin: 0; padding: 10px 0;">Day Shift</td>
</tr>
<tr>
<td align="left" style="box-sizing: border-box; font-family: -apple-system, BlinkMacSystemFont, 'Segoe UI', Roboto, Helvetica, Arial, sans-serif, 'Apple Color Emoji', 'Segoe UI Emoji', 'Segoe UI Symbol'; position: relative; color: #74787e; font-size: 15px; line-height: 18px; margin: 0; padding: 10px 0;">07-02-2027 (Sunday)</td>
<td align="right" style="box-sizing: border-box; font-family: -apple-system, BlinkMacSystemFont, 'Segoe UI', Roboto, Helvetica, Arial, sans-serif, 'Apple Color Emoji', 'Segoe UI Emoji', 'Segoe UI Symbol'; position: relative; color: #74787e; font-size: 15px; line-height: 18px; margin: 0; padding: 10px 0;">Day Shift</td>
</tr>
<tr>
<td align="left" style="box-sizing: border-box; font-family: -apple-system, BlinkMacSystemFont, 'Segoe UI', Roboto, Helvetica, Arial, sans-serif, 'Apple Color Emoji', 'Segoe UI Emoji', 'Segoe UI Symbol'; position: relative; color: #74787e; font-size: 15px; line-height: 18px; margin: 0; padding: 10px 0;">08-02-2027 (Monday)</td>
<td align="right" style="box-sizing: border-box; font-family: -apple-system, BlinkMacSystemFont, 'Segoe UI', Roboto, Helvetica, Arial, sans-serif, 'Apple Color Emoji', 'Segoe UI Emoji', 'Segoe UI Symbol'; position: relative; color: #74787e; font-size: 15px; line-height: 18px; margin: 0; padding: 10px 0;">Night Shift</td>
</tr>
<tr>
<td align="left" style="box-sizing: border-box; font-family: -apple-system, BlinkMacSystemFont, 'Segoe UI', Roboto, Helvetica, Arial, sans-serif, 'Apple Color Emoji', 'Segoe UI Emoji', 'Segoe UI Symbol'; position: relative; color: #74787e; font-size: 15px; line-height: 18px; margin: 0; padding: 10px 0;">09-02-2027 (Tuesday)</td>
<td align="right" style="box-sizing: border-box; font-family: -apple-system, BlinkMacSystemFont, 'Segoe UI', Roboto, Helvetica, Arial, sans-serif, 'Apple Color Emoji', 'Segoe UI Emoji', 'Segoe UI Symbol'; position: relative; color: #74787e; font-size: 15px; line-height: 18px; margin: 0; padding: 10px 0;">Night Shift</td>
</tr>
<tr>
<td align="left" style="box-sizing: border-box; font-family: -apple-system, BlinkMacSystemFont, 'Segoe UI', Roboto, Helvetica, Arial, sans-serif, 'Apple Color Emoji', 'Segoe UI Emoji', 'Segoe UI Symbol'; position: relative; color: #74787e; font-size: 15px; line-height: 18px; margin: 0; padding: 10px 0;">10-02-2027 (Wednesday)</td>
<td align="right" style="box-sizing: border-box; font-family: -apple-system, BlinkMacSystemFont, 'Segoe UI', Roboto, Helvetica, Arial, sans-serif, 'Apple Color Emoji', 'Segoe UI Emoji', 'Segoe UI Symbol'; position: relative; color: #74787e; font-size: 15px; line-height: 18px; margin: 0; padding: 10px 0;">Night Shift</td>
</tr>
<tr>
<td align="left" style="box-sizing: border-box; font-family: -apple-system, BlinkMacSystemFont, 'Segoe UI', Roboto, Helvetica, Arial, sans-serif, 'Apple Color Emoji', 'Segoe UI Emoji', 'Segoe UI Symbol'; position: relative; color: #74787e; font-size: 15px; line-height: 18px; margin: 0; padding: 10px 0;">11-02-2027 (Thursday)</td>
<td align="right" style="box-sizing: border-box; font-family: -apple-system, BlinkMacSystemFont, 'Segoe UI', Roboto, Helvetica, Arial, sans-serif, 'Apple Color Emoji', 'Segoe UI Emoji', 'Segoe UI Symbol'; position: relative; color: #74787e; font-size: 15px; line-height: 18px; margin: 0; padding: 10px 0;">Night Shift</td>
</tr>
<tr>
<td align="left" style="box-sizing: border-box; font-family: -apple-system, BlinkMacSystemFont, 'Segoe UI', Roboto, Helvetica, Arial, sans-serif, 'Apple Color Emoji', 'Segoe UI Emoji', 'Segoe UI Symbol'; position: relative; color: #74787e; font-size: 15px; line-height: 18px; margin: 0; padding: 10px 0;">12-02-2027 (Friday)</td>
<td align="right" style="box-sizing: border-box; font-family: -apple-system, BlinkMacSystemFont, 'Segoe UI', Roboto, Helvetica, Arial, sans-serif, 'Apple Color Emoji', 'Segoe UI Emoji', 'Segoe UI Symbol'; position: relative; color: #74787e; font-size: 15px; line-height: 18px; margin: 0; padding: 10px 0;">Night Shift</td>
</tr>
<tr>
<td align="left" style="box-sizing: border-box; font-family: -apple-system, BlinkMacSystemFont, 'Segoe UI', Roboto, Helvetica, Arial, sans-serif, 'Apple Color Emoji', 'Segoe UI Emoji', 'Segoe UI Symbol'; position: relative; color: #74787e; font-size: 15px; line-height: 18px; margin: 0; padding: 10px 0;">13-02-2027 (Saturday)</td>
<td align="right" style="box-sizing: border-box; font-family: -apple-system, BlinkMacSystemFont, 'Segoe UI', Roboto, Helvetica, Arial, sans-serif, 'Apple Color Emoji', 'Segoe UI Emoji', 'Segoe UI Symbol'; position: relative; color: #74787e; font-size: 15px; line-height: 18px; margin: 0; padding: 10px 0;">Day Shift</td>
</tr>
<tr>
<td align="left" style="box-sizing: border-box; font-family: -apple-system, BlinkMacSystemFont, 'Segoe UI', Roboto, Helvetica, Arial, sans-serif, 'Apple Color Emoji', 'Segoe UI Emoji', 'Segoe UI Symbol'; position: relative; color: #74787e; font-size: 15px; line-height: 18px; margin: 0; padding: 10px 0;">14-02-2027 (Sunday)</td>
<td align="right" style="box-sizing: border-box; font-family: -apple-system, BlinkMacSystemFont, 'Segoe UI', Roboto, Helvetica, Arial, sans-serif, 'Apple Color Emoji', 'Segoe UI Emoji', 'Segoe UI Symbol'; position: relative; color: #74787e; font-size: 15px; line-height: 18px; margin: 0; padding: 10px 0;">Day Shift</td>
</tr>
<tr>
<td align="left" style="box-sizing: border-box; font-family: -apple-system, BlinkMacSystemFont, 'Segoe UI', Roboto, Helvetica, Arial, sans-serif, 'Apple Color Emoji', 'Segoe UI Emoji', 'Segoe UI Symbol'; position: relative; color: #74787e; font-size: 15px; line-height: 18px; margin: 0; padding: 10px 0;">15-02-2027 (Monday)</td>
<td align="right" style="box-sizing: border-box; font-family: -apple-system, BlinkMacSystemFont, 'Segoe UI', Roboto, Helvetica, Arial, sans-serif, 'Apple Color Emoji', 'Segoe UI Emoji', 'Segoe UI Symbol'; position: relative; color: #74787e; font-size: 15px; line-height: 18px; margin: 0; padding: 10px 0;">Night Shift</td>
</tr>
<tr>
<td align="left" style="box-sizing: border-box; font-family: -apple-system, BlinkMacSystemFont, 'Segoe UI', Roboto, Helvetica, Arial, sans-serif, 'Apple Color Emoji', 'Segoe UI Emoji', 'Segoe UI Symbol'; position: relative; color: #74787e; font-size: 15px; line-height: 18px; margin: 0; padding: 10px 0;">16-02-2027 (Tuesday)</td>
<td align="right" style="box-sizing: border-box; font-family: -apple-system, BlinkMacSystemFont, 'Segoe UI', Roboto, Helvetica, Arial, sans-serif, 'Apple Color Emoji', 'Segoe UI Emoji', 'Segoe UI Symbol'; position: relative; color: #74787e; font-size: 15px; line-height: 18px; margin: 0; padding: 10px 0;">Night Shift</td>
</tr>
<tr>
<td align="left" style="box-sizing: border-box; font-family: -apple-system, BlinkMacSystemFont, 'Segoe UI', Roboto, Helvetica, Arial, sans-serif, 'Apple Color Emoji', 'Segoe UI Emoji', 'Segoe UI Symbol'; position: relative; color: #74787e; font-size: 15px; line-height: 18px; margin: 0; padding: 10px 0;">17-02-2027 (Wednesday)</td>
<td align="right" style="box-sizing: border-box; font-family: -apple-system, BlinkMacSystemFont, 'Segoe UI', Roboto, Helvetica, Arial, sans-serif, 'Apple Color Emoji', 'Segoe UI Emoji', 'Segoe UI Symbol'; position: relative; color: #74787e; font-size: 15px; line-height: 18px; margin: 0; padding: 10px 0;">Night Shift</td>
</tr>
<tr>
<td align="left" style="box-sizing: border-box; font-family: -apple-system, BlinkMacSystemFont, 'Segoe UI', Roboto, Helvetica, Arial, sans-serif, 'Apple Color Emoji', 'Segoe UI Emoji', 'Segoe UI Symbol'; position: relative; color: #74787e; font-size: 15px; line-height: 18px; margin: 0; padding: 10px 0;">18-02-2027 (Thursday)</td>
<td align="right" style="box-sizing: border-box; font-family: -apple-system, BlinkMacSystemFont, 'Segoe UI', Roboto, Helvetica, Arial, sans-serif, 'Apple Color Emoji', 'Segoe UI Emoji', 'Segoe UI Symbol'; position: relative; color: #74787e; font-size: 15px; line-height: 18px; margin: 0; padding: 10px 0;">Night Shift</td>
</tr>
<tr>
<td align="left" style="box-sizing: border-box; font-family: -apple-system, BlinkMacSystemFont, 'Segoe UI', Roboto, Helvetica, Arial, sans-serif, 'Apple Color Emoji', 'Segoe UI Emoji', 'Segoe UI Symbol'; position: relative; color: #74787e; font-size: 15px; line-height: 18px; margin: 0; padding: 10px 0;">19-02-2027 (Friday)</td>
<td align="right" style="box-sizing: border-box; font-family: -apple-system, BlinkMacSystemFont, 'Segoe UI', Roboto, Helvetica, Arial, sans-serif, 'Apple Color Emoji', 'Segoe UI Emoji', 'Segoe UI Symbol'; position: relative; color: #74787e; font-size: 15px; line-height: 18px; margin: 0; padding: 10px 0;">Night Shift</td>
</tr>
<tr>
<td align="left" style="box-sizing: border-box; font-family: -apple-system, BlinkMacSystemFont, 'Segoe UI', Roboto, Helvetica, Arial, sans-serif, 'Apple Color Emoji', 'Segoe UI Emoji', 'Segoe UI Symbol'; position: relative; color: #74787e; font-size: 15px; line-height: 18px; margin: 0; padding: 10px 0;">20-02-2027 (Saturday)</td>
<td align="right" style="box-sizing: border-box; font-family: -apple-system, BlinkMacSystemFont, 'Segoe UI', Roboto, Helvetica, Arial, sans-serif, 'Apple Color Emoji', 'Segoe UI Emoji', 'Segoe UI Symbol'; position: relative; color: #74787e; font-size: 15px; line-height: 18px; margin: 0; padding: 10px 0;">Day Shift</td>
</tr>
<tr>
<td align="left" style="box-sizing: border-box; font-family: -apple-system, BlinkMacSystemFont, 'Segoe UI', Roboto, Helvetica, Arial, sans-serif, 'Apple Color Emoji', 'Segoe UI Emoji', 'Segoe UI Symbol'; position: relative; color: #74787e; font-size: 15px; line-height: 18px; margin: 0; padding: 10px 0;">21-02-2027 (Sunday)</td>
<td align="right" style="box-sizing: border-box; font-family: -apple-system, BlinkMacSystemFont, 'Segoe UI', Roboto, Helvetica, Arial, sans-serif, 'Apple Color Emoji', 'Segoe UI Emoji', 'Segoe UI Symbol'; position: relative; color: #74787e; font-size: 15px; line-height: 18px; margin: 0; padding: 10px 0;">Day Shift</td>
</tr>
<tr>
<td align="left" style="box-sizing: border-box; font-family: -apple-system, BlinkMacSystemFont, 'Segoe UI', Roboto, Helvetica, Arial, sans-serif, 'Apple Color Emoji', 'Segoe UI Emoji', 'Segoe UI Symbol'; position: relative; color: #74787e; font-size: 15px; line-height: 18px; margin: 0; padding: 10px 0;">22-02-2027 (Monday)</td>
<td align="right" style="box-sizing: border-box; font-family: -apple-system, BlinkMacSystemFont, 'Segoe UI', Roboto, Helvetica, Arial, sans-serif, 'Apple Color Emoji', 'Segoe UI Emoji', 'Segoe UI Symbol'; position: relative; color: #74787e; font-size: 15px; line-height: 18px; margin: 0; padding: 10px 0;">Night Shift</td>
</tr>
<tr>
<td align="left" style="box-sizing: border-box; font-family: -apple-system, BlinkMacSystemFont, 'Segoe UI', Roboto, Helvetica, Arial, sans-serif, 'Apple Color Emoji', 'Segoe UI Emoji', 'Segoe UI Symbol'; position: relative; color: #74787e; font-size: 15px; line-height: 18px; margin: 0; padding: 10px 0;">23-02-2027 (Tuesday)</td>
<td align="right" style="box-sizing: border-box; font-family: -apple-system, BlinkMacSystemFont, 'Segoe UI', Roboto, Helvetica, Arial, sans-serif, 'Apple Color Emoji', 'Segoe UI Emoji', 'Segoe UI Symbol'; position: relative; color: #74787e; font-size: 15px; line-height: 18px; margin: 0; padding: 10px 0;">Night Shift</td>
</tr>
<tr>
<td align="left" style="box-sizing: border-box; font-family: -apple-system, BlinkMacSystemFont, 'Segoe UI', Roboto, Helvetica, Arial, sans-serif, 'Apple Color Emoji', 'Segoe UI Emoji', 'Segoe UI Symbol'; position: relative; color: #74787e; font-size: 15px; line-height: 18px; margin: 0; padding: 10px 0;">24-02-2027 (Wednesday)</td>
<td align="right" style="box-sizing: border-box; font-family: -apple-system, BlinkMacSystemFont, 'Segoe UI', Roboto, Helvetica, Arial, sans-serif, 'Apple Color Emoji', 'Segoe UI Emoji', 'Segoe UI Symbol'; position: relative; color: #74787e; font-size: 15px; line-height: 18px; margin: 0; padding: 10px 0;">Night Shift</td>
</tr>
<tr>
<td align="left" style="box-sizing: border-box; font-family: -apple-system, BlinkMacSystemFont, 'Segoe UI', Roboto, Helvetica, Arial, sans-serif, 'Apple Color Emoji', 'Segoe UI Emoji', 'Segoe UI Symbol'; position: relative; color: #74787e; font-size: 15px; line-height: 18px; margin: 0; padding: 10px 0;">25-02-2027 (Thursday)</td>
<td align="right" style="box-sizing: border-box; font-family: -apple-system, BlinkMacSystemFont, 'Segoe UI', Roboto, Helvetica, Arial, sans-serif, 'Apple Color Emoji', 'Segoe UI Emoji', 'Segoe UI Symbol'; position: relative; color: #74787e; font-size: 15px; line-height: 18px; margin: 0; padding: 10px 0;">Night Shift</td>
</tr>
<tr>
<td align="left" style="box-sizing: border-box; font-family: -apple-system, BlinkMacSystemFont, 'Segoe UI', Roboto, Helvetica, Arial, sans-serif, 'Apple Color Emoji', 'Segoe UI Emoji', 'Segoe UI Symbol'; position: relative; color: #74787e; font-size: 15px; line-height: 18px; margin: 0; padding: 10px 0;">26-02-2027 (Friday)</td>
<td align="right" style="box-sizing: border-box; font-family: -apple-system, BlinkMacSystemFont, 'Segoe UI', Roboto, Helvetica, Arial, sans-serif, 'Apple Color Emoji', 'Segoe UI Emoji', 'Segoe UI Symbol'; position: relative; color: #74787e; font-size: 15px; line-height: 18px; margin: 0; padding: 10px 0;">Night Shift</td>
</tr>
<tr>
<td align="left" style="box-sizing: border-box; font-family: -apple-system, BlinkMacSystemFont, 'Segoe UI', Roboto, Helvetica, Arial, sans-serif, 'Apple Color Emoji', 'Segoe UI Emoji', 'Segoe UI Symbol'; position: relative; color: #74787e; font-size: 15px; line-height: 18px; margin: 0; padding: 10px 0;">27-02-2027 (Saturday)</td>
<td align="right" style="box-sizing: border-box; font-family: -apple-system, BlinkMacSystemFont, 'Segoe UI', Roboto, Helvetica, Arial, sans-serif, 'Apple Color Emoji', 'Segoe UI Emoji', 'Segoe UI Symbol'; position: relative; color: #74787e; font-size: 15px; line-height: 18px; margin: 0; padding: 10px 0;">Day Shift</td>
</tr>
<tr>
<td align="left" style="box-sizing: border-box; font-family: -apple-system, BlinkMacSystemFont, 'Segoe UI', Roboto, Helvetica, Arial, sans-serif, 'Apple Color Emoji', 'Segoe UI Emoji', 'Segoe UI Symbol'; position: relative; color: #74787e; font-size: 15px; line-height: 18px; margin: 0; padding: 10px 0;">28-02-2027 (Sunday)</td>
<td align="right" style="box-sizing: border-box; font-family: -apple-system, BlinkMacSystemFont, 'Segoe UI', Roboto, Helvetica, Arial, sans-serif, 'Apple Color Emoji', 'Segoe UI Emoji', 'Segoe UI Symbol'; position: relative; color: #74787e; font-size: 15px; line-height: 18px; margin: 0; padding: 10px 0;">Day Shift</td>
</tr>
<tr>
<td align="left" style="box-sizing: border-box; font-family: -apple-system, BlinkMacSystemFont, 'Segoe UI', Roboto, Helvetica, Arial, sans-serif, 'Apple Color Emoji', 'Segoe UI Emoji', 'Segoe UI Symbol'; position: relative; color: #74787e; font-size: 15px; line-height: 18px; margin: 0; padding: 10px 0;">01-03-2027 (Monday)</td>
<td align="right" style="box-sizing: border-box; font-family: -apple-system, BlinkMacSystemFont, 'Segoe UI', Roboto, Helvetica, Arial, sans-serif, 'Apple Color Emoji', 'Segoe UI Emoji', 'Segoe UI Symbol'; position: relative; color: #74787e; font-size: 15px; line-height: 18px; margin: 0; padding: 10px 0;">Night Shift</td>
</tr>
<tr>
<td align="left" style="box-sizing: border-box; font-family: -apple-system, BlinkMacSystemFont, 'Segoe UI', Roboto, Helvetica, Arial, sans-serif, 'Apple Color Emoji', 'Segoe UI Emoji', 'Segoe UI Symbol'; position: relative; color: #74787e; font-size: 15px; line-height: 18px; margin: 0; padding: 10px 0;">02-03-2027 (Tuesday)</td>
<td align="right" style="box-sizing: border-box; font-family: -apple-system, BlinkMacSystemFont, 'Segoe UI', Roboto, Helvetica, Arial, sans-serif, 'Apple Color Emoji', 'Segoe UI Emoji', 'Segoe UI Symbol'; position: relative; color: #74787e; font-size: 15px; line-height: 18px; margin: 0; padding: 10px 0;">Night Shift</td>
</tr>
<tr>
<td align="left" style="box-sizing: border-box; font-family: -apple-system, BlinkMacSystemFont, 'Segoe UI', Roboto, Helvetica, Arial, sans-serif, 'Apple Color Emoji', 'Segoe UI Emoji', 'Segoe UI Symbol'; position: relative; color: #74787e; font-size: 15px; line-height: 18px; margin: 0; padding: 10px 0;">03-03-2027 (Wednesday)</td>
<td align="right" style="box-sizing: border-box; font-family: -apple-system, BlinkMacSystemFont, 'Segoe UI', Roboto, Helvetica, Arial, sans-serif, 'Apple Color Emoji', 'Segoe UI Emoji', 'Segoe UI Symbol'; position: relative; color: #74787e; font-size: 15px; line-height: 18px; margin: 0; padding: 10px 0;">Night Shift</td>
</tr>
<tr>
<td align="left" style="box-sizing: border-box; font-family: -apple-system, BlinkMacSystemFont, 'Segoe UI', Roboto, Helvetica, Arial, sans-serif, 'Apple Color Emoji', 'Segoe UI Emoji', 'Segoe UI Symbol'; position: relative; color: #74787e; font-size: 15px; line-height: 18px; margin: 0; padding: 10px 0;">04-03-2027 (Thursday)</td>
<td align="right" style="box-sizing: border-box; font-family: -apple-system, BlinkMacSystemFont, 'Segoe UI', Roboto, Helvetica, Arial, sans-serif, 'Apple Color Emoji', 'Segoe UI Emoji', 'Segoe UI Symbol'; position: relative; color: #74787e; font-size: 15px; line-height: 18px; margin: 0; padding: 10px 0;">Night Shift</td>
</tr>
<tr>
<td align="left" style="box-sizing: border-box; font-family: -apple-system, BlinkMacSystemFont, 'Segoe UI', Roboto, Helvetica, Arial, sans-serif, 'Apple Color Emoji', 'Segoe UI Emoji', 'Segoe UI Symbol'; position: relative; color: #74787e; font-size: 15px; line-height: 18px; margin: 0; padding: 10px 0;">05-03-2027 (Friday)</td>
<td align="right" style="box-sizing: border-box; font-family: -apple-system, BlinkMacSystemFont, 'Segoe UI', Roboto, Helvetica, Arial, sans-serif, 'Apple Color Emoji', 'Segoe UI Emoji', 'Segoe UI Symbol'; position: relative; color: #74787e; font-size: 15px; line-height: 18px; margin: 0; padding: 10px 0;">Night Shift</td>
</tr>
<tr>
<td align="left" style="box-sizing: border-box; font-family: -apple-system, BlinkMacSystemFont, 'Segoe UI', Roboto, Helvetica, Arial, sans-serif, 'Apple Color Emoji', 'Segoe UI Emoji', 'Segoe UI Symbol'; position: relative; color: #74787e; font-size: 15px; line-height: 18px; margin: 0; padding: 10px 0;">06-03-2027 (Saturday)</td>
<td align="right" style="box-sizing: border-box; font-family: -apple-system, BlinkMacSystemFont, 'Segoe UI', Roboto, Helvetica, Arial, sans-serif, 'Apple Color Emoji', 'Segoe UI Emoji', 'Segoe UI Symbol'; position: relative; color: #74787e; font-size: 15px; line-height: 18px; margin: 0; padding: 10px 0;">Day Shift</td>
</tr>
<tr>
<td align="left" style="box-sizing: border-box; font-family: -apple-system, BlinkMacSystemFont, 'Segoe UI', Roboto, Helvetica, Arial, sans-serif, 'Apple Color Emoji', 'Segoe UI Emoji', 'Segoe UI Symbol'; position: relative; color: #74787e; font-size: 15px; line-height: 18px; margin: 0; padding: 10px 0;">07-03-2027 (Sunday)</td>
<td align="right" style="box-sizing: border-box; font-family: -apple-system, BlinkMacSystemFont, 'Segoe UI', Roboto, Helvetica, Arial, sans-serif, 'Apple Color Emoji', 'Segoe UI Emoji', 'Segoe UI Symbol'; position: relative; color: #74787e; font-size: 15px; line-height: 18px; margin: 0; padding: 10px 0;">Day Shift</td>
</tr>
<tr>
<td align="left" style="box-sizing: border-box; font-family: -apple-system, BlinkMacSystemFont, 'Segoe UI', Roboto, Helvetica, Arial, sans-serif, 'Apple Color Emoji', 'Segoe UI Emoji', 'Segoe UI Symbol'; position: relative; color: #74787e; font-size: 15px; line-height: 18px; margin: 0; padding: 10px 0;">08-03-2027 (Monday)</td>
<td align="right" style="box-sizing: border-box; font-family: -apple-system, BlinkMacSystemFont, 'Segoe UI', Roboto, Helvetica, Arial, sans-serif, 'Apple Color Emoji', 'Segoe UI Emoji', 'Segoe UI Symbol'; position: relative; color: #74787e; font-size: 15px; line-height: 18px; margin: 0; padding: 10px 0;">Night Shift</td>
</tr>
<tr>
<td align="left" style="box-sizing: border-box; font-family: -apple-system, BlinkMacSystemFont, 'Segoe UI', Roboto, Helvetica, Arial, sans-serif, 'Apple Color Emoji', 'Segoe UI Emoji', 'Segoe UI Symbol'; position: relative; color: #74787e; font-size: 15px; line-height: 18px; margin: 0; padding: 10px 0;">09-03-2027 (Tuesday)</td>
<td align="right" style="box-sizing: border-box; font-family: -apple-system, BlinkMacSystemFont, 'Segoe UI', Roboto, Helvetica, Arial, sans-serif, 'Apple Color Emoji', 'Segoe UI Emoji', 'Segoe UI Symbol'; position: relative; color: #74787e; font-size: 15px; line-height: 18px; margin: 0; padding: 10px 0;">Night Shift</td>
</tr>
<tr>
<td align="left" style="box-sizing: border-box; font-family: -apple-system, BlinkMacSystemFont, 'Segoe UI', Roboto, Helvetica, Arial, sans-serif, 'Apple Color Emoji', 'Segoe UI Emoji', 'Segoe UI Symbol'; position: relative; color: #74787e; font-size: 15px; line-height: 18px; margin: 0; padding: 10px 0;">10-03-2027 (Wednesday)</td>
<td align="right" style="box-sizing: border-box; font-family: -apple-system, BlinkMacSystemFont, 'Segoe UI', Roboto, Helvetica, Arial, sans-serif, 'Apple Color Emoji', 'Segoe UI Emoji', 'Segoe UI Symbol'; position: relative; color: #74787e; font-size: 15px; line-height: 18px; margin: 0; padding: 10px 0;">Night Shift</td>
</tr>
<tr>
<td align="left" style="box-sizing: border-box; font-family: -apple-system, BlinkMacSystemFont, 'Segoe UI', Roboto, Helvetica, Arial, sans-serif, 'Apple Color Emoji', 'Segoe UI Emoji', 'Segoe UI Symbol'; position: relative; color: #74787e; font-size: 15px; line-height: 18px; margin: 0; padding: 10px 0;">11-03-2027 (Thursday)</td>
<td align="right" style="box-sizing: border-box; font-family: -apple-system, BlinkMacSystemFont, 'Segoe UI', Roboto, Helvetica, Arial, sans-serif, 'Apple Color Emoji', 'Segoe UI Emoji', 'Segoe UI Symbol'; position: relative; color: #74787e; font-size: 15px; line-height: 18px; margin: 0; padding: 10px 0;">Night Shift</td>
</tr>
<tr>
<td align="left" style="box-sizing: border-box; font-family: -apple-system, BlinkMacSystemFont, 'Segoe UI', Roboto, Helvetica, Arial, sans-serif, 'Apple Color Emoji', 'Segoe UI Emoji', 'Segoe UI Symbol'; position: relative; color: #74787e; font-size: 15px; line-height: 18px; margin: 0; padding: 10px 0;">12-03-2027 (Friday)</td>
<td align="right" style="box-sizing: border-box; font-family: -apple-system, BlinkMacSystemFont, 'Segoe UI', Roboto, Helvetica, Arial, sans-serif, 'Apple Color Emoji', 'Segoe UI Emoji', 'Segoe UI Symbol'; position: relative; color: #74787e; font-size: 15px; line-height: 18px; margin: 0; padding: 10px 0;">Night Shift</td>
</tr>
<tr>
<td align="left" style="box-sizing: border-box; font-family: -apple-system, BlinkMacSystemFont, 'Segoe UI', Roboto, Helvetica, Arial, sans-serif, 'Apple Color Emoji', 'Segoe UI Emoji', 'Segoe UI Symbol'; position: relative; color: #74787e; font-size: 15px; line-height: 18px; margin: 0; padding: 10px 0;">13-03-2027 (Saturday)</td>
<td align="right" style="box-sizing: border-box; font-family: -apple-system, BlinkMacSystemFont, 'Segoe UI', Roboto, Helvetica, Arial, sans-serif, 'Apple Color Emoji', 'Segoe UI Emoji', 'Segoe UI Symbol'; position: relative; color: #74787e; font-size: 15px; line-height: 18px; margin: 0; padding: 10px 0;">Day Shift</td>
</tr>
<tr>
<td align="left" style="box-sizing: border-box; font-family: -apple-system, BlinkMacSystemFont, 'Segoe UI', Roboto, Helvetica, Arial, sans-serif, 'Apple Color Emoji', 'Segoe UI Emoji', 'Segoe UI Symbol'; position: relative; color: #74787e; font-size: 15px; line-height: 18px; margin: 0; padding: 10px 0;">14-03-2027 (Sunday)</td>
<td align="right" style="box-sizing: border-box; font-family: -apple-system, BlinkMacSystemFont, 'Segoe UI', Roboto, Helvetica, Arial, sans-serif, 'Apple Color Emoji', 'Segoe UI Emoji', 'Segoe UI Symbol'; position: relative; color: #74787e; font-size: 15px; line-height: 18px; margin: 0; padding: 10px 0;">Day Shift</td>
</tr>
<tr>
<td align="left" style="box-sizing: border-box; font-family: -apple-system, BlinkMacSystemFont, 'Segoe UI', Roboto, Helvetica, Arial, sans-serif, 'Apple Color Emoji', 'Segoe UI Emoji', 'Segoe UI Symbol'; position: relative; color: #74787e; font-size: 15px; line-height: 18px; margin: 0; padding: 10px 0;">15-03-2027 (Monday)</td>
<td align="right" style="box-sizing: border-box; font-family: -apple-system, BlinkMacSystemFont, 'Segoe UI', Roboto, Helvetica, Arial, sans-serif, 'Apple Color Emoji', 'Segoe UI Emoji', 'Segoe UI Symbol'; position: relative; color: #74787e; font-size: 15px; line-height: 18px; margin: 0; padding: 10px 0;">Night Shift</td>
</tr>
<tr>
<td align="left" style="box-sizing: border-box; font-family: -apple-system, BlinkMacSystemFont, 'Segoe UI', Roboto, Helvetica, Arial, sans-serif, 'Apple Color Emoji', 'Segoe UI Emoji', 'Segoe UI Symbol'; position: relative; color: #74787e; font-size: 15px; line-height: 18px; margin: 0; padding: 10px 0;">16-03-2027 (Tuesday)</td>
<td align="right" style="box-sizing: border-box; font-family: -apple-system, BlinkMacSystemFont, 'Segoe UI', Roboto, Helvetica, Arial, sans-serif, 'Apple Color Emoji', 'Segoe UI Emoji', 'Segoe UI Symbol'; position: relative; color: #74787e; font-size: 15px; line-height: 18px; margin: 0; padding: 10px 0;">Night Shift</td>
</tr>
<tr>
<td align="left" style="box-sizing: border-box; font-family: -apple-system, BlinkMacSystemFont, 'Segoe UI', Roboto, Helvetica, Arial, sans-serif, 'Apple Color Emoji', 'Segoe UI Emoji', 'Segoe UI Symbol'; position: relative; color: #74787e; font-size: 15px; line-height: 18px; margin: 0; padding: 10px 0;">17-03-2027 (Wednesday)</td>
<td align="right" style="box-sizing: border-box; font-family: -apple-system, BlinkMacSystemFont, 'Segoe UI', Roboto, Helvetica, Arial, sans-serif, 'Apple Color Emoji', 'Segoe UI Emoji', 'Segoe UI Symbol'; position: relative; color: #74787e; font-size: 15px; line-height: 18px; margin: 0; padding: 10px 0;">Night Shift</td>
</tr>
<tr>
<td align="left" style="box-sizing: border-box; font-family: -apple-system, BlinkMacSystemFont, 'Segoe UI', Roboto, Helvetica, Arial, sans-serif, 'Apple Color Emoji', 'Segoe UI Emoji', 'Segoe UI Symbol'; position: relative; color: #74787e; font-size: 15px; line-height: 18px; margin: 0; padding: 10px 0;">18-03-2027 (Thursday)</td>
<td align="right" style="box-sizing: border-box; font-family: -apple-system, BlinkMacSystemFont, 'Segoe UI', Roboto, Helvetica, Arial, sans-serif, 'Apple Color Emoji', 'Segoe UI Emoji', 'Segoe UI Symbol'; position: relative; color: #74787e; font-size: 15px; line-height: 18px; margin: 0; padding: 10px 0;">Night Shift</td>
</tr>
<tr>
<td align="left" style="box-sizing: border-box; font-family: -apple-system, BlinkMacSystemFont, 'Segoe UI', Roboto, Helvetica, Arial, sans-serif, 'Apple Color Emoji', 'Segoe UI Emoji', 'Segoe UI Symbol'; position: relative; color: #74787e; font-size: 15px; line-height: 18px; margin: 0; padding: 10px 0;">19-03-2027 (Friday)</td>
<td align="right" style="box-sizing: border-box; font-family: -apple-system, BlinkMacSystemFont, 'Segoe UI', Roboto, Helvetica, Arial, sans-serif, 'Apple Color Emoji', 'Segoe UI Emoji', 'Segoe UI Symbol'; position: relative; color: #74787e; font-size: 15px; line-height: 18px; margin: 0; padding: 10px 0;">Night Shift</td>
</tr>
<tr>
<td align="left" style="box-sizing: border-box; font-family: -apple-system, BlinkMacSystemFont, 'Segoe UI', Roboto, Helvetica, Arial, sans-serif, 'Apple Color Emoji', 'Segoe UI Emoji', 'Segoe UI Symbol'; position: relative; color: #74787e; font-size: 15px; line-height: 18px; margin: 0; padding: 10px 0;">20-03-2027 (Saturday)</td>
<td align="right" style="box-sizing: border-box; font-family: -apple-system, BlinkMacSystemFont, 'Segoe UI', Roboto, Helvetica, Arial, sans-serif, 'Apple Color Emoji', 'Segoe UI Emoji', 'Segoe UI Symbol'; position: relative; color: #74787e; font-size: 15px; line-height: 18px; margin: 0; padding: 10px 0;">Day Shift</td>
</tr>
<tr>
<td align="left" style="box-sizing: border-box; font-family: -apple-system, BlinkMacSystemFont, 'Segoe UI', Roboto, Helvetica, Arial, sans-serif, 'Apple Color Emoji', 'Segoe UI Emoji', 'Segoe UI Symbol'; position: relative; color: #74787e; font-size: 15px; line-height: 18px; margin: 0; padding: 10px 0;">21-03-2027 (Sunday)</td>
<td align="right" style="box-sizing: border-box; font-family: -apple-system, BlinkMacSystemFont, 'Segoe UI', Roboto, Helvetica, Arial, sans-serif, 'Apple Color Emoji', 'Segoe UI Emoji', 'Segoe UI Symbol'; position: relative; color: #74787e; font-size: 15px; line-height: 18px; margin: 0; padding: 10px 0;">Day Shift</td>
</tr>
<tr>
<td align="left" style="box-sizing: border-box; font-family: -apple-system, BlinkMacSystemFont, 'Segoe UI', Roboto, Helvetica, Arial, sans-serif, 'Apple Color Emoji', 'Segoe UI Emoji', 'Segoe UI Symbol'; position: relative; color: #74787e; font-size: 15px; line-height: 18px; margin: 0; padding: 10px 0;">22-03-2027 (Monday)</td>
<td align="right" style="box-sizing: border-box; font-family: -apple-system, BlinkMacSystemFont, 'Segoe UI', Roboto, Helvetica, Arial, sans-serif, 'Apple Color Emoji', 'Segoe UI Emoji', 'Segoe UI Symbol'; position: relative; color: #74787e; font-size: 15px; line-height: 18px; margin: 0; padding: 10px 0;">Night Shift</td>
</tr>
<tr>
<td align="left" style="box-sizing: border-box; font-family: -apple-system, BlinkMacSystemFont, 'Segoe UI', Roboto, Helvetica, Arial, sans-serif, 'Apple Color Emoji', 'Segoe UI Emoji', 'Segoe UI Symbol'; position: relative; color: #74787e; font-size: 15px; line-height: 18px; margin: 0; padding: 10px 0;">23-03-2027 (Tuesday)</td>
<td align="right" style="box-sizing: border-box; font-family: -apple-system, BlinkMacSystemFont, 'Segoe UI', Roboto, Helvetica, Arial, sans-serif, 'Apple Color Emoji', 'Segoe UI Emoji', 'Segoe UI Symbol'; position: relative; color: #74787e; font-size: 15px; line-height: 18px; margin: 0; padding: 10px 0;">Night Shift</td>
</tr>
<tr>
<td align="left" style="box-sizing: border-box; font-family: -apple-system, BlinkMacSystemFont, 'Segoe UI', Roboto, Helvetica, Arial, sans-serif, 'Apple Color Emoji', 'Segoe UI Emoji', 'Segoe UI Symbol'; position: relative; color: #74787e; font-size: 15px; line-height: 18px; margin: 0; padding: 10px 0;">24-03-2027 (Wednesday)</td>
<td align="right" style="box-sizing: border-box; font-family: -apple-system, BlinkMacSystemFont, 'Segoe UI', Roboto, Helvetica, Arial, sans-serif, 'Apple Color Emoji', 'Segoe UI Emoji', 'Segoe UI Symbol'; position: relative; color: #74787e; font-size: 15px; line-height: 18px; margin: 0; padding: 10px 0;">Night Shift</td>
</tr>
<tr>
<td align="left" style="box-sizing: border-box; font-family: -apple-system, BlinkMacSystemFont, 'Segoe UI', Roboto, Helvetica, Arial, sans-serif, 'Apple Color Emoji', 'Segoe UI Emoji', 'Segoe UI Symbol'; position: relative; color: #74787e; font-size: 15px; line-height: 18px; margin: 0; padding: 10px 0;">25-03-2027 (Thursday)</td>
<td align="right" style="box-sizing: border-box; font-family: -apple-system, BlinkMacSystemFont, 'Segoe UI', Roboto, Helvetica, Arial, sans-serif, 'Apple Color Emoji', 'Segoe UI Emoji', 'Segoe UI Symbol'; position: relative; color: #74787e; font-size: 15px; line-height: 18px; margin: 0; padding: 10px 0;">Night Shift</td>
</tr>
<tr>
<td align="left" style="box-sizing: border-box; font-family: -apple-system, BlinkMacSystemFont, 'Segoe UI', Roboto, Helvetica, Arial, sans-serif, 'Apple Color Emoji', 'Segoe UI Emoji', 'Segoe UI Symbol'; position: relative; color: #74787e; font-size: 15px; line-height: 18px; margin: 0; padding: 10px 0;">26-03-2027 (Friday)</td>
<td align="right" style="box-sizing: border-box; font-family: -apple-system, BlinkMacSystemFont, 'Segoe UI', Roboto, Helvetica, Arial, sans-serif, 'Apple Color Emoji', 'Segoe UI Emoji', 'Segoe UI Symbol'; position: relative; color: #74787e; font-size: 15px; line-height: 18px; margin: 0; padding: 10px 0;">Night Shift</td>
</tr>
<tr>
<td align="left" style="box-sizing: border-box; font-family: -apple-system, BlinkMacSystemFont, 'Segoe UI', Roboto, Helvetica, Arial, sans-serif, 'Apple Color Emoji', 'Segoe UI Emoji', 'Segoe UI Symbol'; position: relative; color: #74787e; font-size: 15px; line-height: 18px; margin: 0; padding: 10px 0;">27-03-2027 (Saturday)</td>
<td align="right" style="box-sizing: border-box; font-family: -apple-system, BlinkMacSystemFont, 'Segoe UI', Roboto, Helvetica, Arial, sans-serif, 'Apple Color Emoji', 'Segoe UI Emoji', 'Segoe UI Symbol'; position: relative; color: #74787e; font-size: 15px; line-height: 18px; margin: 0; padding: 10px 0;">Day Shift</td>
</tr>
<tr>
<td align="left" style="box-sizing: border-box; font-family: -apple-system, BlinkMacSystemFont, 'Segoe UI', Roboto, Helvetica, Arial, sans-serif, 'Apple Color Emoji', 'Segoe UI Emoji', 'Segoe UI Symbol'; position: relative; color: #74787e; font-size: 15px; line-height: 18px; margin: 0; padding: 10px 0;">28-03-2027 (Sunday)</td>
<td align="right" style="box-sizing: border-box; font-family: -apple-system, BlinkMacSystemFont, 'Segoe UI', Roboto, Helvetica, Arial, sans-serif, 'Apple Color Emoji', 'Segoe UI Emoji', 'Segoe UI Symbol'; position: relative; color: #74787e; font-size: 15px; line-height: 18px; margin: 0; padding: 10px 0;">Day Shift</td>
</tr>
<tr>
<td align="left" style="box-sizing: border-box; font-family: -apple-system, BlinkMacSystemFont, 'Segoe UI', Roboto, Helvetica, Arial, sans-serif, 'Apple Color Emoji', 'Segoe UI Emoji', 'Segoe UI Symbol'; position: relative; color: #74787e; font-size: 15px; line-height: 18px; margin: 0; padding: 10px 0;">29-03-2027 (Monday)</td>
<td align="right" style="box-sizing: border-box; font-family: -apple-system, BlinkMacSystemFont, 'Segoe UI', Roboto, Helvetica, Arial, sans-serif, 'Apple Color Emoji', 'Segoe UI Emoji', 'Segoe UI Symbol'; position: relative; color: #74787e; font-size: 15px; line-height: 18px; margin: 0; padding: 10px 0;">Night Shift</td>
</tr>
<tr>
<td align="left" style="box-sizing: border-box; font-family: -apple-system, BlinkMacSystemFont, 'Segoe UI', Roboto, Helvetica, Arial, sans-serif, 'Apple Color Emoji', 'Segoe UI Emoji', 'Segoe UI Symbol'; position: relative; color: #74787e; font-size: 15px; line-height: 18px; margin: 0; padding: 10px 0;">30-03-2027 (Tuesday)</td>
<td align="right" style="box-sizing: border-box; font-family: -apple-system, BlinkMacSystemFont, 'Segoe UI', Roboto, Helvetica, Arial, sans-serif, 'Apple Color Emoji', 'Segoe UI Emoji', 'Segoe UI Symbol'; position: relative; color: #74787e; font-size: 15px; line-height: 18px; margin: 0; padding: 10px 0;">Night Shift</td>
</tr>
<tr>
<td align="left" style="box-sizing: border-box; font-family: -apple-system, BlinkMacSystemFont, 'Segoe UI', Roboto, Helvetica, Arial, sans-serif, 'Apple Color Emoji', 'Segoe UI Emoji', 'Segoe UI Symbol'; position: relative; color: #74787e; font-size: 15px; line-height: 18px; margin: 0; padding: 10px 0;">31-03-2027 (Wednesday)</td>
<td align="right" style="box-sizing: border-box; font-family: -apple-system, BlinkMacSystemFont, 'Segoe UI', Roboto, Helvetica, Arial, sans-serif, 'Apple Color Emoji', 'Segoe UI Emoji', 'Segoe UI Symbol'; position: relative; color: #74787e; font-size: 15px; line-height: 18px; margin: 0; padding: 10px 0;">Night Shift</td>
</tr>
<tr>
<td align="left" style="box-sizing: border-box; font-family: -apple-system, BlinkMacSystemFont, 'Segoe UI', Roboto, Helvetica, Arial, sans-serif, 'Apple Color Emoji', 'Segoe UI Emoji', 'Segoe UI Symbol'; position: relative; color: #74787e; font-size: 15px; line-height: 18px; margin: 0; padding: 10px 0;">01-04-2027 (Thursday)</td>
<td align="right" style="box-sizing: border-box; font-family: -apple-system, BlinkMacSystemFont, 'Segoe UI', Roboto, Helvetica, Arial, sans-serif, 'Apple Color Emoji', 'Segoe UI Emoji', 'Segoe UI Symbol'; position: relative; color: #74787e; font-size: 15px; line-height: 18px; margin: 0; padding: 10px 0;">Night Shift</td>
</tr>
<tr>
<td align="left" style="box-sizing: border-box; font-family: -apple-system, BlinkMacSystemFont, 'Segoe UI', Roboto, Helvetica, Arial, sans-serif, 'Apple Color Emoji', 'Segoe UI Emoji', 'Segoe UI Symbol'; position: relative; color: #74787e; font-size: 15px; line-height: 18px; margin: 0; padding: 10px 0;">02-04-2027 (Friday)</td>
<td align="right" style="box-sizing: border-box; font-family: -apple-system, BlinkMacSystemFont, 'Segoe UI', Roboto, Helvetica, Arial, sans-serif, 'Apple Color Emoji', 'Segoe UI Emoji', 'Segoe UI Symbol'; position: relative; color: #74787e; font-size: 15px; line-height: 18px; margin: 0; padding: 10px 0;">Night Shift</td>
</tr>
<tr>
<td align="left" style="box-sizing: border-box; font-family: -apple-system, BlinkMacSystemFont, 'Segoe UI', Roboto, Helvetica, Arial, sans-serif, 'Apple Color Emoji', 'Segoe UI Emoji', 'Segoe UI Symbol'; position: relative; color: #74787e; font-size: 15px; line-height: 18px; margin: 0; padding: 10px 0;">03-04-2027 (Saturday)</td>
<td align="right" style="box-sizing: border-box; font-family: -apple-system, BlinkMacSystemFont, 'Segoe UI', Roboto, Helvetica, Arial, sans-serif, 'Apple Color Emoji', 'Segoe UI Emoji', 'Segoe UI Symbol'; position: relative; color: #74787e; font-size: 15px; line-height: 18px; margin: 0; padding: 10px 0;">Day Shift</td>
</tr>
<tr>
<td align="left" style="box-sizing: border-box; font-family: -apple-system, BlinkMacSystemFont, 'Segoe UI', Roboto, Helvetica, Arial, sans-serif, 'Apple Color Emoji', 'Segoe UI Emoji', 'Segoe UI Symbol'; position: relative; color: #74787e; font-size: 15px; line-height: 18px; margin: 0; padding: 10px 0;">04-04-2027 (Sunday)</td>
<td align="right" style="box-sizing: border-box; font-family: -apple-system, BlinkMacSystemFont, 'Segoe UI', Roboto, Helvetica, Arial, sans-serif, 'Apple Color Emoji', 'Segoe UI Emoji', 'Segoe UI Symbol'; position: relative; color: #74787e; font-size: 15px; line-height: 18px; margin: 0; padding: 10px 0;">Day Shift</td>
</tr>
<tr>
<td align="left" style="box-sizing: border-box; font-family: -apple-system, BlinkMacSystemFont, 'Segoe UI', Roboto, Helvetica, Arial, sans-serif, 'Apple Color Emoji', 'Segoe UI Emoji', 'Segoe UI Symbol'; position: relative; color: #74787e; font-size: 15px; line-height: 18px; margin: 0; padding: 10px 0;">05-04-2027 (Monday)</td>
<td align="right" style="box-sizing: border-box; font-family: -apple-system, BlinkMacSystemFont, 'Segoe UI', Roboto, Helvetica, Arial, sans-serif, 'Apple Color Emoji', 'Segoe UI Emoji', 'Segoe UI Symbol'; position: relative; color: #74787e; font-size: 15px; line-height: 18px; margin: 0; padding: 10px 0;">Night Shift</td>
</tr>
<tr>
<td align="left" style="box-sizing: border-box; font-family: -apple-system, BlinkMacSystemFont, 'Segoe UI', Roboto, Helvetica, Arial, sans-serif, 'Apple Color Emoji', 'Segoe UI Emoji', 'Segoe UI Symbol'; position: relative; color: #74787e; font-size: 15px; line-height: 18px; margin: 0; padding: 10px 0;">06-04-2027 (Tuesday)</td>
<td align="right" style="box-sizing: border-box; font-family: -apple-system, BlinkMacSystemFont, 'Segoe UI', Roboto, Helvetica, Arial, sans-serif, 'Apple Color Emoji', 'Segoe UI Emoji', 'Segoe UI Symbol'; position: relative; color: #74787e; font-size: 15px; line-height: 18px; margin: 0; padding: 10px 0;">Night Shift</td>
</tr>
<tr>
<td align="left" style="box-sizing: border-box; font-family: -apple-system, BlinkMacSystemFont, 'Segoe UI', Roboto, Helvetica, Arial, sans-serif, 'Apple Color Emoji', 'Segoe UI Emoji', 'Segoe UI Symbol'; position: relative; color: #74787e; font-size: 15px; line-height: 18px; margin: 0; padding: 10px 0;">07-04-2027 (Wednesday)</td>
<td align="right" style="box-sizing: border-box; font-family: -apple-system, BlinkMacSystemFont, 'Segoe UI', Roboto, Helvetica, Arial, sans-serif, 'Apple Color Emoji', 'Segoe UI Emoji', 'Segoe UI Symbol'; position: relative; color: #74787e; font-size: 15px; line-height: 18px; margin: 0; padding: 10px 0;">Night Shift</td>
</tr>
<tr>
<td align="left" style="box-sizing: border-box; font-family: -apple-system, BlinkMacSystemFont, 'Segoe UI', Roboto, Helvetica, Arial, sans-serif, 'Apple Color Emoji', 'Segoe UI Emoji', 'Segoe UI Symbol'; position: relative; color: #74787e; font-size: 15px; line-height: 18px; margin: 0; padding: 10px 0;">08-04-2027 (Thursday)</td>
<td align="right" style="box-sizing: border-box; font-family: -apple-system, BlinkMacSystemFont, 'Segoe UI', Roboto, Helvetica, Arial, sans-serif, 'Apple Color Emoji', 'Segoe UI Emoji', 'Segoe UI Symbol'; position: relative; color: #74787e; font-size: 15px; line-height: 18px; margin: 0; padding: 10px 0;">Night Shift</td>
</tr>
<tr>
<td align="left" style="box-sizing: border-box; font-family: -apple-system, BlinkMacSystemFont, 'Segoe UI', Roboto, Helvetica, Arial, sans-serif, 'Apple Color Emoji', 'Segoe UI Emoji', 'Segoe UI Symbol'; position: relative; color: #74787e; font-size: 15px; line-height: 18px; margin: 0; padding: 10px 0;">09-04-2027 (Friday)</td>
<td align="right" style="box-sizing: border-box; font-family: -apple-system, BlinkMacSystemFont, 'Segoe UI', Roboto, Helvetica, Arial, sans-serif, 'Apple Color Emoji', 'Segoe UI Emoji', 'Segoe UI Symbol'; position: relative; color: #74787e; font-size: 15px; line-height: 18px; margin: 0; padding: 10px 0;">Night Shift</td>
</tr>
<tr>
<td align="left" style="box-sizing: border-box; font-family: -apple-system, BlinkMacSystemFont, 'Segoe UI', Roboto, Helvetica, Arial, sans-serif, 'Apple Color Emoji', 'Segoe UI Emoji', 'Segoe UI Symbol'; position: relative; color: #74787e; font-size: 15px; line-height: 18px; margin: 0; padding: 10px 0;">10-04-2027 (Saturday)</td>
<td align="right" style="box-sizing: border-box; font-family: -apple-system, BlinkMacSystemFont, 'Segoe UI', Roboto, Helvetica, Arial, sans-serif, 'Apple Color Emoji', 'Segoe UI Emoji', 'Segoe UI Symbol'; position: relative; color: #74787e; font-size: 15px; line-height: 18px; margin: 0; padding: 10px 0;">Day Shift</td>
</tr>
<tr>
<td align="left" style="box-sizing: border-box; font-family: -apple-system, BlinkMacSystemFont, 'Segoe UI', Roboto, Helvetica, Arial, sans-serif, 'Apple Color Emoji', 'Segoe UI Emoji', 'Segoe UI Symbol'; position: relative; color: #74787e; font-size: 15px; line-height: 18px; margin: 0; padding: 10px 0;">11-04-2027 (Sunday)</td>
<td align="right" style="box-sizing: border-box; font-family: -apple-system, BlinkMacSystemFont, 'Segoe UI', Roboto, Helvetica, Arial, sans-serif, 'Apple Color Emoji', 'Segoe UI Emoji', 'Segoe UI Symbol'; position: relative; color: #74787e; font-size: 15px; line-height: 18px; margin: 0; padding: 10px 0;">Day Shift</td>
</tr>
<tr>
<td align="left" style="box-sizing: border-box; font-family: -apple-system, BlinkMacSystemFont, 'Segoe UI', Roboto, Helvetica, Arial, sans-serif, 'Apple Color Emoji', 'Segoe UI Emoji', 'Segoe UI Symbol'; position: relative; color: #74787e; font-size: 15px; line-height: 18px; margin: 0; padding: 10px 0;">12-04-2027 (Monday)</td>
<td align="right" style="box-sizing: border-box; font-family: -apple-system, BlinkMacSystemFont, 'Segoe UI', Roboto, Helvetica, Arial, sans-serif, 'Apple Color Emoji', 'Segoe UI Emoji', 'Segoe UI Symbol'; position: relative; color: #74787e; font-size: 15px; line-height: 18px; margin: 0; padding: 10px 0;">Night Shift</td>
</tr>
<tr>
<td align="left" style="box-sizing: border-box; font-family: -apple-system, BlinkMacSystemFont, 'Segoe UI', Roboto, Helvetica, Arial, sans-serif, 'Apple Color Emoji', 'Segoe UI Emoji', 'Segoe UI Symbol'; position: relative; color: #74787e; font-size: 15px; line-height: 18px; margin: 0; padding: 10px 0;">13-04-2027 (Tuesday)</td>
<td align="right" style="box-sizing: border-box; font-family: -apple-system, BlinkMacSystemFont, 'Segoe UI', Roboto, Helvetica, Arial, sans-serif, 'Apple Color Emoji', 'Segoe UI Emoji', 'Segoe UI Symbol'; position: relative; color: #74787e; font-size: 15px; line-height: 18px; margin: 0; padding: 10px 0;">Night Shift</td>
</tr>
<tr>
<td align="left" style="box-sizing: border-box; font-family: -apple-system, BlinkMacSystemFont, 'Segoe UI', Roboto, Helvetica, Arial, sans-serif, 'Apple Color Emoji', 'Segoe UI Emoji', 'Segoe UI Symbol'; position: relative; color: #74787e; font-size: 15px; line-height: 18px; margin: 0; padding: 10px 0;">14-04-2027 (Wednesday)</td>
<td align="right" style="box-sizing: border-box; font-family: -apple-system, BlinkMacSystemFont, 'Segoe UI', Roboto, Helvetica, Arial, sans-serif, 'Apple Color Emoji', 'Segoe UI Emoji', 'Segoe UI Symbol'; position: relative; color: #74787e; font-size: 15px; line-height: 18px; margin: 0; padding: 10px 0;">Night Shift</td>
</tr>
<tr>
<td align="left" style="box-sizing: border-box; font-family: -apple-system, BlinkMacSystemFont, 'Segoe UI', Roboto, Helvetica, Arial, sans-serif, 'Apple Color Emoji', 'Segoe UI Emoji', 'Segoe UI Symbol'; position: relative; color: #74787e; font-size: 15px; line-height: 18px; margin: 0; padding: 10px 0;">15-04-2027 (Thursday)</td>
<td align="right" style="box-sizing: border-box; font-family: -apple-system, BlinkMacSystemFont, 'Segoe UI', Roboto, Helvetica, Arial, sans-serif, 'Apple Color Emoji', 'Segoe UI Emoji', 'Segoe UI Symbol'; position: relative; color: #74787e; font-size: 15px; line-height: 18px; margin: 0; padding: 10px 0;">Night Shift</td>
</tr>
<tr>
<td align="left" style="box-sizing: border-box; font-family: -apple-system, BlinkMacSystemFont, 'Segoe UI', Roboto, Helvetica, Arial, sans-serif, 'Apple Color Emoji', 'Segoe UI Emoji', 'Segoe UI Symbol'; position: relative; color: #74787e; font-size: 15px; line-height: 18px; margin: 0; padding: 10px 0;">16-04-2027 (Friday)</td>
<td align="right" style="box-sizing: border-box; font-family: -apple-system, BlinkMacSystemFont, 'Segoe UI', Roboto, Helvetica, Arial, sans-serif, 'Apple Color Emoji', 'Segoe UI Emoji', 'Segoe UI Symbol'; position: relative; color: #74787e; font-size: 15px; line-height: 18px; margin: 0; padding: 10px 0;">Night Shift</td>
</tr>
<tr>
<td align="left" style="box-sizing: border-box; font-family: -apple-system, BlinkMacSystemFont, 'Segoe UI', Roboto, Helvetica, Arial, sans-serif, 'Apple Color Emoji', 'Segoe UI Emoji', 'Segoe UI Symbol'; position: relative; color: #74787e; font-size: 15px; line-height: 18px; margin: 0; padding: 10px 0;">17-04-2027 (Saturday)</td>
<td align="right" style="box-sizing: border-box; font-family: -apple-system, BlinkMacSystemFont, 'Segoe UI', Roboto, Helvetica, Arial, sans-serif, 'Apple Color Emoji', 'Segoe UI Emoji', 'Segoe UI Symbol'; position: relative; color: #74787e; font-size: 15px; line-height: 18px; margin: 0; padding: 10px 0;">Day Shift</td>
</tr>
<tr>
<td align="left" style="box-sizing: border-box; font-family: -apple-system, BlinkMacSystemFont, 'Segoe UI', Roboto, Helvetica, Arial, sans-serif, 'Apple Color Emoji', 'Segoe UI Emoji', 'Segoe UI Symbol'; position: relative; color: #74787e; font-size: 15px; line-height: 18px; margin: 0; padding: 10px 0;">18-04-2027 (Sunday)</td>
<td align="right" style="box-sizing: border-box; font-family: -apple-system, BlinkMacSystemFont, 'Segoe UI', Roboto, Helvetica, Arial, sans-serif, 'Apple Color Emoji', 'Segoe UI Emoji', 'Segoe UI Symbol'; position: relative; color: #74787e; font-size: 15px; line-height: 18px; margin: 0; padding: 10px 0;">Day Shift</td>
</tr>
<tr>
<td align="left" style="box-sizing: border-box; font-family: -apple-system, BlinkMacSystemFont, 'Segoe UI', Roboto, Helvetica, Arial, sans-serif, 'Apple Color Emoji', 'Segoe UI Emoji', 'Segoe UI Symbol'; position: relative; color: #74787e; font-size: 15px; line-height: 18px; margin: 0; padding: 10px 0;">19-04-2027 (Monday)</td>
<td align="right" style="box-sizing: border-box; font-family: -apple-system, BlinkMacSystemFont, 'Segoe UI', Roboto, Helvetica, Arial, sans-serif, 'Apple Color Emoji', 'Segoe UI Emoji', 'Segoe UI Symbol'; position: relative; color: #74787e; font-size: 15px; line-height: 18px; margin: 0; padding: 10px 0;">Night Shift</td>
</tr>
<tr>
<td align="left" style="box-sizing: border-box; font-family: -apple-system, BlinkMacSystemFont, 'Segoe UI', Roboto, Helvetica, Arial, sans-serif, 'Apple Color Emoji', 'Segoe UI Emoji', 'Segoe UI Symbol'; position: relative; color: #74787e; font-size: 15px; line-height: 18px; margin: 0; padding: 10px 0;">20-04-2027 (Tuesday)</td>
<td align="right" style="box-sizing: border-box; font-family: -apple-system, BlinkMacSystemFont, 'Segoe UI', Roboto, Helvetica, Arial, sans-serif, 'Apple Color Emoji', 'Segoe UI Emoji', 'Segoe UI Symbol'; position: relative; color: #74787e; font-size: 15px; line-height: 18px; margin: 0; padding: 10px 0;">Night Shift</td>
</tr>
<tr>
<td align="left" style="box-sizing: border-box; font-family: -apple-system, BlinkMacSystemFont, 'Segoe UI', Roboto, Helvetica, Arial, sans-serif, 'Apple Color Emoji', 'Segoe UI Emoji', 'Segoe UI Symbol'; position: relative; color: #74787e; font-size: 15px; line-height: 18px; margin: 0; padding: 10px 0;">21-04-2027 (Wednesday)</td>
<td align="right" style="box-sizing: border-box; font-family: -apple-system, BlinkMacSystemFont, 'Segoe UI', Roboto, Helvetica, Arial, sans-serif, 'Apple Color Emoji', 'Segoe UI Emoji', 'Segoe UI Symbol'; position: relative; color: #74787e; font-size: 15px; line-height: 18px; margin: 0; padding: 10px 0;">Night Shift</td>
</tr>
<tr>
<td align="left" style="box-sizing: border-box; font-family: -apple-system, BlinkMacSystemFont, 'Segoe UI', Roboto, Helvetica, Arial, sans-serif, 'Apple Color Emoji', 'Segoe UI Emoji', 'Segoe UI Symbol'; position: relative; color: #74787e; font-size: 15px; line-height: 18px; margin: 0; padding: 10px 0;">22-04-2027 (Thursday)</td>
<td align="right" style="box-sizing: border-box; font-family: -apple-system, BlinkMacSystemFont, 'Segoe UI', Roboto, Helvetica, Arial, sans-serif, 'Apple Color Emoji', 'Segoe UI Emoji', 'Segoe UI Symbol'; position: relative; color: #74787e; font-size: 15px; line-height: 18px; margin: 0; padding: 10px 0;">Night Shift</td>
</tr>
<tr>
<td align="left" style="box-sizing: border-box; font-family: -apple-system, BlinkMacSystemFont, 'Segoe UI', Roboto, Helvetica, Arial, sans-serif, 'Apple Color Emoji', 'Segoe UI Emoji', 'Segoe UI Symbol'; position: relative; color: #74787e; font-size: 15px; line-height: 18px; margin: 0; padding: 10px 0;">23-04-2027 (Friday)</td>
<td align="right" style="box-sizing: border-box; font-family: -apple-system, BlinkMacSystemFont, 'Segoe UI', Roboto, Helvetica, Arial, sans-serif, 'Apple Color Emoji', 'Segoe UI Emoji', 'Segoe UI Symbol'; position: relative; color: #74787e; font-size: 15px; line-height: 18px; margin: 0; padding: 10px 0;">Night Shift</td>
</tr>
<tr>
<td align="left" style="box-sizing: border-box; font-family: -apple-system, BlinkMacSystemFont, 'Segoe UI', Roboto, Helvetica, Arial, sans-serif, 'Apple Color Emoji', 'Segoe UI Emoji', 'Segoe UI Symbol'; position: relative; color: #74787e; font-size: 15px; line-height: 18px; margin: 0; padding: 10px 0;">24-04-2027 (Saturday)</td>
<td align="right" style="box-sizing: border-box; font-family: -apple-system, BlinkMacSystemFont, 'Segoe UI', Roboto, Helvetica, Arial, sans-serif, 'Apple Color Emoji', 'Segoe UI Emoji', 'Segoe UI Symbol'; position: relative; color: #74787e; font-size: 15px; line-height: 18px; margin: 0; padding: 10px 0;">Day Shift</td>
</tr>
<tr>
<td align="left" style="box-sizing: border-box; font-family: -apple-system, BlinkMacSystemFont, 'Segoe UI', Roboto, Helvetica, Arial, sans-serif, 'Apple Color Emoji', 'Segoe UI Emoji', 'Segoe UI Symbol'; position: relative; color: #74787e; font-size: 15px; line-height: 18px; margin: 0; padding: 10px 0;">25-04-2027 (Sunday)</td>
<td align="right" style="box-sizing: border-box; font-family: -apple-system, BlinkMacSystemFont, 'Segoe UI', Roboto, Helvetica, Arial, sans-serif, 'Apple Color Emoji', 'Segoe UI Emoji', 'Segoe UI Symbol'; position: relative; color: #74787e; font-size: 15px; line-height: 18px; margin: 0; padding: 10px 0;">Day Shift</td>
</tr>
<tr>
<td align="left" style="box-sizing: border-box; font-family: -apple-system, BlinkMacSystemFont, 'Segoe UI', Roboto, Helvetica, Arial, sans-serif, 'Apple Color Emoji', 'Segoe UI Emoji', 'Segoe UI Symbol'; position: relative; color: #74787e; font-size: 15px; line-height: 18px; margin: 0; padding: 10px 0;">26-04-2027 (Monday)</td>
<td align="right" style="box-sizing: border-box; font-family: -apple-system, BlinkMacSystemFont, 'Segoe UI', Roboto, Helvetica, Arial, sans-serif, 'Apple Color Emoji', 'Segoe UI Emoji', 'Segoe UI Symbol'; position: relative; color: #74787e; font-size: 15px; line-height: 18px; margin: 0; padding: 10px 0;">Night Shift</td>
</tr>
<tr>
<td align="left" style="box-sizing: border-box; font-family: -apple-system, BlinkMacSystemFont, 'Segoe UI', Roboto, Helvetica, Arial, sans-serif, 'Apple Color Emoji', 'Segoe UI Emoji', 'Segoe UI Symbol'; position: relative; color: #74787e; font-size: 15px; line-height: 18px; margin: 0; padding: 10px 0;">27-04-2027 (Tuesday)</td>
<td align="right" style="box-sizing: border-box; font-family: -apple-system, BlinkMacSystemFont, 'Segoe UI', Roboto, Helvetica, Arial, sans-serif, 'Apple Color Emoji', 'Segoe UI Emoji', 'Segoe UI Symbol'; position: relative; color: #74787e; font-size: 15px; line-height: 18px; margin: 0; padding: 10px 0;">Night Shift</td>
</tr>
<tr>
<td align="left" style="box-sizing: border-box; font-family: -apple-system, BlinkMacSystemFont, 'Segoe UI', Roboto, Helvetica, Arial, sans-serif, 'Apple Color Emoji', 'Segoe UI Emoji', 'Segoe UI Symbol'; position: relative; color: #74787e; font-size: 15px; line-height: 18px; margin: 0; padding: 10px 0;">28-04-2027 (Wednesday)</td>
<td align="right" style="box-sizing: border-box; font-family: -apple-system, BlinkMacSystemFont, 'Segoe UI', Roboto, Helvetica, Arial, sans-serif, 'Apple Color Emoji', 'Segoe UI Emoji', 'Segoe UI Symbol'; position: relative; color: #74787e; font-size: 15px; line-height: 18px; margin: 0; padding: 10px 0;">Night Shift</td>
</tr>
<tr>
<td align="left" style="box-sizing: border-box; font-family: -apple-system, BlinkMacSystemFont, 'Segoe UI', Roboto, Helvetica, Arial, sans-serif, 'Apple Color Emoji', 'Segoe UI Emoji', 'Segoe UI Symbol'; position: relative; color: #74787e; font-size: 15px; line-height: 18px; margin: 0; padding: 10px 0;">29-04-2027 (Thursday)</td>
<td align="right" style="box-sizing: border-box; font-family: -apple-system, BlinkMacSystemFont, 'Segoe UI', Roboto, Helvetica, Arial, sans-serif, 'Apple Color Emoji', 'Segoe UI Emoji', 'Segoe UI Symbol'; position: relative; color: #74787e; font-size: 15px; line-height: 18px; margin: 0; padding: 10px 0;">Night Shift</td>
</tr>
<tr>
<td align="left" style="box-sizing: border-box; font-family: -apple-system, BlinkMacSystemFont, 'Segoe UI', Roboto, Helvetica, Arial, sans-serif, 'Apple Color Emoji', 'Segoe UI Emoji', 'Segoe UI Symbol'; position: relative; color: #74787e; font-size: 15px; line-height: 18px; margin: 0; padding: 10px 0;">30-04-2027 (Friday)</td>
<td align="right" style="box-sizing: border-box; font-family: -apple-system, BlinkMacSystemFont, 'Segoe UI', Roboto, Helvetica, Arial, sans-serif, 'Apple Color Emoji', 'Segoe UI Emoji', 'Segoe UI Symbol'; position: relative; color: #74787e; font-size: 15px; line-height: 18px; margin: 0; padding: 10px 0;">Night Shift</td>
</tr>
<tr>
<td align="left" style="box-sizing: border-box; font-family: -apple-system, BlinkMacSystemFont, 'Segoe UI', Roboto, Helvetica, Arial, sans-serif, 'Apple Color Emoji', 'Segoe UI Emoji', 'Segoe UI Symbol'; position: relative; color: #74787e; font-size: 15px; line-height: 18px; margin: 0; padding: 10px 0;">01-05-2027 (Saturday)</td>
<td align="right" style="box-sizing: border-box; font-family: -apple-system, BlinkMacSystemFont, 'Segoe UI', Roboto, Helvetica, Arial, sans-serif, 'Apple Color Emoji', 'Segoe UI Emoji', 'Segoe UI Symbol'; position: relative; color: #74787e; font-size: 15px; line-height: 18px; margin: 0; padding: 10px 0;">Day Shift</td>
</tr>
<tr>
<td align="left" style="box-sizing: border-box; font-family: -apple-system, BlinkMacSystemFont, 'Segoe UI', Roboto, Helvetica, Arial, sans-serif, 'Apple Color Emoji', 'Segoe UI Emoji', 'Segoe UI Symbol'; position: relative; color: #74787e; font-size: 15px; line-height: 18px; margin: 0; padding: 10px 0;">02-05-2027 (Sunday)</td>
<td align="right" style="box-sizing: border-box; font-family: -apple-system, BlinkMacSystemFont, 'Segoe UI', Roboto, Helvetica, Arial, sans-serif, 'Apple Color Emoji', 'Segoe UI Emoji', 'Segoe UI Symbol'; position: relative; color: #74787e; font-size: 15px; line-height: 18px; margin: 0; padding: 10px 0;">Day Shift</td>
</tr>
<tr>
<td align="left" style="box-sizing: border-box; font-family: -apple-system, BlinkMacSystemFont, 'Segoe UI', Roboto, Helvetica, Arial, sans-serif, 'Apple Color Emoji', 'Segoe UI Emoji', 'Segoe UI Symbol'; position: relative; color: #74787e; font-size: 15px; line-height: 18px; margin: 0; padding: 10px 0;">03-05-2027 (Monday)</td>
<td align="right" style="box-sizing: border-box; font-family: -apple-system, BlinkMacSystemFont, 'Segoe UI', Roboto, Helvetica, Arial, sans-serif, 'Apple Color Emoji', 'Segoe UI Emoji', 'Segoe UI Symbol'; position: relative; color: #74787e; font-size: 15px; line-height: 18px; margin: 0; padding: 10px 0;">Night Shift</td>
</tr>
<tr>
<td align="left" style="box-sizing: border-box; font-family: -apple-system, BlinkMacSystemFont, 'Segoe UI', Roboto, Helvetica, Arial, sans-serif, 'Apple Color Emoji', 'Segoe UI Emoji', 'Segoe UI Symbol'; position: relative; color: #74787e; font-size: 15px; line-height: 18px; margin: 0; padding: 10px 0;">04-05-2027 (Tuesday)</td>
<td align="right" style="box-sizing: border-box; font-family: -apple-system, BlinkMacSystemFont, 'Segoe UI', Roboto, Helvetica, Arial, sans-serif, 'Apple Color Emoji', 'Segoe UI Emoji', 'Segoe UI Symbol'; position: relative; color: #74787e; font-size: 15px; line-height: 18px; margin: 0; padding: 10px 0;">Night Shift</td>
</tr>
<tr>
<td align="left" style="box-sizing: border-box; font-family: -apple-system, BlinkMacSystemFont, 'Segoe UI', Roboto, Helvetica, Arial, sans-serif, 'Apple Color Emoji', 'Segoe UI Emoji', 'Segoe UI Symbol'; position: relative; color: #74787e; font-size: 15px; line-height: 18px; margin: 0; padding: 10px 0;">05-05-2027 (Wednesday)</td>
<td align="right" style="box-sizing: border-box; font-family: -apple-system, BlinkMacSystemFont, 'Segoe UI', Roboto, Helvetica, Arial, sans-serif, 'Apple Color Emoji', 'Segoe UI Emoji', 'Segoe UI Symbol'; position: relative; color: #74787e; font-size: 15px; line-height: 18px; margin: 0; padding: 10px 0;">Night Shift</td>
</tr>
<tr>
<td align="left" style="box-sizing: border-box; font-family: -apple-system, BlinkMacSystemFont, 'Segoe UI', Roboto, Helvetica, Arial, sans-serif, 'Apple Color Emoji', 'Segoe UI Emoji', 'Segoe UI Symbol'; position: relative; color: #74787e; font-size: 15px; line-height: 18px; margin: 0; padding: 10px 0;">06-05-2027 (Thursday)</td>
<td align="right" style="box-sizing: border-box; font-family: -apple-system, BlinkMacSystemFont, 'Segoe UI', Roboto, Helvetica, Arial, sans-serif, 'Apple Color Emoji', 'Segoe UI Emoji', 'Segoe UI Symbol'; position: relative; color: #74787e; font-size: 15px; line-height: 18px; margin: 0; padding: 10px 0;">Night Shift</td>
</tr>
<tr>
<td align="left" style="box-sizing: border-box; font-family: -apple-system, BlinkMacSystemFont, 'Segoe UI', Roboto, Helvetica, Arial, sans-serif, 'Apple Color Emoji', 'Segoe UI Emoji', 'Segoe UI Symbol'; position: relative; color: #74787e; font-size: 15px; line-height: 18px; margin: 0; padding: 10px 0;">07-05-2027 (Friday)</td>
<td align="right" style="box-sizing: border-box; font-family: -apple-system, BlinkMacSystemFont, 'Segoe UI', Roboto, Helvetica, Arial, sans-serif, 'Apple Color Emoji', 'Segoe UI Emoji', 'Segoe UI Symbol'; position: relative; color: #74787e; font-size: 15px; line-height: 18px; margin: 0; padding: 10px 0;">Night Shift</td>
</tr>
<tr>
<td align="left" style="box-sizing: border-box; font-family: -apple-system, BlinkMacSystemFont, 'Segoe UI', Roboto, Helvetica, Arial, sans-serif, 'Apple Color Emoji', 'Segoe UI Emoji', 'Segoe UI Symbol'; position: relative; color: #74787e; font-size: 15px; line-height: 18px; margin: 0; padding: 10px 0;">08-05-2027 (Saturday)</td>
<td align="right" style="box-sizing: border-box; font-family: -apple-system, BlinkMacSystemFont, 'Segoe UI', Roboto, Helvetica, Arial, sans-serif, 'Apple Color Emoji', 'Segoe UI Emoji', 'Segoe UI Symbol'; position: relative; color: #74787e; font-size: 15px; line-height: 18px; margin: 0; padding: 10px 0;">Day Shift</td>
</tr>
<tr>
<td align="left" style="box-sizing: border-box; font-family: -apple-system, BlinkMacSystemFont, 'Segoe UI', Roboto, Helvetica, Arial, sans-serif, 'Apple Color Emoji', 'Segoe UI Emoji', 'Segoe UI Symbol'; position: relative; color: #74787e; font-size: 15px; line-height: 18px; margin: 0; padding: 10px 0;">09-05-2027 (Sunday)</td>
<td align="right" style="box-sizing: border-box; font-family: -apple-system, BlinkMacSystemFont, 'Segoe UI', Roboto, Helvetica, Arial, sans-serif, 'Apple Color Emoji', 'Segoe UI Emoji', 'Segoe UI Symbol'; position: relative; color: #74787e; font-size: 15px; line-height: 18px; margin: 0; padding: 10px 0;">Day Shift</td>
</tr>
<tr>
<td align="left" style="box-sizing: border-box; font-family: -apple-system, BlinkMacSystemFont, 'Segoe UI', Roboto, Helvetica, Arial, sans-serif, 'Apple Color Emoji', 'Segoe UI Emoji', 'Segoe UI Symbol'; position: relative; color: #74787e; font-size: 15px; line-height: 18px; margin: 0; padding: 10px 0;">10-05-2027 (Monday)</td>
<td align="right" style="box-sizing: border-box; font-family: -apple-system, BlinkMacSystemFont, 'Segoe UI', Roboto, Helvetica, Arial, sans-serif, 'Apple Color Emoji', 'Segoe UI Emoji', 'Segoe UI Symbol'; position: relative; color: #74787e; font-size: 15px; line-height: 18px; margin: 0; padding: 10px 0;">Night Shift</td>
</tr>
<tr>
<td align="left" style="box-sizing: border-box; font-family: -apple-system, BlinkMacSystemFont, 'Segoe UI', Roboto, Helvetica, Arial, sans-serif, 'Apple Color Emoji', 'Segoe UI Emoji', 'Segoe UI Symbol'; position: relative; color: #74787e; font-size: 15px; line-height: 18px; margin: 0; padding: 10px 0;">11-05-2027 (Tuesday)</td>
<td align="right" style="box-sizing: border-box; font-family: -apple-system, BlinkMacSystemFont, 'Segoe UI', Roboto, Helvetica, Arial, sans-serif, 'Apple Color Emoji', 'Segoe UI Emoji', 'Segoe UI Symbol'; position: relative; color: #74787e; font-size: 15px; line-height: 18px; margin: 0; padding: 10px 0;">Night Shift</td>
</tr>
<tr>
<td align="left" style="box-sizing: border-box; font-family: -apple-system, BlinkMacSystemFont, 'Segoe UI', Roboto, Helvetica, Arial, sans-serif, 'Apple Color Emoji', 'Segoe UI Emoji', 'Segoe UI Symbol'; position: relative; color: #74787e; font-size: 15px; line-height: 18px; margin: 0; padding: 10px 0;">12-05-2027 (Wednesday)</td>
<td align="right" style="box-sizing: border-box; font-family: -apple-system, BlinkMacSystemFont, 'Segoe UI', Roboto, Helvetica, Arial, sans-serif, 'Apple Color Emoji', 'Segoe UI Emoji', 'Segoe UI Symbol'; position: relative; color: #74787e; font-size: 15px; line-height: 18px; margin: 0; padding: 10px 0;">Night Shift</td>
</tr>
<tr>
<td align="left" style="box-sizing: border-box; font-family: -apple-system, BlinkMacSystemFont, 'Segoe UI', Roboto, Helvetica, Arial, sans-serif, 'Apple Color Emoji', 'Segoe UI Emoji', 'Segoe UI Symbol'; position: relative; color: #74787e; font-size: 15px; line-height: 18px; margin: 0; padding: 10px 0;">13-05-2027 (Thursday)</td>
<td align="right" style="box-sizing: border-box; font-family: -apple-system, BlinkMacSystemFont, 'Segoe UI', Roboto, Helvetica, Arial, sans-serif, 'Apple Color Emoji', 'Segoe UI Emoji', 'Segoe UI Symbol'; position: relative; color: #74787e; font-size: 15px; line-height: 18px; margin: 0; padding: 10px 0;">Night Shift</td>
</tr>
<tr>
<td align="left" style="box-sizing: border-box; font-family: -apple-system, BlinkMacSystemFont, 'Segoe UI', Roboto, Helvetica, Arial, sans-serif, 'Apple Color Emoji', 'Segoe UI Emoji', 'Segoe UI Symbol'; position: relative; color: #74787e; font-size: 15px; line-height: 18px; margin: 0; padding: 10px 0;">14-05-2027 (Friday)</td>
<td align="right" style="box-sizing: border-box; font-family: -apple-system, BlinkMacSystemFont, 'Segoe UI', Roboto, Helvetica, Arial, sans-serif, 'Apple Color Emoji', 'Segoe UI Emoji', 'Segoe UI Symbol'; position: relative; color: #74787e; font-size: 15px; line-height: 18px; margin: 0; padding: 10px 0;">Night Shift</td>
</tr>
<tr>
<td align="left" style="box-sizing: border-box; font-family: -apple-system, BlinkMacSystemFont, 'Segoe UI', Roboto, Helvetica, Arial, sans-serif, 'Apple Color Emoji', 'Segoe UI Emoji', 'Segoe UI Symbol'; position: relative; color: #74787e; font-size: 15px; line-height: 18px; margin: 0; padding: 10px 0;">15-05-2027 (Saturday)</td>
<td align="right" style="box-sizing: border-box; font-family: -apple-system, BlinkMacSystemFont, 'Segoe UI', Roboto, Helvetica, Arial, sans-serif, 'Apple Color Emoji', 'Segoe UI Emoji', 'Segoe UI Symbol'; position: relative; color: #74787e; font-size: 15px; line-height: 18px; margin: 0; padding: 10px 0;">Day Shift</td>
</tr>
<tr>
<td align="left" style="box-sizing: border-box; font-family: -apple-system, BlinkMacSystemFont, 'Segoe UI', Roboto, Helvetica, Arial, sans-serif, 'Apple Color Emoji', 'Segoe UI Emoji', 'Segoe UI Symbol'; position: relative; color: #74787e; font-size: 15px; line-height: 18px; margin: 0; padding: 10px 0;">16-05-2027 (Sunday)</td>
<td align="right" style="box-sizing: border-box; font-family: -apple-system, BlinkMacSystemFont, 'Segoe UI', Roboto, Helvetica, Arial, sans-serif, 'Apple Color Emoji', 'Segoe UI Emoji', 'Segoe UI Symbol'; position: relative; color: #74787e; font-size: 15px; line-height: 18px; margin: 0; padding: 10px 0;">Day Shift</td>
</tr>
<tr>
<td align="left" style="box-sizing: border-box; font-family: -apple-system, BlinkMacSystemFont, 'Segoe UI', Roboto, Helvetica, Arial, sans-serif, 'Apple Color Emoji', 'Segoe UI Emoji', 'Segoe UI Symbol'; position: relative; color: #74787e; font-size: 15px; line-height: 18px; margin: 0; padding: 10px 0;">17-05-2027 (Monday)</td>
<td align="right" style="box-sizing: border-box; font-family: -apple-system, BlinkMacSystemFont, 'Segoe UI', Roboto, Helvetica, Arial, sans-serif, 'Apple Color Emoji', 'Segoe UI Emoji', 'Segoe UI Symbol'; position: relative; color: #74787e; font-size: 15px; line-height: 18px; margin: 0; padding: 10px 0;">Night Shift</td>
</tr>
<tr>
<td align="left" style="box-sizing: border-box; font-family: -apple-system, BlinkMacSystemFont, 'Segoe UI', Roboto, Helvetica, Arial, sans-serif, 'Apple Color Emoji', 'Segoe UI Emoji', 'Segoe UI Symbol'; position: relative; color: #74787e; font-size: 15px; line-height: 18px; margin: 0; padding: 10px 0;">18-05-2027 (Tuesday)</td>
<td align="right" style="box-sizing: border-box; font-family: -apple-system, BlinkMacSystemFont, 'Segoe UI', Roboto, Helvetica, Arial, sans-serif, 'Apple Color Emoji', 'Segoe UI Emoji', 'Segoe UI Symbol'; position: relative; color: #74787e; font-size: 15px; line-height: 18px; margin: 0; padding: 10px 0;">Night Shift</td>
</tr>
<tr>
<td align="left" style="box-sizing: border-box; font-family: -apple-system, BlinkMacSystemFont, 'Segoe UI', Roboto, Helvetica, Arial, sans-serif, 'Apple Color Emoji', 'Segoe UI Emoji', 'Segoe UI Symbol'; position: relative; color: #74787e; font-size: 15px; line-height: 18px; margin: 0; padding: 10px 0;">19-05-2027 (Wednesday)</td>
<td align="right" style="box-sizing: border-box; font-family: -apple-system, BlinkMacSystemFont, 'Segoe UI', Roboto, Helvetica, Arial, sans-serif, 'Apple Color Emoji', 'Segoe UI Emoji', 'Segoe UI Symbol'; position: relative; color: #74787e; font-size: 15px; line-height: 18px; margin: 0; padding: 10px 0;">Night Shift</td>
</tr>
<tr>
<td align="left" style="box-sizing: border-box; font-family: -apple-system, BlinkMacSystemFont, 'Segoe UI', Roboto, Helvetica, Arial, sans-serif, 'Apple Color Emoji', 'Segoe UI Emoji', 'Segoe UI Symbol'; position: relative; color: #74787e; font-size: 15px; line-height: 18px; margin: 0; padding: 10px 0;">20-05-2027 (Thursday)</td>
<td align="right" style="box-sizing: border-box; font-family: -apple-system, BlinkMacSystemFont, 'Segoe UI', Roboto, Helvetica, Arial, sans-serif, 'Apple Color Emoji', 'Segoe UI Emoji', 'Segoe UI Symbol'; position: relative; color: #74787e; font-size: 15px; line-height: 18px; margin: 0; padding: 10px 0;">Night Shift</td>
</tr>
<tr>
<td align="left" style="box-sizing: border-box; font-family: -apple-system, BlinkMacSystemFont, 'Segoe UI', Roboto, Helvetica, Arial, sans-serif, 'Apple Color Emoji', 'Segoe UI Emoji', 'Segoe UI Symbol'; position: relative; color: #74787e; font-size: 15px; line-height: 18px; margin: 0; padding: 10px 0;">21-05-2027 (Friday)</td>
<td align="right" style="box-sizing: border-box; font-family: -apple-system, BlinkMacSystemFont, 'Segoe UI', Roboto, Helvetica, Arial, sans-serif, 'Apple Color Emoji', 'Segoe UI Emoji', 'Segoe UI Symbol'; position: relative; color: #74787e; font-size: 15px; line-height: 18px; margin: 0; padding: 10px 0;">Night Shift</td>
</tr>
<tr>
<td align="left" style="box-sizing: border-box; font-family: -apple-system, BlinkMacSystemFont, 'Segoe UI', Roboto, Helvetica, Arial, sans-serif, 'Apple Color Emoji', 'Segoe UI Emoji', 'Segoe UI Symbol'; position: relative; color: #74787e; font-size: 15px; line-height: 18px; margin: 0; padding: 10px 0;">22-05-2027 (Saturday)</td>
<td align="right" style="box-sizing: border-box; font-family: -apple-system, BlinkMacSystemFont, 'Segoe UI', Roboto, Helvetica, Arial, sans-serif, 'Apple Color Emoji', 'Segoe UI Emoji', 'Segoe UI Symbol'; position: relative; color: #74787e; font-size: 15px; line-height: 18px; margin: 0; padding: 10px 0;">Day Shift</td>
</tr>
<tr>
<td align="left" style="box-sizing: border-box; font-family: -apple-system, BlinkMacSystemFont, 'Segoe UI', Roboto, Helvetica, Arial, sans-serif, 'Apple Color Emoji', 'Segoe UI Emoji', 'Segoe UI Symbol'; position: relative; color: #74787e; font-size: 15px; line-height: 18px; margin: 0; padding: 10px 0;">23-05-2027 (Sunday)</td>
<td align="right" style="box-sizing: border-box; font-family: -apple-system, BlinkMacSystemFont, 'Segoe UI', Roboto, Helvetica, Arial, sans-serif, 'Apple Color Emoji', 'Segoe UI Emoji', 'Segoe UI Symbol'; position: relative; color: #74787e; font-size: 15px; line-height: 18px; margin: 0; padding: 10px 0;">Day Shift</td>
</tr>
<tr>
<td align="left" style="box-sizing: border-box; font-family: -apple-system, BlinkMacSystemFont, 'Segoe UI', Roboto, Helvetica, Arial, sans-serif, 'Apple Color Emoji', 'Segoe UI Emoji', 'Segoe UI Symbol'; position: relative; color: #74787e; font-size: 15px; line-height: 18px; margin: 0; padding: 10px 0;">24-05-2027 (Monday)</td>
<td align="right" style="box-sizing: border-box; font-family: -apple-system, BlinkMacSystemFont, 'Segoe UI', Roboto, Helvetica, Arial, sans-serif, 'Apple Color Emoji', 'Segoe UI Emoji', 'Segoe UI Symbol'; position: relative; color: #74787e; font-size: 15px; line-height: 18px; margin: 0; padding: 10px 0;">Night Shift</td>
</tr>
<tr>
<td align="left" style="box-sizing: border-box; font-family: -apple-system, BlinkMacSystemFont, 'Segoe UI', Roboto, Helvetica, Arial, sans-serif, 'Apple Color Emoji', 'Segoe UI Emoji', 'Segoe UI Symbol'; position: relative; color: #74787e; font-size: 15px; line-height: 18px; margin: 0; padding: 10px 0;">25-05-2027 (Tuesday)</td>
<td align="right" style="box-sizing: border-box; font-family: -apple-system, BlinkMacSystemFont, 'Segoe UI', Roboto, Helvetica, Arial, sans-serif, 'Apple Color Emoji', 'Segoe UI Emoji', 'Segoe UI Symbol'; position: relative; color: #74787e; font-size: 15px; line-height: 18px; margin: 0; padding: 10px 0;">Night Shift</td>
</tr>
<tr>
<td align="left" style="box-sizing: border-box; font-family: -apple-system, BlinkMacSystemFont, 'Segoe UI', Roboto, Helvetica, Arial, sans-serif, 'Apple Color Emoji', 'Segoe UI Emoji', 'Segoe UI Symbol'; position: relative; color: #74787e; font-size: 15px; line-height: 18px; margin: 0; padding: 10px 0;">26-05-2027 (Wednesday)</td>
<td align="right" style="box-sizing: border-box; font-family: -apple-system, BlinkMacSystemFont, 'Segoe UI', Roboto, Helvetica, Arial, sans-serif, 'Apple Color Emoji', 'Segoe UI Emoji', 'Segoe UI Symbol'; position: relative; color: #74787e; font-size: 15px; line-height: 18px; margin: 0; padding: 10px 0;">Night Shift</td>
</tr>
<tr>
<td align="left" style="box-sizing: border-box; font-family: -apple-system, BlinkMacSystemFont, 'Segoe UI', Roboto, Helvetica, Arial, sans-serif, 'Apple Color Emoji', 'Segoe UI Emoji', 'Segoe UI Symbol'; position: relative; color: #74787e; font-size: 15px; line-height: 18px; margin: 0; padding: 10px 0;">27-05-2027 (Thursday)</td>
<td align="right" style="box-sizing: border-box; font-family: -apple-system, BlinkMacSystemFont, 'Segoe UI', Roboto, Helvetica, Arial, sans-serif, 'Apple Color Emoji', 'Segoe UI Emoji', 'Segoe UI Symbol'; position: relative; color: #74787e; font-size: 15px; line-height: 18px; margin: 0; padding: 10px 0;">Night Shift</td>
</tr>
<tr>
<td align="left" style="box-sizing: border-box; font-family: -apple-system, BlinkMacSystemFont, 'Segoe UI', Roboto, Helvetica, Arial, sans-serif, 'Apple Color Emoji', 'Segoe UI Emoji', 'Segoe UI Symbol'; position: relative; color: #74787e; font-size: 15px; line-height: 18px; margin: 0; padding: 10px 0;">28-05-2027 (Friday)</td>
<td align="right" style="box-sizing: border-box; font-family: -apple-system, BlinkMacSystemFont, 'Segoe UI', Roboto, Helvetica, Arial, sans-serif, 'Apple Color Emoji', 'Segoe UI Emoji', 'Segoe UI Symbol'; position: relative; color: #74787e; font-size: 15px; line-height: 18px; margin: 0; padding: 10px 0;">Night Shift</td>
</tr>
<tr>
<td align="left" style="box-sizing: border-box; font-family: -apple-system, BlinkMacSystemFont, 'Segoe UI', Roboto, Helvetica, Arial, sans-serif, 'Apple Color Emoji', 'Segoe UI Emoji', 'Segoe UI Symbol'; position: relative; color: #74787e; font-size: 15px; line-height: 18px; margin: 0; padding: 10px 0;">29-05-2027 (Saturday)</td>
<td align="right" style="box-sizing: border-box; font-family: -apple-system, BlinkMacSystemFont, 'Segoe UI', Roboto, Helvetica, Arial, sans-serif, 'Apple Color Emoji', 'Segoe UI Emoji', 'Segoe UI Symbol'; position: relative; color: #74787e; font-size: 15px; line-height: 18px; margin: 0; padding: 10px 0;">Day Shift</td>
</tr>
<tr>
<td align="left" style="box-sizing: border-box; font-family: -apple-system, BlinkMacSystemFont, 'Segoe UI', Roboto, Helvetica, Arial, sans-serif, 'Apple Color Emoji', 'Segoe UI Emoji', 'Segoe UI Symbol'; position: relative; color: #74787e; font-size: 15px; line-height: 18px; margin: 0; padding: 10px 0;">30-05-2027 (Sunday)</td>
<td align="right" style="box-sizing: border-box; font-family: -apple-system, BlinkMacSystemFont, 'Segoe UI', Roboto, Helvetica, Arial, sans-serif, 'Apple Color Emoji', 'Segoe UI Emoji', 'Segoe UI Symbol'; position: relative; color: #74787e; font-size: 15px; line-height: 18px; margin: 0; padding: 10px 0;">Day Shift</td>
</tr>
<tr>
<td align="left" style="box-sizing: border-box; font-family: -apple-system, BlinkMacSystemFont, 'Segoe UI', Roboto, Helvetica, Arial, sans-serif, 'Apple Color Emoji', 'Segoe UI Emoji', 'Segoe UI Symbol'; position: relative; color: #74787e; font-size: 15px; line-height: 18px; margin: 0; padding: 10px 0;">31-05-2027 (Monday)</td>
<td align="right" style="box-sizing: border-box; font-family: -apple-system, BlinkMacSystemFont, 'Segoe UI', Roboto, Helvetica, Arial, sans-serif, 'Apple Color Emoji', 'Segoe UI Emoji', 'Segoe UI Symbol'; position: relative; color: #74787e; font-size: 15px; line-height: 18px; margin: 0; padding: 10px 0;">Night Shift</td>
</tr>
<tr>
<td align="left" style="box-sizing: border-box; font-family: -apple-system, BlinkMacSystemFont, 'Segoe UI', Roboto, Helvetica, Arial, sans-serif, 'Apple Color Emoji', 'Segoe UI Emoji', 'Segoe UI Symbol'; position: relative; color: #74787e; font-size: 15px; line-height: 18px; margin: 0; padding: 10px 0;">01-06-2027 (Tuesday)</td>
<td align="right" style="box-sizing: border-box; font-family: -apple-system, BlinkMacSystemFont, 'Segoe UI', Roboto, Helvetica, Arial, sans-serif, 'Apple Color Emoji', 'Segoe UI Emoji', 'Segoe UI Symbol'; position: relative; color: #74787e; font-size: 15px; line-height: 18px; margin: 0; padding: 10px 0;">Night Shift</td>
</tr>
<tr>
<td align="left" style="box-sizing: border-box; font-family: -apple-system, BlinkMacSystemFont, 'Segoe UI', Roboto, Helvetica, Arial, sans-serif, 'Apple Color Emoji', 'Segoe UI Emoji', 'Segoe UI Symbol'; position: relative; color: #74787e; font-size: 15px; line-height: 18px; margin: 0; padding: 10px 0;">02-06-2027 (Wednesday)</td>
<td align="right" style="box-sizing: border-box; font-family: -apple-system, BlinkMacSystemFont, 'Segoe UI', Roboto, Helvetica, Arial, sans-serif, 'Apple Color Emoji', 'Segoe UI Emoji', 'Segoe UI Symbol'; position: relative; color: #74787e; font-size: 15px; line-height: 18px; margin: 0; padding: 10px 0;">Night Shift</td>
</tr>
<tr>
<td align="left" style="box-sizing: border-box; font-family: -apple-system, BlinkMacSystemFont, 'Segoe UI', Roboto, Helvetica, Arial, sans-serif, 'Apple Color Emoji', 'Segoe UI Emoji', 'Segoe UI Symbol'; position: relative; color: #74787e; font-size: 15px; line-height: 18px; margin: 0; padding: 10px 0;">03-06-2027 (Thursday)</td>
<td align="right" style="box-sizing: border-box; font-family: -apple-system, BlinkMacSystemFont, 'Segoe UI', Roboto, Helvetica, Arial, sans-serif, 'Apple Color Emoji', 'Segoe UI Emoji', 'Segoe UI Symbol'; position: relative; color: #74787e; font-size: 15px; line-height: 18px; margin: 0; padding: 10px 0;">Night Shift</td>
</tr>
<tr>
<td align="left" style="box-sizing: border-box; font-family: -apple-system, BlinkMacSystemFont, 'Segoe UI', Roboto, Helvetica, Arial, sans-serif, 'Apple Color Emoji', 'Segoe UI Emoji', 'Segoe UI Symbol'; position: relative; color: #74787e; font-size: 15px; line-height: 18px; margin: 0; padding: 10px 0;">04-06-2027 (Friday)</td>
<td align="right" style="box-sizing: border-box; font-family: -apple-system, BlinkMacSystemFont, 'Segoe UI', Roboto, Helvetica, Arial, sans-serif, 'Apple Color Emoji', 'Segoe UI Emoji', 'Segoe UI Symbol'; position: relative; color: #74787e; font-size: 15px; line-height: 18px; margin: 0; padding: 10px 0;">Night Shift</td>
</tr>
<tr>
<td align="left" style="box-sizing: border-box; font-family: -apple-system, BlinkMacSystemFont, 'Segoe UI', Roboto, Helvetica, Arial, sans-serif, 'Apple Color Emoji', 'Segoe UI Emoji', 'Segoe UI Symbol'; position: relative; color: #74787e; font-size: 15px; line-height: 18px; margin: 0; padding: 10px 0;">05-06-2027 (Saturday)</td>
<td align="right" style="box-sizing: border-box; font-family: -apple-system, BlinkMacSystemFont, 'Segoe UI', Roboto, Helvetica, Arial, sans-serif, 'Apple Color Emoji', 'Segoe UI Emoji', 'Segoe UI Symbol'; position: relative; color: #74787e; font-size: 15px; line-height: 18px; margin: 0; padding: 10px 0;">Day Shift</td>
</tr>
<tr>
<td align="left" style="box-sizing: border-box; font-family: -apple-system, BlinkMacSystemFont, 'Segoe UI', Roboto, Helvetica, Arial, sans-serif, 'Apple Color Emoji', 'Segoe UI Emoji', 'Segoe UI Symbol'; position: relative; color: #74787e; font-size: 15px; line-height: 18px; margin: 0; padding: 10px 0;">06-06-2027 (Sunday)</td>
<td align="right" style="box-sizing: border-box; font-family: -apple-system, BlinkMacSystemFont, 'Segoe UI', Roboto, Helvetica, Arial, sans-serif, 'Apple Color Emoji', 'Segoe UI Emoji', 'Segoe UI Symbol'; position: relative; color: #74787e; font-size: 15px; line-height: 18px; margin: 0; padding: 10px 0;">Day Shift</td>
</tr>
<tr>
<td align="left" style="box-sizing: border-box; font-family: -apple-system, BlinkMacSystemFont, 'Segoe UI', Roboto, Helvetica, Arial, sans-serif, 'Apple Color Emoji', 'Segoe UI Emoji', 'Segoe UI Symbol'; position: relative; color: #74787e; font-size: 15px; line-height: 18px; margin: 0; padding: 10px 0;">07-06-2027 (Monday)</td>
<td align="right" style="box-sizing: border-box; font-family: -apple-system, BlinkMacSystemFont, 'Segoe UI', Roboto, Helvetica, Arial, sans-serif, 'Apple Color Emoji', 'Segoe UI Emoji', 'Segoe UI Symbol'; position: relative; color: #74787e; font-size: 15px; line-height: 18px; margin: 0; padding: 10px 0;">Night Shift</td>
</tr>
<tr>
<td align="left" style="box-sizing: border-box; font-family: -apple-system, BlinkMacSystemFont, 'Segoe UI', Roboto, Helvetica, Arial, sans-serif, 'Apple Color Emoji', 'Segoe UI Emoji', 'Segoe UI Symbol'; position: relative; color: #74787e; font-size: 15px; line-height: 18px; margin: 0; padding: 10px 0;">08-06-2027 (Tuesday)</td>
<td align="right" style="box-sizing: border-box; font-family: -apple-system, BlinkMacSystemFont, 'Segoe UI', Roboto, Helvetica, Arial, sans-serif, 'Apple Color Emoji', 'Segoe UI Emoji', 'Segoe UI Symbol'; position: relative; color: #74787e; font-size: 15px; line-height: 18px; margin: 0; padding: 10px 0;">Night Shift</td>
</tr>
<tr>
<td align="left" style="box-sizing: border-box; font-family: -apple-system, BlinkMacSystemFont, 'Segoe UI', Roboto, Helvetica, Arial, sans-serif, 'Apple Color Emoji', 'Segoe UI Emoji', 'Segoe UI Symbol'; position: relative; color: #74787e; font-size: 15px; line-height: 18px; margin: 0; padding: 10px 0;">09-06-2027 (Wednesday)</td>
<td align="right" style="box-sizing: border-box; font-family: -apple-system, BlinkMacSystemFont, 'Segoe UI', Roboto, Helvetica, Arial, sans-serif, 'Apple Color Emoji', 'Segoe UI Emoji', 'Segoe UI Symbol'; position: relative; color: #74787e; font-size: 15px; line-height: 18px; margin: 0; padding: 10px 0;">Night Shift</td>
</tr>
<tr>
<td align="left" style="box-sizing: border-box; font-family: -apple-system, BlinkMacSystemFont, 'Segoe UI', Roboto, Helvetica, Arial, sans-serif, 'Apple Color Emoji', 'Segoe UI Emoji', 'Segoe UI Symbol'; position: relative; color: #74787e; font-size: 15px; line-height: 18px; margin: 0; padding: 10px 0;">10-06-2027 (Thursday)</td>
<td align="right" style="box-sizing: border-box; font-family: -apple-system, BlinkMacSystemFont, 'Segoe UI', Roboto, Helvetica, Arial, sans-serif, 'Apple Color Emoji', 'Segoe UI Emoji', 'Segoe UI Symbol'; position: relative; color: #74787e; font-size: 15px; line-height: 18px; margin: 0; padding: 10px 0;">Night Shift</td>
</tr>
<tr>
<td align="left" style="box-sizing: border-box; font-family: -apple-system, BlinkMacSystemFont, 'Segoe UI', Roboto, Helvetica, Arial, sans-serif, 'Apple Color Emoji', 'Segoe UI Emoji', 'Segoe UI Symbol'; position: relative; color: #74787e; font-size: 15px; line-height: 18px; margin: 0; padding: 10px 0;">11-06-2027 (Friday)</td>
<td align="right" style="box-sizing: border-box; font-family: -apple-system, BlinkMacSystemFont, 'Segoe UI', Roboto, Helvetica, Arial, sans-serif, 'Apple Color Emoji', 'Segoe UI Emoji', 'Segoe UI Symbol'; position: relative; color: #74787e; font-size: 15px; line-height: 18px; margin: 0; padding: 10px 0;">Night Shift</td>
</tr>
<tr>
<td align="left" style="box-sizing: border-box; font-family: -apple-system, BlinkMacSystemFont, 'Segoe UI', Roboto, Helvetica, Arial, sans-serif, 'Apple Color Emoji', 'Segoe UI Emoji', 'Segoe UI Symbol'; position: relative; color: #74787e; font-size: 15px; line-height: 18px; margin: 0; padding: 10px 0;">12-06-2027 (Saturday)</td>
<td align="right" style="box-sizing: border-box; font-family: -apple-system, BlinkMacSystemFont, 'Segoe UI', Roboto, Helvetica, Arial, sans-serif, 'Apple Color Emoji', 'Segoe UI Emoji', 'Segoe UI Symbol'; position: relative; color: #74787e; font-size: 15px; line-height: 18px; margin: 0; padding: 10px 0;">Day Shift</td>
</tr>
<tr>
<td align="left" style="box-sizing: border-box; font-family: -apple-system, BlinkMacSystemFont, 'Segoe UI', Roboto, Helvetica, Arial, sans-serif, 'Apple Color Emoji', 'Segoe UI Emoji', 'Segoe UI Symbol'; position: relative; color: #74787e; font-size: 15px; line-height: 18px; margin: 0; padding: 10px 0;">13-06-2027 (Sunday)</td>
<td align="right" style="box-sizing: border-box; font-family: -apple-system, BlinkMacSystemFont, 'Segoe UI', Roboto, Helvetica, Arial, sans-serif, 'Apple Color Emoji', 'Segoe UI Emoji', 'Segoe UI Symbol'; position: relative; color: #74787e; font-size: 15px; line-height: 18px; margin: 0; padding: 10px 0;">Day Shift</td>
</tr>
<tr>
<td align="left" style="box-sizing: border-box; font-family: -apple-system, BlinkMacSystemFont, 'Segoe UI', Roboto, Helvetica, Arial, sans-serif, 'Apple Color Emoji', 'Segoe UI Emoji', 'Segoe UI Symbol'; position: relative; color: #74787e; font-size: 15px; line-height: 18px; margin: 0; padding: 10px 0;">14-06-2027 (Monday)</td>
<td align="right" style="box-sizing: border-box; font-family: -apple-system, BlinkMacSystemFont, 'Segoe UI', Roboto, Helvetica, Arial, sans-serif, 'Apple Color Emoji', 'Segoe UI Emoji', 'Segoe UI Symbol'; position: relative; color: #74787e; font-size: 15px; line-height: 18px; margin: 0; padding: 10px 0;">Night Shift</td>
</tr>
<tr>
<td align="left" style="box-sizing: border-box; font-family: -apple-system, BlinkMacSystemFont, 'Segoe UI', Roboto, Helvetica, Arial, sans-serif, 'Apple Color Emoji', 'Segoe UI Emoji', 'Segoe UI Symbol'; position: relative; color: #74787e; font-size: 15px; line-height: 18px; margin: 0; padding: 10px 0;">15-06-2027 (Tuesday)</td>
<td align="right" style="box-sizing: border-box; font-family: -apple-system, BlinkMacSystemFont, 'Segoe UI', Roboto, Helvetica, Arial, sans-serif, 'Apple Color Emoji', 'Segoe UI Emoji', 'Segoe UI Symbol'; position: relative; color: #74787e; font-size: 15px; line-height: 18px; margin: 0; padding: 10px 0;">Night Shift</td>
</tr>
<tr>
<td align="left" style="box-sizing: border-box; font-family: -apple-system, BlinkMacSystemFont, 'Segoe UI', Roboto, Helvetica, Arial, sans-serif, 'Apple Color Emoji', 'Segoe UI Emoji', 'Segoe UI Symbol'; position: relative; color: #74787e; font-size: 15px; line-height: 18px; margin: 0; padding: 10px 0;">16-06-2027 (Wednesday)</td>
<td align="right" style="box-sizing: border-box; font-family: -apple-system, BlinkMacSystemFont, 'Segoe UI', Roboto, Helvetica, Arial, sans-serif, 'Apple Color Emoji', 'Segoe UI Emoji', 'Segoe UI Symbol'; position: relative; color: #74787e; font-size: 15px; line-height: 18px; margin: 0; padding: 10px 0;">Night Shift</td>
</tr>
<tr>
<td align="left" style="box-sizing: border-box; font-family: -apple-system, BlinkMacSystemFont, 'Segoe UI', Roboto, Helvetica, Arial, sans-serif, 'Apple Color Emoji', 'Segoe UI Emoji', 'Segoe UI Symbol'; position: relative; color: #74787e; font-size: 15px; line-height: 18px; margin: 0; padding: 10px 0;">17-06-2027 (Thursday)</td>
<td align="right" style="box-sizing: border-box; font-family: -apple-system, BlinkMacSystemFont, 'Segoe UI', Roboto, Helvetica, Arial, sans-serif, 'Apple Color Emoji', 'Segoe UI Emoji', 'Segoe UI Symbol'; position: relative; color: #74787e; font-size: 15px; line-height: 18px; margin: 0; padding: 10px 0;">Night Shift</td>
</tr>
<tr>
<td align="left" style="box-sizing: border-box; font-family: -apple-system, BlinkMacSystemFont, 'Segoe UI', Roboto, Helvetica, Arial, sans-serif, 'Apple Color Emoji', 'Segoe UI Emoji', 'Segoe UI Symbol'; position: relative; color: #74787e; font-size: 15px; line-height: 18px; margin: 0; padding: 10px 0;">18-06-2027 (Friday)</td>
<td align="right" style="box-sizing: border-box; font-family: -apple-system, BlinkMacSystemFont, 'Segoe UI', Roboto, Helvetica, Arial, sans-serif, 'Apple Color Emoji', 'Segoe UI Emoji', 'Segoe UI Symbol'; position: relative; color: #74787e; font-size: 15px; line-height: 18px; margin: 0; padding: 10px 0;">Night Shift</td>
</tr>
<tr>
<td align="left" style="box-sizing: border-box; font-family: -apple-system, BlinkMacSystemFont, 'Segoe UI', Roboto, Helvetica, Arial, sans-serif, 'Apple Color Emoji', 'Segoe UI Emoji', 'Segoe UI Symbol'; position: relative; color: #74787e; font-size: 15px; line-height: 18px; margin: 0; padding: 10px 0;">19-06-2027 (Saturday)</td>
<td align="right" style="box-sizing: border-box; font-family: -apple-system, BlinkMacSystemFont, 'Segoe UI', Roboto, Helvetica, Arial, sans-serif, 'Apple Color Emoji', 'Segoe UI Emoji', 'Segoe UI Symbol'; position: relative; color: #74787e; font-size: 15px; line-height: 18px; margin: 0; padding: 10px 0;">Day Shift</td>
</tr>
<tr>
<td align="left" style="box-sizing: border-box; font-family: -apple-system, BlinkMacSystemFont, 'Segoe UI', Roboto, Helvetica, Arial, sans-serif, 'Apple Color Emoji', 'Segoe UI Emoji', 'Segoe UI Symbol'; position: relative; color: #74787e; font-size: 15px; line-height: 18px; margin: 0; padding: 10px 0;">20-06-2027 (Sunday)</td>
<td align="right" style="box-sizing: border-box; font-family: -apple-system, BlinkMacSystemFont, 'Segoe UI', Roboto, Helvetica, Arial, sans-serif, 'Apple Color Emoji', 'Segoe UI Emoji', 'Segoe UI Symbol'; position: relative; color: #74787e; font-size: 15px; line-height: 18px; margin: 0; padding: 10px 0;">Day Shift</td>
</tr>
<tr>
<td align="left" style="box-sizing: border-box; font-family: -apple-system, BlinkMacSystemFont, 'Segoe UI', Roboto, Helvetica, Arial, sans-serif, 'Apple Color Emoji', 'Segoe UI Emoji', 'Segoe UI Symbol'; position: relative; color: #74787e; font-size: 15px; line-height: 18px; margin: 0; padding: 10px 0;">21-06-2027 (Monday)</td>
<td align="right" style="box-sizing: border-box; font-family: -apple-system, BlinkMacSystemFont, 'Segoe UI', Roboto, Helvetica, Arial, sans-serif, 'Apple Color Emoji', 'Segoe UI Emoji', 'Segoe UI Symbol'; position: relative; color: #74787e; font-size: 15px; line-height: 18px; margin: 0; padding: 10px 0;">Night Shift</td>
</tr>
<tr>
<td align="left" style="box-sizing: border-box; font-family: -apple-system, BlinkMacSystemFont, 'Segoe UI', Roboto, Helvetica, Arial, sans-serif, 'Apple Color Emoji', 'Segoe UI Emoji', 'Segoe UI Symbol'; position: relative; color: #74787e; font-size: 15px; line-height: 18px; margin: 0; padding: 10px 0;">22-06-2027 (Tuesday)</td>
<td align="right" style="box-sizing: border-box; font-family: -apple-system, BlinkMacSystemFont, 'Segoe UI', Roboto, Helvetica, Arial, sans-serif, 'Apple Color Emoji', 'Segoe UI Emoji', 'Segoe UI Symbol'; position: relative; color: #74787e; font-size: 15px; line-height: 18px; margin: 0; padding: 10px 0;">Night Shift</td>
</tr>
<tr>
<td align="left" style="box-sizing: border-box; font-family: -apple-system, BlinkMacSystemFont, 'Segoe UI', Roboto, Helvetica, Arial, sans-serif, 'Apple Color Emoji', 'Segoe UI Emoji', 'Segoe UI Symbol'; position: relative; color: #74787e; font-size: 15px; line-height: 18px; margin: 0; padding: 10px 0;">23-06-2027 (Wednesday)</td>
<td align="right" style="box-sizing: border-box; font-family: -apple-system, BlinkMacSystemFont, 'Segoe UI', Roboto, Helvetica, Arial, sans-serif, 'Apple Color Emoji', 'Segoe UI Emoji', 'Segoe UI Symbol'; position: relative; color: #74787e; font-size: 15px; line-height: 18px; margin: 0; padding: 10px 0;">Night Shift</td>
</tr>
<tr>
<td align="left" style="box-sizing: border-box; font-family: -apple-system, BlinkMacSystemFont, 'Segoe UI', Roboto, Helvetica, Arial, sans-serif, 'Apple Color Emoji', 'Segoe UI Emoji', 'Segoe UI Symbol'; position: relative; color: #74787e; font-size: 15px; line-height: 18px; margin: 0; padding: 10px 0;">24-06-2027 (Thursday)</td>
<td align="right" style="box-sizing: border-box; font-family: -apple-system, BlinkMacSystemFont, 'Segoe UI', Roboto, Helvetica, Arial, sans-serif, 'Apple Color Emoji', 'Segoe UI Emoji', 'Segoe UI Symbol'; position: relative; color: #74787e; font-size: 15px; line-height: 18px; margin: 0; padding: 10px 0;">Night Shift</td>
</tr>
<tr>
<td align="left" style="box-sizing: border-box; font-family: -apple-system, BlinkMacSystemFont, 'Segoe UI', Roboto, Helvetica, Arial, sans-serif, 'Apple Color Emoji', 'Segoe UI Emoji', 'Segoe UI Symbol'; position: relative; color: #74787e; font-size: 15px; line-height: 18px; margin: 0; padding: 10px 0;">25-06-2027 (Friday)</td>
<td align="right" style="box-sizing: border-box; font-family: -apple-system, BlinkMacSystemFont, 'Segoe UI', Roboto, Helvetica, Arial, sans-serif, 'Apple Color Emoji', 'Segoe UI Emoji', 'Segoe UI Symbol'; position: relative; color: #74787e; font-size: 15px; line-height: 18px; margin: 0; padding: 10px 0;">Night Shift</td>
</tr>
<tr>
<td align="left" style="box-sizing: border-box; font-family: -apple-system, BlinkMacSystemFont, 'Segoe UI', Roboto, Helvetica, Arial, sans-serif, 'Apple Color Emoji', 'Segoe UI Emoji', 'Segoe UI Symbol'; position: relative; color: #74787e; font-size: 15px; line-height: 18px; margin: 0; padding: 10px 0;">26-06-2027 (Saturday)</td>
<td align="right" style="box-sizing: border-box; font-family: -apple-system, BlinkMacSystemFont, 'Segoe UI', Roboto, Helvetica, Arial, sans-serif, 'Apple Color Emoji', 'Segoe UI Emoji', 'Segoe UI Symbol'; position: relative; color: #74787e; font-size: 15px; line-height: 18px; margin: 0; padding: 10px 0;">Day Shift</td>
</tr>
<tr>
<td align="left" style="box-sizing: border-box; font-family: -apple-system, BlinkMacSystemFont, 'Segoe UI', Roboto, Helvetica, Arial, sans-serif, 'Apple Color Emoji', 'Segoe UI Emoji', 'Segoe UI Symbol'; position: relative; color: #74787e; font-size: 15px; line-height: 18px; margin: 0; padding: 10px 0;">27-06-2027 (Sunday)</td>
<td align="right" style="box-sizing: border-box; font-family: -apple-system, BlinkMacSystemFont, 'Segoe UI', Roboto, Helvetica, Arial, sans-serif, 'Apple Color Emoji', 'Segoe UI Emoji', 'Segoe UI Symbol'; position: relative; color: #74787e; font-size: 15px; line-height: 18px; margin: 0; padding: 10px 0;">Day Shift</td>
</tr>
<tr>
<td align="left" style="box-sizing: border-box; font-family: -apple-system, BlinkMacSystemFont, 'Segoe UI', Roboto, Helvetica, Arial, sans-serif, 'Apple Color Emoji', 'Segoe UI Emoji', 'Segoe UI Symbol'; position: relative; color: #74787e; font-size: 15px; line-height: 18px; margin: 0; padding: 10px 0;">28-06-2027 (Monday)</td>
<td align="right" style="box-sizing: border-box; font-family: -apple-system, BlinkMacSystemFont, 'Segoe UI', Roboto, Helvetica, Arial, sans-serif, 'Apple Color Emoji', 'Segoe UI Emoji', 'Segoe UI Symbol'; position: relative; color: #74787e; font-size: 15px; line-height: 18px; margin: 0; padding: 10px 0;">Night Shift</td>
</tr>
<tr>
<td align="left" style="box-sizing: border-box; font-family: -apple-system, BlinkMacSystemFont, 'Segoe UI', Roboto, Helvetica, Arial, sans-serif, 'Apple Color Emoji', 'Segoe UI Emoji', 'Segoe UI Symbol'; position: relative; color: #74787e; font-size: 15px; line-height: 18px; margin: 0; padding: 10px 0;">29-06-2027 (Tuesday)</td>
<td align="right" style="box-sizing: border-box; font-family: -apple-system, BlinkMacSystemFont, 'Segoe UI', Roboto, Helvetica, Arial, sans-serif, 'Apple Color Emoji', 'Segoe UI Emoji', 'Segoe UI Symbol'; position: relative; color: #74787e; font-size: 15px; line-height: 18px; margin: 0; padding: 10px 0;">Night Shift</td>
</tr>
<tr>
<td align="left" style="box-sizing: border-box; font-family: -apple-system, BlinkMacSystemFont, 'Segoe UI', Roboto, Helvetica, Arial, sans-serif, 'Apple Color Emoji', 'Segoe UI Emoji', 'Segoe UI Symbol'; position: relative; color: #74787e; font-size: 15px; line-height: 18px; margin: 0; padding: 10px 0;">30-06-2027 (Wednesday)</td>
<td align="right" style="box-sizing: border-box; font-family: -apple-system, BlinkMacSystemFont, 'Segoe UI', Roboto, Helvetica, Arial, sans-serif, 'Apple Color Emoji', 'Segoe UI Emoji', 'Segoe UI Symbol'; position: relative; color: #74787e; font-size: 15px; line-height: 18px; margin: 0; padding: 10px 0;">Night Shift</td>
</tr>
<tr>
<td align="left" style="box-sizing: border-box; font-family: -apple-system, BlinkMacSystemFont, 'Segoe UI', Roboto, Helvetica, Arial, sans-serif, 'Apple Color Emoji', 'Segoe UI Emoji', 'Segoe UI Symbol'; position: relative; color: #74787e; font-size: 15px; line-height: 18px; margin: 0; padding: 10px 0;">01-07-2027 (Thursday)</td>
<td align="right" style="box-sizing: border-box; font-family: -apple-system, BlinkMacSystemFont, 'Segoe UI', Roboto, Helvetica, Arial, sans-serif, 'Apple Color Emoji', 'Segoe UI Emoji', 'Segoe UI Symbol'; position: relative; color: #74787e; font-size: 15px; line-height: 18px; margin: 0; padding: 10px 0;">Night Shift</td>
</tr>
<tr>
<td align="left" style="box-sizing: border-box; font-family: -apple-system, BlinkMacSystemFont, 'Segoe UI', Roboto, Helvetica, Arial, sans-serif, 'Apple Color Emoji', 'Segoe UI Emoji', 'Segoe UI Symbol'; position: relative; color: #74787e; font-size: 15px; line-height: 18px; margin: 0; padding: 10px 0;">02-07-2027 (Friday)</td>
<td align="right" style="box-sizing: border-box; font-family: -apple-system, BlinkMacSystemFont, 'Segoe UI', Roboto, Helvetica, Arial, sans-serif, 'Apple Color Emoji', 'Segoe UI Emoji', 'Segoe UI Symbol'; position: relative; color: #74787e; font-size: 15px; line-height: 18px; margin: 0; padding: 10px 0;">Night Shift</td>
</tr>
<tr>
<td align="left" style="box-sizing: border-box; font-family: -apple-system, BlinkMacSystemFont, 'Segoe UI', Roboto, Helvetica, Arial, sans-serif, 'Apple Color Emoji', 'Segoe UI Emoji', 'Segoe UI Symbol'; position: relative; color: #74787e; font-size: 15px; line-height: 18px; margin: 0; padding: 10px 0;">03-07-2027 (Saturday)</td>
<td align="right" style="box-sizing: border-box; font-family: -apple-system, BlinkMacSystemFont, 'Segoe UI', Roboto, Helvetica, Arial, sans-serif, 'Apple Color Emoji', 'Segoe UI Emoji', 'Segoe UI Symbol'; position: relative; color: #74787e; font-size: 15px; line-height: 18px; margin: 0; padding: 10px 0;">Day Shift</td>
</tr>
<tr>
<td align="left" style="box-sizing: border-box; font-family: -apple-system, BlinkMacSystemFont, 'Segoe UI', Roboto, Helvetica, Arial, sans-serif, 'Apple Color Emoji', 'Segoe UI Emoji', 'Segoe UI Symbol'; position: relative; color: #74787e; font-size: 15px; line-height: 18px; margin: 0; padding: 10px 0;">04-07-2027 (Sunday)</td>
<td align="right" style="box-sizing: border-box; font-family: -apple-system, BlinkMacSystemFont, 'Segoe UI', Roboto, Helvetica, Arial, sans-serif, 'Apple Color Emoji', 'Segoe UI Emoji', 'Segoe UI Symbol'; position: relative; color: #74787e; font-size: 15px; line-height: 18px; margin: 0; padding: 10px 0;">Day Shift</td>
</tr>
<tr>
<td align="left" style="box-sizing: border-box; font-family: -apple-system, BlinkMacSystemFont, 'Segoe UI', Roboto, Helvetica, Arial, sans-serif, 'Apple Color Emoji', 'Segoe UI Emoji', 'Segoe UI Symbol'; position: relative; color: #74787e; font-size: 15px; line-height: 18px; margin: 0; padding: 10px 0;">05-07-2027 (Monday)</td>
<td align="right" style="box-sizing: border-box; font-family: -apple-system, BlinkMacSystemFont, 'Segoe UI', Roboto, Helvetica, Arial, sans-serif, 'Apple Color Emoji', 'Segoe UI Emoji', 'Segoe UI Symbol'; position: relative; color: #74787e; font-size: 15px; line-height: 18px; margin: 0; padding: 10px 0;">Night Shift</td>
</tr>
<tr>
<td align="left" style="box-sizing: border-box; font-family: -apple-system, BlinkMacSystemFont, 'Segoe UI', Roboto, Helvetica, Arial, sans-serif, 'Apple Color Emoji', 'Segoe UI Emoji', 'Segoe UI Symbol'; position: relative; color: #74787e; font-size: 15px; line-height: 18px; margin: 0; padding: 10px 0;">06-07-2027 (Tuesday)</td>
<td align="right" style="box-sizing: border-box; font-family: -apple-system, BlinkMacSystemFont, 'Segoe UI', Roboto, Helvetica, Arial, sans-serif, 'Apple Color Emoji', 'Segoe UI Emoji', 'Segoe UI Symbol'; position: relative; color: #74787e; font-size: 15px; line-height: 18px; margin: 0; padding: 10px 0;">Night Shift</td>
</tr>
<tr>
<td align="left" style="box-sizing: border-box; font-family: -apple-system, BlinkMacSystemFont, 'Segoe UI', Roboto, Helvetica, Arial, sans-serif, 'Apple Color Emoji', 'Segoe UI Emoji', 'Segoe UI Symbol'; position: relative; color: #74787e; font-size: 15px; line-height: 18px; margin: 0; padding: 10px 0;">07-07-2027 (Wednesday)</td>
<td align="right" style="box-sizing: border-box; font-family: -apple-system, BlinkMacSystemFont, 'Segoe UI', Roboto, Helvetica, Arial, sans-serif, 'Apple Color Emoji', 'Segoe UI Emoji', 'Segoe UI Symbol'; position: relative; color: #74787e; font-size: 15px; line-height: 18px; margin: 0; padding: 10px 0;">Night Shift</td>
</tr>
<tr>
<td align="left" style="box-sizing: border-box; font-family: -apple-system, BlinkMacSystemFont, 'Segoe UI', Roboto, Helvetica, Arial, sans-serif, 'Apple Color Emoji', 'Segoe UI Emoji', 'Segoe UI Symbol'; position: relative; color: #74787e; font-size: 15px; line-height: 18px; margin: 0; padding: 10px 0;">08-07-2027 (Thursday)</td>
<td align="right" style="box-sizing: border-box; font-family: -apple-system, BlinkMacSystemFont, 'Segoe UI', Roboto, Helvetica, Arial, sans-serif, 'Apple Color Emoji', 'Segoe UI Emoji', 'Segoe UI Symbol'; position: relative; color: #74787e; font-size: 15px; line-height: 18px; margin: 0; padding: 10px 0;">Night Shift</td>
</tr>
<tr>
<td align="left" style="box-sizing: border-box; font-family: -apple-system, BlinkMacSystemFont, 'Segoe UI', Roboto, Helvetica, Arial, sans-serif, 'Apple Color Emoji', 'Segoe UI Emoji', 'Segoe UI Symbol'; position: relative; color: #74787e; font-size: 15px; line-height: 18px; margin: 0; padding: 10px 0;">09-07-2027 (Friday)</td>
<td align="right" style="box-sizing: border-box; font-family: -apple-system, BlinkMacSystemFont, 'Segoe UI', Roboto, Helvetica, Arial, sans-serif, 'Apple Color Emoji', 'Segoe UI Emoji', 'Segoe UI Symbol'; position: relative; color: #74787e; font-size: 15px; line-height: 18px; margin: 0; padding: 10px 0;">Night Shift</td>
</tr>
<tr>
<td align="left" style="box-sizing: border-box; font-family: -apple-system, BlinkMacSystemFont, 'Segoe UI', Roboto, Helvetica, Arial, sans-serif, 'Apple Color Emoji', 'Segoe UI Emoji', 'Segoe UI Symbol'; position: relative; color: #74787e; font-size: 15px; line-height: 18px; margin: 0; padding: 10px 0;">10-07-2027 (Saturday)</td>
<td align="right" style="box-sizing: border-box; font-family: -apple-system, BlinkMacSystemFont, 'Segoe UI', Roboto, Helvetica, Arial, sans-serif, 'Apple Color Emoji', 'Segoe UI Emoji', 'Segoe UI Symbol'; position: relative; color: #74787e; font-size: 15px; line-height: 18px; margin: 0; padding: 10px 0;">Day Shift</td>
</tr>
<tr>
<td align="left" style="box-sizing: border-box; font-family: -apple-system, BlinkMacSystemFont, 'Segoe UI', Roboto, Helvetica, Arial, sans-serif, 'Apple Color Emoji', 'Segoe UI Emoji', 'Segoe UI Symbol'; position: relative; color: #74787e; font-size: 15px; line-height: 18px; margin: 0; padding: 10px 0;">11-07-2027 (Sunday)</td>
<td align="right" style="box-sizing: border-box; font-family: -apple-system, BlinkMacSystemFont, 'Segoe UI', Roboto, Helvetica, Arial, sans-serif, 'Apple Color Emoji', 'Segoe UI Emoji', 'Segoe UI Symbol'; position: relative; color: #74787e; font-size: 15px; line-height: 18px; margin: 0; padding: 10px 0;">Day Shift</td>
</tr>
<tr>
<td align="left" style="box-sizing: border-box; font-family: -apple-system, BlinkMacSystemFont, 'Segoe UI', Roboto, Helvetica, Arial, sans-serif, 'Apple Color Emoji', 'Segoe UI Emoji', 'Segoe UI Symbol'; position: relative; color: #74787e; font-size: 15px; line-height: 18px; margin: 0; padding: 10px 0;">12-07-2027 (Monday)</td>
<td align="right" style="box-sizing: border-box; font-family: -apple-system, BlinkMacSystemFont, 'Segoe UI', Roboto, Helvetica, Arial, sans-serif, 'Apple Color Emoji', 'Segoe UI Emoji', 'Segoe UI Symbol'; position: relative; color: #74787e; font-size: 15px; line-height: 18px; margin: 0; padding: 10px 0;">Night Shift</td>
</tr>
<tr>
<td align="left" style="box-sizing: border-box; font-family: -apple-system, BlinkMacSystemFont, 'Segoe UI', Roboto, Helvetica, Arial, sans-serif, 'Apple Color Emoji', 'Segoe UI Emoji', 'Segoe UI Symbol'; position: relative; color: #74787e; font-size: 15px; line-height: 18px; margin: 0; padding: 10px 0;">13-07-2027 (Tuesday)</td>
<td align="right" style="box-sizing: border-box; font-family: -apple-system, BlinkMacSystemFont, 'Segoe UI', Roboto, Helvetica, Arial, sans-serif, 'Apple Color Emoji', 'Segoe UI Emoji', 'Segoe UI Symbol'; position: relative; color: #74787e; font-size: 15px; line-height: 18px; margin: 0; padding: 10px 0;">Night Shift</td>
</tr>
<tr>
<td align="left" style="box-sizing: border-box; font-family: -apple-system, BlinkMacSystemFont, 'Segoe UI', Roboto, Helvetica, Arial, sans-serif, 'Apple Color Emoji', 'Segoe UI Emoji', 'Segoe UI Symbol'; position: relative; color: #74787e; font-size: 15px; line-height: 18px; margin: 0; padding: 10px 0;">14-07-2027 (Wednesday)</td>
<td align="right" style="box-sizing: border-box; font-family: -apple-system, BlinkMacSystemFont, 'Segoe UI', Roboto, Helvetica, Arial, sans-serif, 'Apple Color Emoji', 'Segoe UI Emoji', 'Segoe UI Symbol'; position: relative; color: #74787e; font-size: 15px; line-height: 18px; margin: 0; padding: 10px 0;">Night Shift</td>
</tr>
<tr>
<td align="left" style="box-sizing: border-box; font-family: -apple-system, BlinkMacSystemFont, 'Segoe UI', Roboto, Helvetica, Arial, sans-serif, 'Apple Color Emoji', 'Segoe UI Emoji', 'Segoe UI Symbol'; position: relative; color: #74787e; font-size: 15px; line-height: 18px; margin: 0; padding: 10px 0;">15-07-2027 (Thursday)</td>
<td align="right" style="box-sizing: border-box; font-family: -apple-system, BlinkMacSystemFont, 'Segoe UI', Roboto, Helvetica, Arial, sans-serif, 'Apple Color Emoji', 'Segoe UI Emoji', 'Segoe UI Symbol'; position: relative; color: #74787e; font-size: 15px; line-height: 18px; margin: 0; padding: 10px 0;">Night Shift</td>
</tr>
<tr>
<td align="left" style="box-sizing: border-box; font-family: -apple-system, BlinkMacSystemFont, 'Segoe UI', Roboto, Helvetica, Arial, sans-serif, 'Apple Color Emoji', 'Segoe UI Emoji', 'Segoe UI Symbol'; position: relative; color: #74787e; font-size: 15px; line-height: 18px; margin: 0; padding: 10px 0;">16-07-2027 (Friday)</td>
<td align="right" style="box-sizing: border-box; font-family: -apple-system, BlinkMacSystemFont, 'Segoe UI', Roboto, Helvetica, Arial, sans-serif, 'Apple Color Emoji', 'Segoe UI Emoji', 'Segoe UI Symbol'; position: relative; color: #74787e; font-size: 15px; line-height: 18px; margin: 0; padding: 10px 0;">Night Shift</td>
</tr>
<tr>
<td align="left" style="box-sizing: border-box; font-family: -apple-system, BlinkMacSystemFont, 'Segoe UI', Roboto, Helvetica, Arial, sans-serif, 'Apple Color Emoji', 'Segoe UI Emoji', 'Segoe UI Symbol'; position: relative; color: #74787e; font-size: 15px; line-height: 18px; margin: 0; padding: 10px 0;">17-07-2027 (Saturday)</td>
<td align="right" style="box-sizing: border-box; font-family: -apple-system, BlinkMacSystemFont, 'Segoe UI', Roboto, Helvetica, Arial, sans-serif, 'Apple Color Emoji', 'Segoe UI Emoji', 'Segoe UI Symbol'; position: relative; color: #74787e; font-size: 15px; line-height: 18px; margin: 0; padding: 10px 0;">Day Shift</td>
</tr>
<tr>
<td align="left" style="box-sizing: border-box; font-family: -apple-system, BlinkMacSystemFont, 'Segoe UI', Roboto, Helvetica, Arial, sans-serif, 'Apple Color Emoji', 'Segoe UI Emoji', 'Segoe UI Symbol'; position: relative; color: #74787e; font-size: 15px; line-height: 18px; margin: 0; padding: 10px 0;">18-07-2027 (Sunday)</td>
<td align="right" style="box-sizing: border-box; font-family: -apple-system, BlinkMacSystemFont, 'Segoe UI', Roboto, Helvetica, Arial, sans-serif, 'Apple Color Emoji', 'Segoe UI Emoji', 'Segoe UI Symbol'; position: relative; color: #74787e; font-size: 15px; line-height: 18px; margin: 0; padding: 10px 0;">Day Shift</td>
</tr>
<tr>
<td align="left" style="box-sizing: border-box; font-family: -apple-system, BlinkMacSystemFont, 'Segoe UI', Roboto, Helvetica, Arial, sans-serif, 'Apple Color Emoji', 'Segoe UI Emoji', 'Segoe UI Symbol'; position: relative; color: #74787e; font-size: 15px; line-height: 18px; margin: 0; padding: 10px 0;">19-07-2027 (Monday)</td>
<td align="right" style="box-sizing: border-box; font-family: -apple-system, BlinkMacSystemFont, 'Segoe UI', Roboto, Helvetica, Arial, sans-serif, 'Apple Color Emoji', 'Segoe UI Emoji', 'Segoe UI Symbol'; position: relative; color: #74787e; font-size: 15px; line-height: 18px; margin: 0; padding: 10px 0;">Night Shift</td>
</tr>
<tr>
<td align="left" style="box-sizing: border-box; font-family: -apple-system, BlinkMacSystemFont, 'Segoe UI', Roboto, Helvetica, Arial, sans-serif, 'Apple Color Emoji', 'Segoe UI Emoji', 'Segoe UI Symbol'; position: relative; color: #74787e; font-size: 15px; line-height: 18px; margin: 0; padding: 10px 0;">20-07-2027 (Tuesday)</td>
<td align="right" style="box-sizing: border-box; font-family: -apple-system, BlinkMacSystemFont, 'Segoe UI', Roboto, Helvetica, Arial, sans-serif, 'Apple Color Emoji', 'Segoe UI Emoji', 'Segoe UI Symbol'; position: relative; color: #74787e; font-size: 15px; line-height: 18px; margin: 0; padding: 10px 0;">Night Shift</td>
</tr>
<tr>
<td align="left" style="box-sizing: border-box; font-family: -apple-system, BlinkMacSystemFont, 'Segoe UI', Roboto, Helvetica, Arial, sans-serif, 'Apple Color Emoji', 'Segoe UI Emoji', 'Segoe UI Symbol'; position: relative; color: #74787e; font-size: 15px; line-height: 18px; margin: 0; padding: 10px 0;">21-07-2027 (Wednesday)</td>
<td align="right" style="box-sizing: border-box; font-family: -apple-system, BlinkMacSystemFont, 'Segoe UI', Roboto, Helvetica, Arial, sans-serif, 'Apple Color Emoji', 'Segoe UI Emoji', 'Segoe UI Symbol'; position: relative; color: #74787e; font-size: 15px; line-height: 18px; margin: 0; padding: 10px 0;">Night Shift</td>
</tr>
<tr>
<td align="left" style="box-sizing: border-box; font-family: -apple-system, BlinkMacSystemFont, 'Segoe UI', Roboto, Helvetica, Arial, sans-serif, 'Apple Color Emoji', 'Segoe UI Emoji', 'Segoe UI Symbol'; position: relative; color: #74787e; font-size: 15px; line-height: 18px; margin: 0; padding: 10px 0;">22-07-2027 (Thursday)</td>
<td align="right" style="box-sizing: border-box; font-family: -apple-system, BlinkMacSystemFont, 'Segoe UI', Roboto, Helvetica, Arial, sans-serif, 'Apple Color Emoji', 'Segoe UI Emoji', 'Segoe UI Symbol'; position: relative; color: #74787e; font-size: 15px; line-height: 18px; margin: 0; padding: 10px 0;">Night Shift</td>
</tr>
<tr>
<td align="left" style="box-sizing: border-box; font-family: -apple-system, BlinkMacSystemFont, 'Segoe UI', Roboto, Helvetica, Arial, sans-serif, 'Apple Color Emoji', 'Segoe UI Emoji', 'Segoe UI Symbol'; position: relative; color: #74787e; font-size: 15px; line-height: 18px; margin: 0; padding: 10px 0;">23-07-2027 (Friday)</td>
<td align="right" style="box-sizing: border-box; font-family: -apple-system, BlinkMacSystemFont, 'Segoe UI', Roboto, Helvetica, Arial, sans-serif, 'Apple Color Emoji', 'Segoe UI Emoji', 'Segoe UI Symbol'; position: relative; color: #74787e; font-size: 15px; line-height: 18px; margin: 0; padding: 10px 0;">Night Shift</td>
</tr>
<tr>
<td align="left" style="box-sizing: border-box; font-family: -apple-system, BlinkMacSystemFont, 'Segoe UI', Roboto, Helvetica, Arial, sans-serif, 'Apple Color Emoji', 'Segoe UI Emoji', 'Segoe UI Symbol'; position: relative; color: #74787e; font-size: 15px; line-height: 18px; margin: 0; padding: 10px 0;">24-07-2027 (Saturday)</td>
<td align="right" style="box-sizing: border-box; font-family: -apple-system, BlinkMacSystemFont, 'Segoe UI', Roboto, Helvetica, Arial, sans-serif, 'Apple Color Emoji', 'Segoe UI Emoji', 'Segoe UI Symbol'; position: relative; color: #74787e; font-size: 15px; line-height: 18px; margin: 0; padding: 10px 0;">Day Shift</td>
</tr>
<tr>
<td align="left" style="box-sizing: border-box; font-family: -apple-system, BlinkMacSystemFont, 'Segoe UI', Roboto, Helvetica, Arial, sans-serif, 'Apple Color Emoji', 'Segoe UI Emoji', 'Segoe UI Symbol'; position: relative; color: #74787e; font-size: 15px; line-height: 18px; margin: 0; padding: 10px 0;">25-07-2027 (Sunday)</td>
<td align="right" style="box-sizing: border-box; font-family: -apple-system, BlinkMacSystemFont, 'Segoe UI', Roboto, Helvetica, Arial, sans-serif, 'Apple Color Emoji', 'Segoe UI Emoji', 'Segoe UI Symbol'; position: relative; color: #74787e; font-size: 15px; line-height: 18px; margin: 0; padding: 10px 0;">Day Shift</td>
</tr>
<tr>
<td align="left" style="box-sizing: border-box; font-family: -apple-system, BlinkMacSystemFont, 'Segoe UI', Roboto, Helvetica, Arial, sans-serif, 'Apple Color Emoji', 'Segoe UI Emoji', 'Segoe UI Symbol'; position: relative; color: #74787e; font-size: 15px; line-height: 18px; margin: 0; padding: 10px 0;">26-07-2027 (Monday)</td>
<td align="right" style="box-sizing: border-box; font-family: -apple-system, BlinkMacSystemFont, 'Segoe UI', Roboto, Helvetica, Arial, sans-serif, 'Apple Color Emoji', 'Segoe UI Emoji', 'Segoe UI Symbol'; position: relative; color: #74787e; font-size: 15px; line-height: 18px; margin: 0; padding: 10px 0;">Night Shift</td>
</tr>
<tr>
<td align="left" style="box-sizing: border-box; font-family: -apple-system, BlinkMacSystemFont, 'Segoe UI', Roboto, Helvetica, Arial, sans-serif, 'Apple Color Emoji', 'Segoe UI Emoji', 'Segoe UI Symbol'; position: relative; color: #74787e; font-size: 15px; line-height: 18px; margin: 0; padding: 10px 0;">27-07-2027 (Tuesday)</td>
<td align="right" style="box-sizing: border-box; font-family: -apple-system, BlinkMacSystemFont, 'Segoe UI', Roboto, Helvetica, Arial, sans-serif, 'Apple Color Emoji', 'Segoe UI Emoji', 'Segoe UI Symbol'; position: relative; color: #74787e; font-size: 15px; line-height: 18px; margin: 0; padding: 10px 0;">Night Shift</td>
</tr>
<tr>
<td align="left" style="box-sizing: border-box; font-family: -apple-system, BlinkMacSystemFont, 'Segoe UI', Roboto, Helvetica, Arial, sans-serif, 'Apple Color Emoji', 'Segoe UI Emoji', 'Segoe UI Symbol'; position: relative; color: #74787e; font-size: 15px; line-height: 18px; margin: 0; padding: 10px 0;">28-07-2027 (Wednesday)</td>
<td align="right" style="box-sizing: border-box; font-family: -apple-system, BlinkMacSystemFont, 'Segoe UI', Roboto, Helvetica, Arial, sans-serif, 'Apple Color Emoji', 'Segoe UI Emoji', 'Segoe UI Symbol'; position: relative; color: #74787e; font-size: 15px; line-height: 18px; margin: 0; padding: 10px 0;">Night Shift</td>
</tr>
<tr>
<td align="left" style="box-sizing: border-box; font-family: -apple-system, BlinkMacSystemFont, 'Segoe UI', Roboto, Helvetica, Arial, sans-serif, 'Apple Color Emoji', 'Segoe UI Emoji', 'Segoe UI Symbol'; position: relative; color: #74787e; font-size: 15px; line-height: 18px; margin: 0; padding: 10px 0;">29-07-2027 (Thursday)</td>
<td align="right" style="box-sizing: border-box; font-family: -apple-system, BlinkMacSystemFont, 'Segoe UI', Roboto, Helvetica, Arial, sans-serif, 'Apple Color Emoji', 'Segoe UI Emoji', 'Segoe UI Symbol'; position: relative; color: #74787e; font-size: 15px; line-height: 18px; margin: 0; padding: 10px 0;">Night Shift</td>
</tr>
<tr>
<td align="left" style="box-sizing: border-box; font-family: -apple-system, BlinkMacSystemFont, 'Segoe UI', Roboto, Helvetica, Arial, sans-serif, 'Apple Color Emoji', 'Segoe UI Emoji', 'Segoe UI Symbol'; position: relative; color: #74787e; font-size: 15px; line-height: 18px; margin: 0; padding: 10px 0;">30-07-2027 (Friday)</td>
<td align="right" style="box-sizing: border-box; font-family: -apple-system, BlinkMacSystemFont, 'Segoe UI', Roboto, Helvetica, Arial, sans-serif, 'Apple Color Emoji', 'Segoe UI Emoji', 'Segoe UI Symbol'; position: relative; color: #74787e; font-size: 15px; line-height: 18px; margin: 0; padding: 10px 0;">Night Shift</td>
</tr>
<tr>
<td align="left" style="box-sizing: border-box; font-family: -apple-system, BlinkMacSystemFont, 'Segoe UI', Roboto, Helvetica, Arial, sans-serif, 'Apple Color Emoji', 'Segoe UI Emoji', 'Segoe UI Symbol'; position: relative; color: #74787e; font-size: 15px; line-height: 18px; margin: 0; padding: 10px 0;">31-07-2027 (Saturday)</td>
<td align="right" style="box-sizing: border-box; font-family: -apple-system, BlinkMacSystemFont, 'Segoe UI', Roboto, Helvetica, Arial, sans-serif, 'Apple Color Emoji', 'Segoe UI Emoji', 'Segoe UI Symbol'; position: relative; color: #74787e; font-size: 15px; line-height: 18px; margin: 0; padding: 10px 0;">Day Shift</td>
</tr>
<tr>
<td align="left" style="box-sizing: border-box; font-family: -apple-system, BlinkMacSystemFont, 'Segoe UI', Roboto, Helvetica, Arial, sans-serif, 'Apple Color Emoji', 'Segoe UI Emoji', 'Segoe UI Symbol'; position: relative; color: #74787e; font-size: 15px; line-height: 18px; margin: 0; padding: 10px 0;">01-08-2027 (Sunday)</td>
<td align="right" style="box-sizing: border-box; font-family: -apple-system, BlinkMacSystemFont, 'Segoe UI', Roboto, Helvetica, Arial, sans-serif, 'Apple Color Emoji', 'Segoe UI Emoji', 'Segoe UI Symbol'; position: relative; color: #74787e; font-size: 15px; line-height: 18px; margin: 0; padding: 10px 0;">Day Shift</td>
</tr>
<tr>
<td align="left" style="box-sizing: border-box; font-family: -apple-system, BlinkMacSystemFont, 'Segoe UI', Roboto, Helvetica, Arial, sans-serif, 'Apple Color Emoji', 'Segoe UI Emoji', 'Segoe UI Symbol'; position: relative; color: #74787e; font-size: 15px; line-height: 18px; margin: 0; padding: 10px 0;">02-08-2027 (Monday)</td>
<td align="right" style="box-sizing: border-box; font-family: -apple-system, BlinkMacSystemFont, 'Segoe UI', Roboto, Helvetica, Arial, sans-serif, 'Apple Color Emoji', 'Segoe UI Emoji', 'Segoe UI Symbol'; position: relative; color: #74787e; font-size: 15px; line-height: 18px; margin: 0; padding: 10px 0;">Night Shift</td>
</tr>
<tr>
<td align="left" style="box-sizing: border-box; font-family: -apple-system, BlinkMacSystemFont, 'Segoe UI', Roboto, Helvetica, Arial, sans-serif, 'Apple Color Emoji', 'Segoe UI Emoji', 'Segoe UI Symbol'; position: relative; color: #74787e; font-size: 15px; line-height: 18px; margin: 0; padding: 10px 0;">03-08-2027 (Tuesday)</td>
<td align="right" style="box-sizing: border-box; font-family: -apple-system, BlinkMacSystemFont, 'Segoe UI', Roboto, Helvetica, Arial, sans-serif, 'Apple Color Emoji', 'Segoe UI Emoji', 'Segoe UI Symbol'; position: relative; color: #74787e; font-size: 15px; line-height: 18px; margin: 0; padding: 10px 0;">Night Shift</td>
</tr>
<tr>
<td align="left" style="box-sizing: border-box; font-family: -apple-system, BlinkMacSystemFont, 'Segoe UI', Roboto, Helvetica, Arial, sans-serif, 'Apple Color Emoji', 'Segoe UI Emoji', 'Segoe UI Symbol'; position: relative; color: #74787e; font-size: 15px; line-height: 18px; margin: 0; padding: 10px 0;">04-08-2027 (Wednesday)</td>
<td align="right" style="box-sizing: border-box; font-family: -apple-system, BlinkMacSystemFont, 'Segoe UI', Roboto, Helvetica, Arial, sans-serif, 'Apple Color Emoji', 'Segoe UI Emoji', 'Segoe UI Symbol'; position: relative; color: #74787e; font-size: 15px; line-height: 18px; margin: 0; padding: 10px 0;">Night Shift</td>
</tr>
<tr>
<td align="left" style="box-sizing: border-box; font-family: -apple-system, BlinkMacSystemFont, 'Segoe UI', Roboto, Helvetica, Arial, sans-serif, 'Apple Color Emoji', 'Segoe UI Emoji', 'Segoe UI Symbol'; position: relative; color: #74787e; font-size: 15px; line-height: 18px; margin: 0; padding: 10px 0;">05-08-2027 (Thursday)</td>
<td align="right" style="box-sizing: border-box; font-family: -apple-system, BlinkMacSystemFont, 'Segoe UI', Roboto, Helvetica, Arial, sans-serif, 'Apple Color Emoji', 'Segoe UI Emoji', 'Segoe UI Symbol'; position: relative; color: #74787e; font-size: 15px; line-height: 18px; margin: 0; padding: 10px 0;">Night Shift</td>
</tr>
<tr>
<td align="left" style="box-sizing: border-box; font-family: -apple-system, BlinkMacSystemFont, 'Segoe UI', Roboto, Helvetica, Arial, sans-serif, 'Apple Color Emoji', 'Segoe UI Emoji', 'Segoe UI Symbol'; position: relative; color: #74787e; font-size: 15px; line-height: 18px; margin: 0; padding: 10px 0;">06-08-2027 (Friday)</td>
<td align="right" style="box-sizing: border-box; font-family: -apple-system, BlinkMacSystemFont, 'Segoe UI', Roboto, Helvetica, Arial, sans-serif, 'Apple Color Emoji', 'Segoe UI Emoji', 'Segoe UI Symbol'; position: relative; color: #74787e; font-size: 15px; line-height: 18px; margin: 0; padding: 10px 0;">Night Shift</td>
</tr>
<tr>
<td align="left" style="box-sizing: border-box; font-family: -apple-system, BlinkMacSystemFont, 'Segoe UI', Roboto, Helvetica, Arial, sans-serif, 'Apple Color Emoji', 'Segoe UI Emoji', 'Segoe UI Symbol'; position: relative; color: #74787e; font-size: 15px; line-height: 18px; margin: 0; padding: 10px 0;">07-08-2027 (Saturday)</td>
<td align="right" style="box-sizing: border-box; font-family: -apple-system, BlinkMacSystemFont, 'Segoe UI', Roboto, Helvetica, Arial, sans-serif, 'Apple Color Emoji', 'Segoe UI Emoji', 'Segoe UI Symbol'; position: relative; color: #74787e; font-size: 15px; line-height: 18px; margin: 0; padding: 10px 0;">Day Shift</td>
</tr>
<tr>
<td align="left" style="box-sizing: border-box; font-family: -apple-system, BlinkMacSystemFont, 'Segoe UI', Roboto, Helvetica, Arial, sans-serif, 'Apple Color Emoji', 'Segoe UI Emoji', 'Segoe UI Symbol'; position: relative; color: #74787e; font-size: 15px; line-height: 18px; margin: 0; padding: 10px 0;">08-08-2027 (Sunday)</td>
<td align="right" style="box-sizing: border-box; font-family: -apple-system, BlinkMacSystemFont, 'Segoe UI', Roboto, Helvetica, Arial, sans-serif, 'Apple Color Emoji', 'Segoe UI Emoji', 'Segoe UI Symbol'; position: relative; color: #74787e; font-size: 15px; line-height: 18px; margin: 0; padding: 10px 0;">Day Shift</td>
</tr>
<tr>
<td align="left" style="box-sizing: border-box; font-family: -apple-system, BlinkMacSystemFont, 'Segoe UI', Roboto, Helvetica, Arial, sans-serif, 'Apple Color Emoji', 'Segoe UI Emoji', 'Segoe UI Symbol'; position: relative; color: #74787e; font-size: 15px; line-height: 18px; margin: 0; padding: 10px 0;">09-08-2027 (Monday)</td>
<td align="right" style="box-sizing: border-box; font-family: -apple-system, BlinkMacSystemFont, 'Segoe UI', Roboto, Helvetica, Arial, sans-serif, 'Apple Color Emoji', 'Segoe UI Emoji', 'Segoe UI Symbol'; position: relative; color: #74787e; font-size: 15px; line-height: 18px; margin: 0; padding: 10px 0;">Night Shift</td>
</tr>
<tr>
<td align="left" style="box-sizing: border-box; font-family: -apple-system, BlinkMacSystemFont, 'Segoe UI', Roboto, Helvetica, Arial, sans-serif, 'Apple Color Emoji', 'Segoe UI Emoji', 'Segoe UI Symbol'; position: relative; color: #74787e; font-size: 15px; line-height: 18px; margin: 0; padding: 10px 0;">10-08-2027 (Tuesday)</td>
<td align="right" style="box-sizing: border-box; font-family: -apple-system, BlinkMacSystemFont, 'Segoe UI', Roboto, Helvetica, Arial, sans-serif, 'Apple Color Emoji', 'Segoe UI Emoji', 'Segoe UI Symbol'; position: relative; color: #74787e; font-size: 15px; line-height: 18px; margin: 0; padding: 10px 0;">Night Shift</td>
</tr>
<tr>
<td align="left" style="box-sizing: border-box; font-family: -apple-system, BlinkMacSystemFont, 'Segoe UI', Roboto, Helvetica, Arial, sans-serif, 'Apple Color Emoji', 'Segoe UI Emoji', 'Segoe UI Symbol'; position: relative; color: #74787e; font-size: 15px; line-height: 18px; margin: 0; padding: 10px 0;">11-08-2027 (Wednesday)</td>
<td align="right" style="box-sizing: border-box; font-family: -apple-system, BlinkMacSystemFont, 'Segoe UI', Roboto, Helvetica, Arial, sans-serif, 'Apple Color Emoji', 'Segoe UI Emoji', 'Segoe UI Symbol'; position: relative; color: #74787e; font-size: 15px; line-height: 18px; margin: 0; padding: 10px 0;">Night Shift</td>
</tr>
<tr>
<td align="left" style="box-sizing: border-box; font-family: -apple-system, BlinkMacSystemFont, 'Segoe UI', Roboto, Helvetica, Arial, sans-serif, 'Apple Color Emoji', 'Segoe UI Emoji', 'Segoe UI Symbol'; position: relative; color: #74787e; font-size: 15px; line-height: 18px; margin: 0; padding: 10px 0;">12-08-2027 (Thursday)</td>
<td align="right" style="box-sizing: border-box; font-family: -apple-system, BlinkMacSystemFont, 'Segoe UI', Roboto, Helvetica, Arial, sans-serif, 'Apple Color Emoji', 'Segoe UI Emoji', 'Segoe UI Symbol'; position: relative; color: #74787e; font-size: 15px; line-height: 18px; margin: 0; padding: 10px 0;">Night Shift</td>
</tr>
<tr>
<td align="left" style="box-sizing: border-box; font-family: -apple-system, BlinkMacSystemFont, 'Segoe UI', Roboto, Helvetica, Arial, sans-serif, 'Apple Color Emoji', 'Segoe UI Emoji', 'Segoe UI Symbol'; position: relative; color: #74787e; font-size: 15px; line-height: 18px; margin: 0; padding: 10px 0;">13-08-2027 (Friday)</td>
<td align="right" style="box-sizing: border-box; font-family: -apple-system, BlinkMacSystemFont, 'Segoe UI', Roboto, Helvetica, Arial, sans-serif, 'Apple Color Emoji', 'Segoe UI Emoji', 'Segoe UI Symbol'; position: relative; color: #74787e; font-size: 15px; line-height: 18px; margin: 0; padding: 10px 0;">Night Shift</td>
</tr>
<tr>
<td align="left" style="box-sizing: border-box; font-family: -apple-system, BlinkMacSystemFont, 'Segoe UI', Roboto, Helvetica, Arial, sans-serif, 'Apple Color Emoji', 'Segoe UI Emoji', 'Segoe UI Symbol'; position: relative; color: #74787e; font-size: 15px; line-height: 18px; margin: 0; padding: 10px 0;">14-08-2027 (Saturday)</td>
<td align="right" style="box-sizing: border-box; font-family: -apple-system, BlinkMacSystemFont, 'Segoe UI', Roboto, Helvetica, Arial, sans-serif, 'Apple Color Emoji', 'Segoe UI Emoji', 'Segoe UI Symbol'; position: relative; color: #74787e; font-size: 15px; line-height: 18px; margin: 0; padding: 10px 0;">Day Shift</td>
</tr>
<tr>
<td align="left" style="box-sizing: border-box; font-family: -apple-system, BlinkMacSystemFont, 'Segoe UI', Roboto, Helvetica, Arial, sans-serif, 'Apple Color Emoji', 'Segoe UI Emoji', 'Segoe UI Symbol'; position: relative; color: #74787e; font-size: 15px; line-height: 18px; margin: 0; padding: 10px 0;">15-08-2027 (Sunday)</td>
<td align="right" style="box-sizing: border-box; font-family: -apple-system, BlinkMacSystemFont, 'Segoe UI', Roboto, Helvetica, Arial, sans-serif, 'Apple Color Emoji', 'Segoe UI Emoji', 'Segoe UI Symbol'; position: relative; color: #74787e; font-size: 15px; line-height: 18px; margin: 0; padding: 10px 0;">Day Shift</td>
</tr>
<tr>
<td align="left" style="box-sizing: border-box; font-family: -apple-system, BlinkMacSystemFont, 'Segoe UI', Roboto, Helvetica, Arial, sans-serif, 'Apple Color Emoji', 'Segoe UI Emoji', 'Segoe UI Symbol'; position: relative; color: #74787e; font-size: 15px; line-height: 18px; margin: 0; padding: 10px 0;">16-08-2027 (Monday)</td>
<td align="right" style="box-sizing: border-box; font-family: -apple-system, BlinkMacSystemFont, 'Segoe UI', Roboto, Helvetica, Arial, sans-serif, 'Apple Color Emoji', 'Segoe UI Emoji', 'Segoe UI Symbol'; position: relative; color: #74787e; font-size: 15px; line-height: 18px; margin: 0; padding: 10px 0;">Night Shift</td>
</tr>
<tr>
<td align="left" style="box-sizing: border-box; font-family: -apple-system, BlinkMacSystemFont, 'Segoe UI', Roboto, Helvetica, Arial, sans-serif, 'Apple Color Emoji', 'Segoe UI Emoji', 'Segoe UI Symbol'; position: relative; color: #74787e; font-size: 15px; line-height: 18px; margin: 0; padding: 10px 0;">17-08-2027 (Tuesday)</td>
<td align="right" style="box-sizing: border-box; font-family: -apple-system, BlinkMacSystemFont, 'Segoe UI', Roboto, Helvetica, Arial, sans-serif, 'Apple Color Emoji', 'Segoe UI Emoji', 'Segoe UI Symbol'; position: relative; color: #74787e; font-size: 15px; line-height: 18px; margin: 0; padding: 10px 0;">Night Shift</td>
</tr>
<tr>
<td align="left" style="box-sizing: border-box; font-family: -apple-system, BlinkMacSystemFont, 'Segoe UI', Roboto, Helvetica, Arial, sans-serif, 'Apple Color Emoji', 'Segoe UI Emoji', 'Segoe UI Symbol'; position: relative; color: #74787e; font-size: 15px; line-height: 18px; margin: 0; padding: 10px 0;">18-08-2027 (Wednesday)</td>
<td align="right" style="box-sizing: border-box; font-family: -apple-system, BlinkMacSystemFont, 'Segoe UI', Roboto, Helvetica, Arial, sans-serif, 'Apple Color Emoji', 'Segoe UI Emoji', 'Segoe UI Symbol'; position: relative; color: #74787e; font-size: 15px; line-height: 18px; margin: 0; padding: 10px 0;">Night Shift</td>
</tr>
<tr>
<td align="left" style="box-sizing: border-box; font-family: -apple-system, BlinkMacSystemFont, 'Segoe UI', Roboto, Helvetica, Arial, sans-serif, 'Apple Color Emoji', 'Segoe UI Emoji', 'Segoe UI Symbol'; position: relative; color: #74787e; font-size: 15px; line-height: 18px; margin: 0; padding: 10px 0;">19-08-2027 (Thursday)</td>
<td align="right" style="box-sizing: border-box; font-family: -apple-system, BlinkMacSystemFont, 'Segoe UI', Roboto, Helvetica, Arial, sans-serif, 'Apple Color Emoji', 'Segoe UI Emoji', 'Segoe UI Symbol'; position: relative; color: #74787e; font-size: 15px; line-height: 18px; margin: 0; padding: 10px 0;">Night Shift</td>
</tr>
<tr>
<td align="left" style="box-sizing: border-box; font-family: -apple-system, BlinkMacSystemFont, 'Segoe UI', Roboto, Helvetica, Arial, sans-serif, 'Apple Color Emoji', 'Segoe UI Emoji', 'Segoe UI Symbol'; position: relative; color: #74787e; font-size: 15px; line-height: 18px; margin: 0; padding: 10px 0;">20-08-2027 (Friday)</td>
<td align="right" style="box-sizing: border-box; font-family: -apple-system, BlinkMacSystemFont, 'Segoe UI', Roboto, Helvetica, Arial, sans-serif, 'Apple Color Emoji', 'Segoe UI Emoji', 'Segoe UI Symbol'; position: relative; color: #74787e; font-size: 15px; line-height: 18px; margin: 0; padding: 10px 0;">Night Shift</td>
</tr>
<tr>
<td align="left" style="box-sizing: border-box; font-family: -apple-system, BlinkMacSystemFont, 'Segoe UI', Roboto, Helvetica, Arial, sans-serif, 'Apple Color Emoji', 'Segoe UI Emoji', 'Segoe UI Symbol'; position: relative; color: #74787e; font-size: 15px; line-height: 18px; margin: 0; padding: 10px 0;">21-08-2027 (Saturday)</td>
<td align="right" style="box-sizing: border-box; font-family: -apple-system, BlinkMacSystemFont, 'Segoe UI', Roboto, Helvetica, Arial, sans-serif, 'Apple Color Emoji', 'Segoe UI Emoji', 'Segoe UI Symbol'; position: relative; color: #74787e; font-size: 15px; line-height: 18px; margin: 0; padding: 10px 0;">Day Shift</td>
</tr>
<tr>
<td align="left" style="box-sizing: border-box; font-family: -apple-system, BlinkMacSystemFont, 'Segoe UI', Roboto, Helvetica, Arial, sans-serif, 'Apple Color Emoji', 'Segoe UI Emoji', 'Segoe UI Symbol'; position: relative; color: #74787e; font-size: 15px; line-height: 18px; margin: 0; padding: 10px 0;">22-08-2027 (Sunday)</td>
<td align="right" style="box-sizing: border-box; font-family: -apple-system, BlinkMacSystemFont, 'Segoe UI', Roboto, Helvetica, Arial, sans-serif, 'Apple Color Emoji', 'Segoe UI Emoji', 'Segoe UI Symbol'; position: relative; color: #74787e; font-size: 15px; line-height: 18px; margin: 0; padding: 10px 0;">Day Shift</td>
</tr>
<tr>
<td align="left" style="box-sizing: border-box; font-family: -apple-system, BlinkMacSystemFont, 'Segoe UI', Roboto, Helvetica, Arial, sans-serif, 'Apple Color Emoji', 'Segoe UI Emoji', 'Segoe UI Symbol'; position: relative; color: #74787e; font-size: 15px; line-height: 18px; margin: 0; padding: 10px 0;">23-08-2027 (Monday)</td>
<td align="right" style="box-sizing: border-box; font-family: -apple-system, BlinkMacSystemFont, 'Segoe UI', Roboto, Helvetica, Arial, sans-serif, 'Apple Color Emoji', 'Segoe UI Emoji', 'Segoe UI Symbol'; position: relative; color: #74787e; font-size: 15px; line-height: 18px; margin: 0; padding: 10px 0;">Night Shift</td>
</tr>
<tr>
<td align="left" style="box-sizing: border-box; font-family: -apple-system, BlinkMacSystemFont, 'Segoe UI', Roboto, Helvetica, Arial, sans-serif, 'Apple Color Emoji', 'Segoe UI Emoji', 'Segoe UI Symbol'; position: relative; color: #74787e; font-size: 15px; line-height: 18px; margin: 0; padding: 10px 0;">24-08-2027 (Tuesday)</td>
<td align="right" style="box-sizing: border-box; font-family: -apple-system, BlinkMacSystemFont, 'Segoe UI', Roboto, Helvetica, Arial, sans-serif, 'Apple Color Emoji', 'Segoe UI Emoji', 'Segoe UI Symbol'; position: relative; color: #74787e; font-size: 15px; line-height: 18px; margin: 0; padding: 10px 0;">Night Shift</td>
</tr>
<tr>
<td align="left" style="box-sizing: border-box; font-family: -apple-system, BlinkMacSystemFont, 'Segoe UI', Roboto, Helvetica, Arial, sans-serif, 'Apple Color Emoji', 'Segoe UI Emoji', 'Segoe UI Symbol'; position: relative; color: #74787e; font-size: 15px; line-height: 18px; margin: 0; padding: 10px 0;">25-08-2027 (Wednesday)</td>
<td align="right" style="box-sizing: border-box; font-family: -apple-system, BlinkMacSystemFont, 'Segoe UI', Roboto, Helvetica, Arial, sans-serif, 'Apple Color Emoji', 'Segoe UI Emoji', 'Segoe UI Symbol'; position: relative; color: #74787e; font-size: 15px; line-height: 18px; margin: 0; padding: 10px 0;">Night Shift</td>
</tr>
<tr>
<td align="left" style="box-sizing: border-box; font-family: -apple-system, BlinkMacSystemFont, 'Segoe UI', Roboto, Helvetica, Arial, sans-serif, 'Apple Color Emoji', 'Segoe UI Emoji', 'Segoe UI Symbol'; position: relative; color: #74787e; font-size: 15px; line-height: 18px; margin: 0; padding: 10px 0;">26-08-2027 (Thursday)</td>
<td align="right" style="box-sizing: border-box; font-family: -apple-system, BlinkMacSystemFont, 'Segoe UI', Roboto, Helvetica, Arial, sans-serif, 'Apple Color Emoji', 'Segoe UI Emoji', 'Segoe UI Symbol'; position: relative; color: #74787e; font-size: 15px; line-height: 18px; margin: 0; padding: 10px 0;">Night Shift</td>
</tr>
<tr>
<td align="left" style="box-sizing: border-box; font-family: -apple-system, BlinkMacSystemFont, 'Segoe UI', Roboto, Helvetica, Arial, sans-serif, 'Apple Color Emoji', 'Segoe UI Emoji', 'Segoe UI Symbol'; position: relative; color: #74787e; font-size: 15px; line-height: 18px; margin: 0; padding: 10px 0;">27-08-2027 (Friday)</td>
<td align="right" style="box-sizing: border-box; font-family: -apple-system, BlinkMacSystemFont, 'Segoe UI', Roboto, Helvetica, Arial, sans-serif, 'Apple Color Emoji', 'Segoe UI Emoji', 'Segoe UI Symbol'; position: relative; color: #74787e; font-size: 15px; line-height: 18px; margin: 0; padding: 10px 0;">Night Shift</td>
</tr>
<tr>
<td align="left" style="box-sizing: border-box; font-family: -apple-system, BlinkMacSystemFont, 'Segoe UI', Roboto, Helvetica, Arial, sans-serif, 'Apple Color Emoji', 'Segoe UI Emoji', 'Segoe UI Symbol'; position: relative; color: #74787e; font-size: 15px; line-height: 18px; margin: 0; padding: 10px 0;">28-08-2027 (Saturday)</td>
<td align="right" style="box-sizing: border-box; font-family: -apple-system, BlinkMacSystemFont, 'Segoe UI', Roboto, Helvetica, Arial, sans-serif, 'Apple Color Emoji', 'Segoe UI Emoji', 'Segoe UI Symbol'; position: relative; color: #74787e; font-size: 15px; line-height: 18px; margin: 0; padding: 10px 0;">Day Shift</td>
</tr>
<tr>
<td align="left" style="box-sizing: border-box; font-family: -apple-system, BlinkMacSystemFont, 'Segoe UI', Roboto, Helvetica, Arial, sans-serif, 'Apple Color Emoji', 'Segoe UI Emoji', 'Segoe UI Symbol'; position: relative; color: #74787e; font-size: 15px; line-height: 18px; margin: 0; padding: 10px 0;">29-08-2027 (Sunday)</td>
<td align="right" style="box-sizing: border-box; font-family: -apple-system, BlinkMacSystemFont, 'Segoe UI', Roboto, Helvetica, Arial, sans-serif, 'Apple Color Emoji', 'Segoe UI Emoji', 'Segoe UI Symbol'; position: relative; color: #74787e; font-size: 15px; line-height: 18px; margin: 0; padding: 10px 0;">Day Shift</td>
</tr>
<tr>
<td align="left" style="box-sizing: border-box; font-family: -apple-system, BlinkMacSystemFont, 'Segoe UI', Roboto, Helvetica, Arial, sans-serif, 'Apple Color Emoji', 'Segoe UI Emoji', 'Segoe UI Symbol'; position: relative; color: #74787e; font-size: 15px; line-height: 18px; margin: 0; padding: 10px 0;">30-08-2027 (Monday)</td>
<td align="right" style="box-sizing: border-box; font-family: -apple-system, BlinkMacSystemFont, 'Segoe UI', Roboto, Helvetica, Arial, sans-serif, 'Apple Color Emoji', 'Segoe UI Emoji', 'Segoe UI Symbol'; position: relative; color: #74787e; font-size: 15px; line-height: 18px; margin: 0; padding: 10px 0;">Night Shift</td>
</tr>
<tr>
<td align="left" style="box-sizing: border-box; font-family: -apple-system, BlinkMacSystemFont, 'Segoe UI', Roboto, Helvetica, Arial, sans-serif, 'Apple Color Emoji', 'Segoe UI Emoji', 'Segoe UI Symbol'; position: relative; color: #74787e; font-size: 15px; line-height: 18px; margin: 0; padding: 10px 0;">31-08-2027 (Tuesday)</td>
<td align="right" style="box-sizing: border-box; font-family: -apple-system, BlinkMacSystemFont, 'Segoe UI', Roboto, Helvetica, Arial, sans-serif, 'Apple Color Emoji', 'Segoe UI Emoji', 'Segoe UI Symbol'; position: relative; color: #74787e; font-size: 15px; line-height: 18px; margin: 0; padding: 10px 0;">Night Shift</td>
</tr>
</tbody>
</table>
</div>
<p style="box-sizing: border-box; font-family: -apple-system, BlinkMacSystemFont, 'Segoe UI', Roboto, Helvetica, Arial, sans-serif, 'Apple Color Emoji', 'Segoe UI Emoji', 'Segoe UI Symbol'; position: relative; font-size: 16px; line-height: 1.5em; margin-top: 0; text-align: left;">Regards,<br>
BranZo Techno Solution</p>



</td>
</tr>
</table>
</td>
</tr>

<tr>
<td style="box-sizing: border-box; font-family: -apple-system, BlinkMacSystemFont, 'Segoe UI', Roboto, Helvetica, Arial, sans-serif, 'Apple Color Emoji', 'Segoe UI Emoji', 'Segoe UI Symbol'; position: relative;">
<table class="footer" align="center" width="570" cellpadding="0" cellspacing="0" role="presentation" style="box-sizing: border-box; font-family: -apple-system, BlinkMacSystemFont, 'Segoe UI', Roboto, Helvetica, Arial, sans-serif, 'Apple Color Emoji', 'Segoe UI Emoji', 'Segoe UI Symbol'; position: relative; -premailer-cellpadding: 0; -premailer-cellspacing: 0; -premailer-width: 570px; margin: 0 auto; padding: 0; text-align: center; width: 570px;">
<tr>
<td class="content-cell" align="center" style="box-sizing: border-box; font-family: -apple-system, BlinkMacSystemFont, 'Segoe UI', Roboto, Helvetica, Arial, sans-serif, 'Apple Color Emoji', 'Segoe UI Emoji', 'Segoe UI Symbol'; position: relative; max-width: 100vw; padding: 32px;">
<p style="box-sizing: border-box; font-family: -apple-system, BlinkMacSystemFont, 'Segoe UI', Roboto, Helvetica, Arial, sans-serif, 'Apple Color Emoji', 'Segoe UI Emoji', 'Segoe UI Symbol'; position: relative; line-height: 1.5em; margin-top: 0; color: #b0adc5; font-size: 12px; text-align: center;">© 2026 BranZo Techno Solution. All rights reserved.</p>

</td>
</tr>
</table>
</td>
</tr>
</table>
</td>
</tr>
</table>
</body>
</html>
--m5ho83Fc--
  
